00001 144 1
00002 70 2
00004 48 1
00006 48 3
00007 96 3
00008 48 1
00010 96 6
00011 24 4
00012 32 4
00013 48 2
00015 57 3
00016 104 6
00018 134 0
00019 50 4
00020 51 3
00021 48 0
00022 79 1
00024 93 1
00025 48 3
00026 54 3
00027 72 2
00029 46 0
00031 48 3
00032 48 6
00033 47 0
00034 48 0
00037 48 2
00043 62 4
00045 47 4
00046 36 5
00048 96 1
00049 48 1
00053 48 3
00054 72 0
00055 47 0
00056 47 6
00057 320 1
00059 192 3
00060 108 0
00061 90 4
00063 45 2
00064 43 3
00065 72 6
00070 75 2
00071 71 0
00072 29 2
00073 70 0
00074 168 2
00075 78 2
00077 48 4
00078 69 0
00079 59 1
00080 71 1
00082 47 0
00083 121 0
00084 39 6
00085 48 2
00087 48 2
00089 72 0
00091 104 1
00093 49 4
00094 24 1
00095 106 2
00097 45 3
00098 75 0
00099 48 6
00101 96 6
00103 48 1
00106 119 3
00107 192 1
00108 44 6
00109 44 3
00111 48 3
00112 61 2
00113 35 0
00116 96 3
00117 48 4
00119 72 0
00120 75 1
00122 76 1
00124 118 3
00126 93 2
00127 56 4
00128 191 0
00129 48 2
00130 143 3
00131 96 1
00133 66 4
00134 110 2
00135 42 1
00136 72 3
00138 61 3
00139 69 0
00140 48 3
00141 49 2
00142 60 6
00143 48 3
00145 48 4
00146 107 0
00147 265 0
00148 72 0
00149 96 1
00150 42 1
00151 42 4
00152 67 2
00154 51 2
00155 48 3
00157 72 3
00159 73 3
00160 72 2
00161 72 0
00162 120 2
00164 57 3
00165 53 6
00166 83 3
00167 96 2
00168 130 2
00169 48 0
00170 47 3
00172 121 3
00173 58 4
00174 96 6
00175 42 2
00177 113 1
00178 120 2
00179 142 0
00180 48 3
00183 54 6
00184 46 2
00185 60 0
00186 97 1
00187 100 3
00188 48 1
00190 120 0
00191 46 0
00194 60 3
00195 82 2
00197 83 3
00199 47 0
00200 44 2
00204 22 6
00205 84 4
00206 43 3
00207 127 1
00208 72 4
00211 50 2
00212 48 4
00214 72 2
00215 120 1
00216 71 0
00217 113 3
00218 61 2
00219 66 3
00220 192 2
00221 49 2
00222 47 3
00225 48 2
00226 96 0
00227 56 6
00228 79 0
00229 52 1
00231 48 2
00232 120 1
00233 38 6
00234 48 1
00236 72 2
00240 96 3
00242 50 0
00244 48 3
00246 216 2
00248 50 0
00249 72 2
00250 120 2
00251 96 3
00252 61 3
00253 54 3
00256 71 4
00259 120 2
00260 37 4
00261 96 2
00262 24 5
00263 41 4
00264 119 4
00267 151 6
00269 48 1
00270 118 0
00271 147 3
00272 69 2
00273 48 4
00276 42 3
00277 48 2
00278 24 6
00280 95 2
00282 74 2
00283 87 1
00284 35 0
00285 69 2
00287 90 2
00290 51 6
00293 119 0
00295 96 1
00296 75 2
00297 96 3
00300 48 1
00301 75 6
00305 107 0
00308 119 2
00309 48 4
00310 45 0
00311 72 3
00312 120 2
00315 73 0
00316 48 0
00317 96 3
00318 48 2
00319 24 2
00320 65 2
00321 261 1
00324 23 6
00326 120 2
00327 48 3
00329 105 1
00331 144 1
00332 48 4
00334 48 3
00338 71 1
00339 82 0
00340 58 3
00341 95 1
00342 72 0
00343 138 3
00344 69 2
00345 130 0
00346 45 3
00348 48 3
00349 102 2
00350 314 1
00351 60 3
00352 46 0
00354 47 4
00356 38 0
00357 25 3
00358 66 6
00360 61 3
00361 72 3
00362 72 1
00363 99 2
00365 65 1
00366 71 4
00367 34 0
00368 96 2
00369 40 6
00370 51 0
00372 149 1
00373 23 3
00374 144 2
00375 48 2
00377 143 4
00378 147 1
00379 37 1
00380 54 2
00383 96 3
00384 48 4
00386 71 0
00387 47 0
00393 48 3
00394 48 0
00396 51 3
00399 75 0
00400 48 1
00401 43 3
00403 72 4
00404 105 1
00405 106 0
00408 40 3
00410 42 2
00413 48 3
00414 96 0
00415 48 0
00416 72 2
00417 39 1
00418 86 2
00420 48 2
00421 55 0
00423 127 1
00424 26 3
00426 115 6
00430 180 2
00431 70 3
00432 170 2
00433 136 4
00435 121 3
00436 32 3
00437 48 2
00438 144 2
00442 54 5
00443 41 3
00444 96 0
00445 99 1
00446 29 6
00447 24 4
00448 58 3
00449 74 3
00452 75 2
00453 48 4
00456 96 2
00457 34 0
00458 56 0
00459 71 2
00460 36 2
00461 134 6
00463 33 0
00464 42 1
00465 71 3
00466 71 4
00467 129 2
00470 48 2
00471 47 4
00472 70 3
00473 72 3
00474 48 0
00475 42 4
00477 48 0
00478 60 0
00480 70 2
00482 120 1
00485 96 1
00486 67 1
00488 101 0
00489 93 2
00490 48 2
00491 72 0
00493 47 4
00496 96 1
00497 96 0
00498 45 1
00499 86 3
00500 73 0
00501 78 6
00503 48 2
00505 56 2
00506 48 0
00507 53 2
00508 94 0
00509 48 6
00510 48 1
00512 125 1
00515 84 2
00516 214 6
00518 73 6
00519 47 0
00520 76 0
00521 47 4
00522 48 3
00523 84 6
00524 72 1
00527 60 0
00528 72 0
00529 80 1
00530 36 6
00532 119 0
00534 35 4
00535 84 3
00536 48 3
00538 54 6
00539 144 3
00540 33 1
00541 142 2
00543 115 1
00544 100 1
00545 96 0
00546 48 1
00547 36 1
00548 35 1
00549 72 0
00551 145 1
00552 85 4
00553 72 3
00555 88 1
00556 46 1
00558 50 3
00560 48 3
00563 96 3
00564 41 3
00565 64 6
00566 62 3
00569 114 3
00570 37 3
00571 114 1
00572 168 2
00573 96 6
00574 69 6
00576 48 4
00581 119 1
00582 72 2
00583 59 1
00584 44 6
00586 120 1
00587 101 1
00588 37 4
00589 100 2
00591 44 4
00592 72 1
00593 120 1
00594 167 5
00595 62 0
00596 48 0
00597 59 3
00598 58 1
00600 51 5
00602 49 3
00603 42 0
00604 45 3
00605 48 2
00606 60 3
00607 99 3
00608 72 0
00610 71 3
00611 47 2
00612 118 2
00623 48 1
00625 72 1
00626 63 1
00627 71 0
00628 99 0
00629 191 1
00631 75 0
00632 96 6
00633 115 2
00634 96 0
00636 238 0
00637 82 1
00638 47 2
00639 68 3
00640 32 6
00641 214 3
00643 144 2
00644 46 6
00645 28 3
00646 47 6
00647 48 0
00648 72 2
00650 48 2
00653 48 2
00654 143 4
00655 99 5
00656 72 0
00657 48 6
00658 72 1
00659 72 1
00661 72 3
00662 72 3
00663 48 0
00664 92 3
00665 72 2
00666 96 3
00670 179 1
00671 60 0
00674 107 0
00676 48 3
00677 72 2
00678 46 6
00683 144 3
00684 115 4
00685 144 3
00686 45 0
00689 59 2
00690 96 2
00691 43 0
00693 28 3
00694 100 0
00695 72 4
00696 125 2
00699 175 1
00700 84 4
00701 71 2
00703 69 0
00704 86 3
00705 100 1
00706 19 4
00707 48 4
00708 71 1
00709 116 6
00711 105 0
00714 150 2
00715 48 0
00716 168 5
00718 47 1
00720 144 0
00721 96 4
00722 48 0
00725 51 0
00726 24 1
00727 72 3
00728 96 4
00731 47 3
00733 86 1
00734 57 6
00736 119 0
00739 28 6
00740 56 2
00741 48 2
00742 94 0
00743 72 0
00744 42 3
00746 144 2
00747 60 4
00749 75 0
00750 95 0
00751 72 6
00752 92 2
00755 95 0
00756 67 0
00757 48 0
00759 75 4
00760 94 3
00761 72 1
00764 37 6
00765 48 3
00767 24 3
00769 48 0
00770 32 6
00771 83 3
00772 143 3
00773 79 2
00774 75 2
00775 47 4
00776 93 0
00777 48 4
00778 72 4
00780 22 6
00781 133 1
00783 31 3
00784 38 3
00785 92 0
00787 59 3
00788 31 2
00789 88 5
00790 54 0
00791 191 3
00792 72 3
00793 69 4
00797 48 3
00799 83 0
00800 36 4
00801 71 0
00802 48 4
00803 53 6
00804 48 1
00805 75 0
00806 67 0
00808 233 1
00809 72 2
00810 93 1
00813 48 2
00814 48 3
00816 116 4
00817 223 2
00818 74 1
00819 120 2
00820 168 3
00821 48 2
00822 26 3
00825 48 0
00826 96 4
00827 96 3
00829 50 3
00830 72 2
00832 47 4
00833 280 0
00836 71 4
00837 53 4
00838 70 0
00841 72 2
00843 66 5
00844 119 3
00845 75 2
00847 67 0
00848 53 0
00849 61 6
00850 72 3
00851 48 4
00852 49 2
00853 48 0
00854 114 0
00856 61 4
00857 56 3
00859 71 2
00861 48 2
00862 47 3
00865 67 0
00866 76 4
00867 120 0
00868 210 1
00869 90 0
00871 191 1
00873 96 0
00875 160 1
00876 33 6
00878 48 2
00879 74 3
00880 34 3
00882 128 2
00885 38 1
00886 66 0
00887 72 3
00890 119 2
00893 50 6
00895 99 0
00896 65 4
00897 50 6
00898 37 0
00899 48 5
00900 190 2
00902 94 6
00903 150 1
00904 48 0
00905 86 1
00906 75 0
00907 48 2
00911 72 4
00912 50 2
00913 164 3
00914 39 2
00915 50 1
00916 48 1
00917 79 0
00919 95 1
00925 72 0
00926 120 2
00928 144 3
00929 30 3
00930 120 1
00931 32 2
00934 18 4
00935 48 4
00937 94 2
00938 106 0
00939 65 4
00940 96 1
00941 144 4
00942 59 2
00945 28 2
00947 40 2
00949 98 3
00950 51 3
00951 72 2
00955 47 0
00956 47 0
00957 64 3
00960 48 0
00961 72 6
00962 28 4
00963 38 2
00965 37 1
00966 53 3
00967 96 1
00972 48 3
00975 75 2
00977 48 4
00978 48 2
00979 55 0
00981 48 4
00982 48 1
00983 114 1
00984 132 0
00985 48 1
00986 59 6
00987 56 1
00988 74 1
00989 746 1
00991 96 4
00993 35 2
00994 30 3
00995 108 2
00996 48 1
00998 67 0
00999 78 2
01000 41 6
01001 73 3
01004 216 0
01005 45 6
01006 48 4
01007 48 0
01009 49 4
01011 25 6
01013 55 0
01014 72 1
01016 39 3
01017 192 2
01021 52 4
01023 48 3
01025 95 1
01026 69 1
01027 49 2
01028 65 1
01030 48 2
01031 59 4
01032 72 0
01034 25 6
01035 96 3
01036 40 3
01037 48 5
01038 72 1
01039 118 3
01040 192 1
01041 50 6
01042 61 3
01043 239 2
01044 34 4
01046 134 2
01047 48 3
01048 63 0
01049 96 2
01051 48 0
01052 24 1
01053 128 6
01054 43 3
01055 71 3
01057 73 1
01058 48 5
01059 100 1
01060 48 6
01063 96 3
01064 45 1
01065 48 4
01066 261 0
01068 122 0
01069 43 6
01071 142 1
01073 72 0
01074 54 0
01076 100 0
01077 36 6
01078 125 3
01079 72 6
01080 48 3
01081 142 1
01082 96 2
01084 96 0
01085 120 2
01087 71 2
01088 47 0
01089 57 4
01091 48 2
01092 72 3
01093 99 6
01094 47 2
01096 87 2
01097 80 3
01098 54 4
01101 52 2
01102 84 1
01103 179 0
01105 110 0
01106 120 1
01107 40 6
01108 46 4
01109 71 0
01110 48 3
01112 98 2
01114 48 2
01116 42 3
01118 118 3
01121 63 3
01122 53 0
01123 119 0
01124 36 1
01125 22 3
01126 59 1
01127 79 3
01128 80 2
01129 85 3
01130 184 3
01132 110 0
01134 48 3
01137 86 3
01140 48 0
01142 72 2
01143 88 3
01145 95 1
01146 48 3
01148 99 4
01149 52 0
01153 61 3
01154 92 2
01157 86 0
01160 64 0
01161 66 1
01162 96 3
01163 96 4
01164 96 1
01165 48 3
01166 96 0
01167 144 0
01168 60 3
01169 72 2
01171 25 3
01172 47 0
01174 191 3
01175 58 6
01176 95 6
01177 47 3
01179 48 2
01180 116 1
01181 164 6
01183 72 6
01184 60 6
01186 50 1
01187 88 4
01188 93 3
01189 78 1
01190 67 6
01192 49 2
01193 48 3
01194 48 1
01195 150 3
01196 299 1
01198 307 6
01201 72 2
01202 63 4
01205 72 4
01206 71 2
01207 69 1
01208 93 0
01209 48 4
01210 48 1
01213 96 1
01214 48 0
01215 114 4
01216 96 1
01217 61 1
01219 107 3
01220 71 0
01221 48 1
01223 66 3
01224 26 4
01225 72 6
01226 69 0
01227 96 1
01228 82 3
01229 45 0
01231 90 1
01232 48 6
01233 36 0
01234 48 0
01235 120 1
01238 76 0
01240 86 3
01242 48 0
01243 59 1
01244 107 3
01245 47 4
01247 37 1
01248 41 0
01249 41 6
01251 143 1
01252 125 1
01253 166 5
01254 12 3
01255 85 3
01256 83 1
01257 72 3
01259 99 0
01260 149 1
01262 53 2
01263 95 2
01264 72 6
01265 48 6
01266 56 6
01267 67 0
01268 42 1
01271 21 6
01274 118 2
01277 52 6
01278 128 5
01279 72 2
01280 62 0
01282 64 6
01283 65 1
01284 70 2
01285 120 2
01286 81 6
01287 138 4
01288 99 2
01289 143 3
01291 125 1
01293 65 3
01296 96 0
01297 48 0
01298 75 4
01300 48 2
01301 85 4
01302 48 4
01305 41 0
01307 119 1
01308 70 6
01311 93 3
01313 94 0
01315 63 0
01316 60 0
01317 65 0
01318 156 2
01320 58 2
01321 48 0
01322 362 1
01324 120 1
01325 119 3
01327 48 2
01328 72 0
01330 112 3
01332 83 2
01333 72 0
01335 48 1
01337 60 4
01342 133 1
01344 72 1
01345 40 4
01347 47 2
01350 60 3
01351 24 3
01352 72 0
01353 48 4
01355 78 3
01356 72 4
01357 48 4
01358 44 3
01360 23 3
01361 108 1
01362 105 0
01363 54 3
01364 99 1
01365 131 2
01366 47 3
01367 166 2
01368 48 0
01369 120 3
01370 44 0
01371 47 4
01372 92 2
01373 81 0
01374 25 4
01375 40 3
01378 33 4
01380 48 3
01381 103 6
01382 96 4
01383 120 0
01384 29 6
01386 72 0
01388 71 2
01389 35 3
01391 72 3
01392 72 0
01394 71 3
01395 72 1
01396 95 0
01397 140 0
01399 48 2
01400 168 2
01401 64 1
01402 120 4
01404 64 0
01407 239 6
01408 96 1
01410 48 4
01411 137 3
01413 48 2
01415 119 0
01416 72 4
01417 63 6
01419 37 4
01420 54 2
01424 48 2
01427 48 2
01428 68 0
01429 48 6
01430 168 0
01431 48 3
01432 52 3
01433 72 2
01434 48 1
01435 71 2
01436 188 2
01438 24 6
01439 64 3
01440 45 0
01441 149 0
01443 48 2
01444 95 3
01445 68 1
01446 71 0
01448 41 3
01449 48 0
01450 72 3
01451 48 1
01452 48 0
01456 48 0
01460 96 0
01461 71 2
01462 103 2
01464 69 4
01465 58 4
01466 36 3
01467 71 2
01468 197 1
01469 31 0
01470 62 3
01471 36 3
01472 46 1
01473 36 0
01474 23 3
01475 286 1
01476 119 1
01477 168 1
01478 120 2
01479 72 3
01481 56 0
01482 48 1
01483 57 1
01486 68 2
01487 100 3
01488 48 6
01489 77 4
01490 95 1
01491 56 1
01493 53 5
01494 48 3
01495 124 2
01496 73 3
01497 47 6
01498 74 3
01499 47 3
01500 120 3
01502 62 3
01503 29 6
01506 142 2
01507 61 6
01508 74 1
01509 60 0
01513 95 3
01514 48 2
01515 14 6
01516 48 2
01517 48 0
01519 48 0
01520 48 2
01521 43 0
01522 71 6
01524 95 2
01525 39 6
01529 153 1
01530 17 6
01532 72 3
01533 48 2
01534 83 0
01538 88 6
01540 48 2
01541 48 2
01542 50 6
01543 79 3
01544 48 2
01545 92 1
01546 37 6
01548 61 6
01549 53 4
01550 119 3
01551 62 0
01552 52 0
01553 48 5
01554 48 0
01555 106 1
01556 48 4
01557 71 0
01558 24 0
01559 59 6
01560 72 3
01561 72 4
01562 40 4
01563 128 2
01564 73 0
01565 47 2
01567 47 4
01570 48 2
01571 48 2
01573 64 0
01574 107 2
01575 55 6
01576 96 3
01577 71 2
01580 30 6
01581 60 0
01582 30 3
01583 99 2
01584 250 2
01587 108 3
01588 96 1
01589 95 0
01591 239 2
01592 47 2
01594 48 3
01595 72 2
01597 50 4
01598 34 3
01600 48 4
01601 48 3
01602 96 0
01603 48 0
01604 74 6
01605 119 2
01611 48 2
01612 166 2
01614 96 2
01616 71 4
01617 48 4
01618 239 1
01619 158 0
01620 48 1
01621 89 3
01623 59 2
01626 53 4
01627 47 4
01628 84 6
01629 71 3
01631 105 4
01632 71 0
01633 96 1
01634 83 3
01637 91 2
01639 94 0
01640 48 6
01641 48 3
01642 115 1
01643 90 0
01644 42 0
01645 63 2
01646 48 6
01648 50 6
01651 81 3
01652 48 2
01653 56 0
01655 36 0
01657 70 3
01659 95 4
01660 84 1
01663 48 4
01664 224 2
01666 135 0
01667 48 4
01668 144 2
01669 143 2
01670 81 6
01671 42 4
01673 56 0
01674 24 4
01675 163 1
01677 70 2
01678 48 2
01679 78 2
01680 28 6
01682 72 2
01683 48 1
01684 48 0
01685 49 6
01688 33 0
01689 69 0
01690 120 1
01691 240 3
01692 84 3
01694 142 1
01695 91 3
01696 47 6
01697 39 3
01699 118 2
01700 53 3
01701 72 0
01702 72 1
01705 15 6
01706 160 3
01707 51 2
01709 96 2
01710 48 0
01711 63 2
01715 100 2
01716 144 2
01717 62 3
01718 48 4
01719 78 3
01720 48 0
01721 48 6
01722 44 6
01724 48 3
01725 72 0
01726 48 0
01727 48 2
01728 96 3
01729 96 4
01731 66 6
01732 253 3
01733 51 6
01737 48 3
01738 48 6
01739 72 6
01740 50 3
01741 96 1
01742 67 6
01745 47 1
01746 75 0
01747 75 1
01748 132 3
01749 48 0
01750 48 0
01751 44 6
01752 72 2
01753 313 1
01754 96 1
01756 72 1
01758 191 3
01759 24 0
01761 72 0
01762 72 4
01763 72 2
01766 48 3
01767 96 2
01769 48 2
01774 116 1
01776 48 0
01779 78 1
01782 48 4
01785 48 3
01787 168 2
01788 96 2
01789 96 2
01790 88 3
01791 112 0
01792 24 6
01793 54 6
01795 43 6
01798 48 1
01799 59 0
01800 48 1
01801 72 3
01802 60 1
01806 115 2
01807 47 4
01808 72 2
01810 48 1
01812 119 2
01814 73 2
01815 66 6
01816 72 3
01818 143 1
01819 89 3
01820 75 2
01821 48 2
01822 25 4
01824 59 3
01825 48 2
01827 37 3
01830 47 1
01831 62 6
01832 48 4
01834 86 4
01835 50 2
01836 34 4
01840 48 2
01842 69 0
01843 47 2
01844 78 3
01845 48 2
01846 41 4
01847 47 6
01848 48 0
01851 72 2
01852 24 2
01854 96 1
01856 47 6
01857 239 1
01858 94 0
01859 90 0
01861 99 3
01863 48 3
01865 98 6
01866 24 0
01867 119 3
01868 72 1
01870 18 6
01873 48 3
01874 48 0
01878 125 2
01879 48 0
01880 45 3
01881 216 1
01882 93 1
01883 73 6
01885 90 6
01886 118 3
01887 63 2
01888 45 3
01891 144 1
01893 62 0
01894 48 2
01896 71 3
01897 64 4
01898 72 2
01899 72 3
01900 48 6
01901 108 2
01902 48 0
01904 37 1
01905 68 0
01906 456 1
01907 70 4
01908 74 4
01909 33 5
01911 48 3
01912 72 1
01913 168 0
01915 48 0
01916 48 0
01917 96 2
01919 95 2
01920 56 1
01924 59 4
01927 72 3
01928 119 1
01929 119 0
01931 73 0
01932 48 4
01933 74 2
01934 93 2
01936 64 4
01937 72 2
01939 73 1
01942 72 0
01943 47 0
01944 48 2
01945 54 4
01946 46 3
01947 120 0
01948 72 1
01949 48 3
01950 60 0
01951 112 1
01954 92 2
01956 105 6
01957 32 6
01959 95 3
01961 48 4
01963 48 1
01964 37 4
01965 72 1
01967 70 3
01968 96 0
01969 93 2
01970 358 1
01972 44 6
01974 56 1
01975 46 0
01978 88 3
01980 72 3
01982 46 3
01983 72 4
01984 48 0
01985 239 3
01986 72 5
01987 48 3
01988 42 0
01989 56 2
01990 115 4
01994 51 0
01996 49 0
01997 96 4
01999 48 2
02000 86 6
02002 72 3
02003 72 0
02004 72 2
02006 50 1
02007 89 2
02008 72 4
02009 48 3
02011 48 6
02013 48 1
02014 48 0
02015 72 2
02017 48 3
02018 152 6
02021 48 2
02023 70 3
02024 48 2
02025 158 0
02027 72 1
02029 96 1
02031 87 3
02033 72 3
02034 56 3
02036 71 2
02038 72 1
02039 120 1
02040 41 3
02042 69 2
02043 48 0
02044 95 1
02046 47 2
02048 47 2
02049 48 5
02051 46 6
02052 144 2
02053 95 0
02054 139 2
02055 107 3
02058 119 0
02060 48 0
02061 36 6
02062 96 0
02063 96 6
02064 48 1
02065 60 3
02066 95 0
02067 49 0
02068 71 1
02069 92 2
02071 96 0
02073 56 1
02074 57 3
02076 274 1
02079 66 3
02080 72 6
02084 75 0
02085 62 3
02086 119 0
02088 54 0
02092 96 6
02093 135 1
02094 48 2
02095 62 3
02096 48 2
02097 57 3
02098 48 2
02099 51 3
02100 43 0
02101 48 0
02102 72 1
02103 144 1
02105 67 2
02106 35 3
02107 48 0
02108 35 3
02110 39 3
02112 99 6
02113 34 3
02114 60 3
02115 123 2
02119 45 3
02120 55 2
02121 50 1
02123 24 4
02124 70 0
02127 71 3
02129 57 5
02131 74 1
02132 46 0
02133 23 3
02134 48 2
02135 48 4
02137 47 0
02139 75 2
02141 48 2
02144 48 0
02146 120 0
02147 66 3
02148 48 0
02149 48 2
02150 59 6
02151 72 5
02153 52 2
02154 64 0
02155 151 3
02156 88 0
02157 92 1
02159 65 0
02160 45 3
02161 144 2
02162 110 0
02163 144 0
02164 47 0
02165 64 4
02166 71 4
02168 49 0
02169 58 3
02170 60 2
02171 71 0
02172 285 2
02174 138 2
02176 96 2
02177 48 4
02178 128 1
02179 22 5
02181 88 3
02182 115 1
02185 46 2
02186 95 2
02187 38 5
02189 48 0
02190 24 4
02192 73 0
02193 48 0
02194 104 3
02196 72 2
02198 48 1
02199 96 1
02200 42 3
02202 43 3
02203 72 1
02204 125 1
02205 73 3
02206 72 4
02209 48 4
02210 61 6
02211 81 0
02212 120 1
02213 82 2
02214 51 1
02215 96 1
02216 71 0
02218 141 0
02219 72 3
02220 72 0
02221 71 6
02224 59 1
02225 24 6
02226 48 0
02228 48 3
02229 48 2
02230 142 4
02232 47 2
02233 48 6
02234 47 2
02235 102 0
02237 71 2
02238 144 2
02239 75 3
02240 49 0
02242 48 6
02243 48 1
02244 62 5
02245 48 0
02246 94 3
02247 67 0
02248 42 1
02251 96 0
02252 120 1
02254 117 4
02255 54 2
02256 43 0
02257 72 3
02258 59 4
02259 67 0
02261 48 2
02262 55 4
02264 72 0
02265 141 4
02267 96 6
02268 75 6
02269 142 3
02270 82 2
02271 72 3
02272 65 3
02274 120 2
02275 48 3
02277 96 0
02280 216 4
02281 36 5
02283 144 2
02284 185 1
02285 60 3
02286 56 2
02287 48 1
02288 55 6
02289 48 6
02292 120 3
02293 97 6
02295 95 2
02296 75 1
02298 40 0
02301 109 6
02303 50 3
02304 63 3
02305 50 1
02306 42 0
02307 144 4
02309 47 0
02310 60 3
02311 48 2
02312 48 2
02313 72 0
02318 48 2
02319 96 0
02320 119 2
02321 96 2
02323 107 1
02324 48 2
02325 71 0
02328 48 3
02329 168 1
02330 86 3
02332 42 6
02333 78 0
02334 96 6
02335 169 2
02339 72 0
02340 62 1
02341 339 1
02343 71 3
02344 191 1
02345 56 2
02347 41 3
02348 48 2
02350 46 3
02351 44 6
02353 91 6
02354 48 6
02355 72 2
02356 68 0
02359 106 0
02360 51 2
02362 100 2
02364 307 3
02365 101 2
02366 24 5
02367 45 2
02368 71 2
02370 62 2
02373 48 0
02374 75 2
02376 167 0
02378 96 2
02379 47 3
02381 41 0
02382 84 1
02383 48 6
02384 72 2
02386 47 0
02387 95 1
02388 44 3
02389 48 3
02393 48 2
02394 48 6
02395 60 3
02396 72 3
02397 60 4
02398 48 0
02399 48 3
02400 62 1
02401 48 4
02402 94 6
02403 96 0
02404 108 3
02406 89 6
02407 63 1
02408 47 0
02409 113 4
02410 60 1
02412 34 3
02413 48 0
02414 97 2
02415 216 2
02416 48 3
02417 182 0
02419 49 4
02422 119 2
02423 116 3
02426 96 0
02427 219 0
02428 64 3
02430 84 2
02432 48 0
02434 48 6
02435 55 2
02436 69 0
02437 72 4
02438 48 2
02439 48 4
02442 72 1
02443 71 1
02444 96 1
02445 102 6
02446 59 6
02447 96 0
02448 99 0
02449 39 3
02450 75 0
02451 72 4
02453 42 4
02454 57 3
02455 24 3
02456 23 6
02458 57 0
02459 91 2
02462 48 0
02465 125 3
02467 96 5
02468 24 4
02469 78 3
02470 55 2
02471 48 3
02472 72 2
02473 72 2
02474 48 0
02475 49 0
02476 39 4
02479 48 4
02481 61 5
02482 107 1
02483 47 3
02484 187 1
02487 48 2
02489 95 6
02490 91 3
02491 100 1
02492 128 2
02495 50 4
02496 25 6
02497 46 0
02498 69 2
02499 47 2
02500 96 6
02502 72 1
02503 50 0
02504 168 3
02505 72 1
02506 47 3
02509 46 5
02511 93 1
02512 66 4
02513 48 1
02514 72 2
02515 60 2
02516 72 0
02519 48 2
02520 62 0
02522 66 5
02523 48 0
02525 94 4
02526 92 1
02528 63 2
02529 48 0
02532 48 2
02534 119 2
02535 40 2
02536 65 5
02537 39 3
02539 150 2
02540 96 3
02543 90 4
02544 37 0
02545 48 2
02546 247 1
02547 48 2
02548 37 6
02550 144 1
02551 72 0
02552 76 0
02553 120 2
02554 74 3
02555 48 1
02557 72 1
02558 48 2
02559 48 2
02560 40 1
02561 59 4
02562 95 0
02563 38 3
02564 47 3
02565 90 0
02566 43 6
02567 72 0
02569 41 1
02570 120 3
02571 124 1
02572 72 2
02577 150 0
02578 51 6
02580 47 0
02581 27 5
02582 64 0
02583 48 2
02584 48 3
02588 48 6
02589 48 0
02590 61 1
02591 53 4
02592 185 1
02593 98 3
02595 60 5
02596 92 1
02597 42 4
02599 63 3
02600 48 2
02602 29 4
02603 48 0
02605 66 1
02606 81 0
02607 72 2
02608 48 0
02609 48 0
02610 42 3
02612 86 2
02614 48 2
02615 70 2
02616 119 3
02617 120 2
02618 47 1
02619 143 0
02620 20 3
02622 121 2
02623 48 0
02625 48 0
02626 110 2
02629 58 3
02630 71 6
02632 118 2
02633 72 4
02634 75 2
02635 143 1
02636 91 6
02637 71 1
02638 35 6
02639 48 0
02640 47 2
02641 84 1
02642 334 1
02645 20 0
02647 48 0
02649 88 2
02650 46 3
02651 48 1
02654 72 1
02655 142 2
02656 37 3
02657 48 0
02658 96 2
02659 41 4
02661 97 6
02662 90 4
02663 72 2
02664 70 1
02667 72 2
02669 72 2
02670 120 0
02671 49 2
02672 96 1
02673 152 1
02675 72 6
02676 52 3
02677 55 6
02678 84 3
02679 32 3
02680 59 4
02681 48 5
02683 72 1
02684 48 2
02686 48 1
02687 16 4
02688 166 0
02689 96 3
02690 48 0
02691 28 2
02693 54 0
02695 48 2
02696 47 2
02697 70 0
02699 95 1
02700 175 2
02701 72 1
02702 106 6
02705 100 1
02706 64 2
02707 150 2
02708 46 2
02709 46 0
02710 48 0
02711 55 2
02712 61 2
02714 42 2
02716 127 2
02717 50 0
02719 85 3
02722 100 0
02723 48 0
02724 47 6
02727 109 3
02728 71 0
02729 89 2
02730 83 2
02731 129 1
02732 253 1
02735 96 0
02736 48 0
02737 48 1
02738 50 3
02739 72 2
02745 48 3
02746 32 3
02749 72 2
02752 136 2
02754 68 0
02755 87 3
02756 48 0
02757 164 3
02758 48 3
02759 72 2
02761 111 0
02762 72 3
02765 48 3
02767 72 2
02768 67 2
02769 72 0
02771 67 6
02772 53 6
02774 24 2
02775 45 3
02776 95 1
02777 60 0
02778 124 2
02779 36 6
02780 48 2
02783 166 2
02784 59 4
02785 118 2
02786 93 0
02787 72 0
02790 78 0
02791 68 3
02792 47 0
02793 82 3
02796 57 3
02797 48 2
02798 72 2
02800 55 2
02802 120 3
02803 50 3
02805 96 1
02806 40 3
02807 78 0
02811 48 0
02812 72 2
02814 52 0
02815 231 3
02816 175 3
02817 49 0
02818 170 6
02819 168 2
02820 71 2
02821 72 4
02822 48 2
02824 96 2
02826 79 3
02827 46 2
02828 48 3
02829 147 3
02830 48 2
02831 43 3
02832 48 2
02834 45 2
02838 131 1
02839 36 2
02842 62 0
02843 66 3
02844 48 1
02845 47 0
02846 96 0
02849 36 3
02850 64 0
02852 46 4
02853 71 2
02854 72 5
02855 48 4
02856 45 0
02857 118 1
02859 72 2
02860 72 6
02862 38 2
02863 71 3
02865 72 0
02866 96 2
02868 64 1
02869 82 1
02870 72 1
02871 56 0
02872 96 0
02874 69 0
02875 91 0
02876 72 0
02877 72 2
02878 287 2
02879 85 0
02881 48 2
02882 96 1
02885 96 0
02886 96 2
02887 120 3
02889 49 3
02892 48 1
02893 116 1
02894 71 2
02895 104 6
02897 95 1
02898 120 1
02899 120 1
02900 112 6
02901 54 1
02903 143 1
02905 62 6
02906 93 3
02907 96 2
02908 150 2
02909 48 0
02910 107 3
02911 55 0
02912 48 2
02913 36 0
02914 53 2
02916 48 3
02917 107 1
02918 93 0
02919 48 4
02921 96 2
02922 477 1
02923 48 0
02925 39 6
02929 48 1
02930 137 2
02931 72 2
02932 66 2
02933 48 0
02935 46 3
02936 33 4
02937 72 2
02938 66 1
02939 76 3
02940 104 1
02942 48 3
02943 48 0
02945 85 2
02946 30 4
02950 37 6
02951 219 1
02952 48 1
02955 75 2
02956 24 0
02958 46 3
02959 24 0
02960 43 3
02961 50 2
02966 49 2
02967 69 0
02968 48 1
02970 52 2
02971 100 1
02972 119 2
02974 63 0
02975 70 3
02976 144 3
02977 48 4
02978 58 0
02979 72 1
02980 143 0
02981 96 3
02984 72 1
02985 72 2
02986 83 3
02987 44 1
02988 74 1
02989 30 3
02990 45 3
02991 56 0
02992 96 2
02994 48 1
02996 79 4
02998 98 1
03000 36 2
03001 144 3
03002 72 0
03003 48 4
03004 72 4
03006 29 3
03007 94 4
03008 72 3
03009 70 3
03011 105 2
03012 88 3
03015 88 1
03019 48 0
03020 159 0
03022 48 0
03024 88 2
03026 56 3
03028 72 0
03029 96 2
03030 35 5
03032 96 2
03033 48 1
03034 244 1
03035 99 3
03036 119 0
03038 35 4
03041 72 2
03042 72 0
03043 66 0
03045 51 4
03051 72 3
03052 144 1
03053 70 2
03054 48 2
03055 71 2
03056 71 2
03057 96 0
03059 71 2
03060 167 6
03061 120 4
03062 72 3
03063 43 0
03064 96 3
03065 72 2
03066 59 0
03067 96 0
03068 146 2
03069 105 1
03070 37 3
03072 48 4
03073 97 0
03075 72 2
03077 44 3
03078 48 2
03079 48 1
03080 48 3
03082 71 3
03083 68 2
03085 43 2
03087 144 1
03088 41 3
03090 71 0
03091 110 0
03092 50 2
03093 94 6
03096 52 6
03097 104 0
03098 48 2
03099 73 6
03101 48 2
03102 40 0
03103 48 1
03106 239 1
03107 24 2
03108 48 0
03110 48 2
03111 48 0
03113 48 0
03114 25 4
03115 47 0
03116 47 0
03117 93 1
03118 48 3
03119 72 2
03120 72 2
03122 60 2
03124 48 1
03127 75 3
03128 72 2
03129 56 0
03130 56 1
03131 51 0
03132 48 3
03134 67 0
03135 96 6
03136 144 1
03137 63 0
03138 143 3
03139 72 2
03140 43 2
03141 50 4
03143 48 2
03144 24 0
03145 56 3
03149 24 4
03151 96 2
03152 49 2
03154 34 2
03155 48 2
03157 89 0
03158 143 0
03159 95 1
03161 106 1
03162 55 2
03164 48 6
03165 119 2
03166 143 0
03167 72 2
03168 120 2
03170 41 1
03171 190 1
03172 68 0
03175 48 2
03177 48 2
03178 168 3
03180 96 2
03181 96 1
03183 96 0
03184 59 1
03185 48 0
03186 125 0
03187 96 3
03188 37 6
03189 37 1
03191 52 6
03192 48 6
03193 54 2
03194 63 3
03195 143 1
03196 96 1
03199 48 0
03200 46 0
03202 81 6
03204 50 3
03209 40 4
03212 72 0
03213 65 6
03214 72 1
03215 144 1
03216 51 2
03218 48 0
03219 45 0
03220 37 4
03223 119 0
03225 79 2
03228 96 1
03230 30 6
03232 72 0
03233 174 3
03234 48 3
03235 38 3
03238 65 3
03239 45 0
03240 36 2
03241 72 3
03242 26 2
03243 72 0
03244 76 2
03245 114 1
03246 48 0
03247 47 0
03248 48 0
03249 96 2
03250 47 3
03251 143 0
03252 95 0
03257 48 6
03258 71 0
03259 106 5
03262 75 0
03264 48 2
03265 203 2
03266 73 0
03267 54 3
03268 119 4
03269 48 0
03270 48 2
03271 96 0
03272 69 4
03273 48 1
03274 58 4
03275 96 1
03276 48 1
03278 46 4
03279 96 3
03281 72 0
03282 136 6
03283 48 4
03284 37 0
03285 89 5
03287 44 6
03289 72 1
03291 45 2
03292 185 3
03295 120 6
03297 215 5
03298 75 3
03299 138 1
03300 46 0
03301 43 1
03303 52 2
03304 36 0
03306 78 4
03307 48 2
03308 72 6
03310 50 0
03311 48 1
03312 191 0
03315 124 6
03316 72 0
03317 47 3
03318 59 1
03319 48 2
03320 91 1
03322 35 0
03324 48 2
03325 37 6
03327 81 2
03328 138 1
03330 240 0
03331 60 0
03332 62 0
03334 65 1
03338 48 3
03339 70 2
03340 48 4
03341 36 0
03342 80 2
03343 108 1
03344 69 3
03346 26 2
03347 79 3
03349 14 5
03351 42 6
03352 96 1
03353 48 6
03354 72 3
03357 120 1
03358 77 2
03359 71 1
03361 43 6
03363 51 4
03365 45 4
03366 48 1
03367 96 1
03368 24 4
03370 168 2
03371 90 1
03372 111 0
03373 96 1
03374 93 6
03375 42 6
03376 148 1
03377 48 6
03379 96 3
03381 85 5
03383 60 3
03384 88 1
03385 42 0
03386 24 1
03387 126 6
03388 75 6
03391 70 0
03392 24 3
03393 47 3
03394 144 1
03395 74 1
03396 71 0
03397 107 1
03398 72 0
03399 71 2
03400 52 2
03401 72 0
03403 207 1
03404 118 2
03405 85 1
03406 72 2
03410 47 6
03411 47 4
03414 71 2
03415 97 0
03419 48 3
03420 48 2
03421 72 2
03422 92 0
03423 72 3
03424 120 3
03425 48 6
03426 111 0
03428 75 0
03429 111 1
03430 120 2
03432 96 0
03433 71 2
03434 48 0
03438 94 1
03439 50 1
03441 248 1
03443 72 0
03444 79 1
03445 68 1
03446 47 2
03447 48 3
03448 72 0
03450 82 1
03452 68 3
03455 48 0
03460 72 2
03462 48 3
03465 38 3
03466 56 3
03467 76 3
03468 78 2
03469 72 6
03471 72 6
03472 95 1
03474 52 6
03476 72 2
03477 131 1
03478 96 3
03479 72 0
03481 74 1
03482 39 6
03483 89 0
03484 139 3
03485 96 0
03486 48 6
03487 96 0
03490 64 3
03493 66 4
03494 41 4
03496 123 2
03497 24 0
03498 78 0
03499 119 1
03501 76 1
03502 47 2
03504 48 0
03507 48 3
03509 72 2
03510 48 1
03511 64 0
03512 48 2
03514 46 1
03516 77 3
03517 60 0
03518 48 1
03519 72 4
03520 58 3
03522 96 2
03523 139 1
03524 71 4
03525 48 4
03526 71 2
03527 48 2
03528 48 3
03529 70 0
03530 48 0
03531 70 4
03533 50 4
03536 114 6
03537 88 1
03538 48 3
03539 48 0
03540 71 0
03541 48 1
03542 116 0
03543 48 0
03545 48 4
03546 82 3
03547 48 4
03548 94 1
03549 96 4
03550 72 3
03551 47 3
03552 30 3
03553 48 2
03555 61 2
03556 154 1
03557 56 6
03559 60 3
03560 84 3
03561 100 0
03563 186 0
03564 72 1
03565 71 4
03566 48 0
03567 96 0
03569 24 3
03570 37 2
03571 120 1
03572 72 1
03573 111 3
03575 93 4
03578 94 2
03579 24 4
03580 36 6
03581 40 3
03584 72 4
03586 96 2
03587 48 4
03588 86 0
03589 133 3
03590 48 2
03591 143 0
03592 72 2
03593 72 1
03594 72 2
03595 96 4
03597 96 0
03598 96 0
03602 29 3
03603 120 0
03604 48 6
03605 25 2
03606 95 3
03608 67 4
03609 47 0
03610 72 2
03612 96 4
03613 105 2
03614 48 0
03615 96 1
03616 78 1
03617 24 1
03618 34 2
03620 48 0
03622 48 0
03623 71 6
03625 35 6
03626 144 1
03628 62 1
03629 96 2
03632 36 0
03633 146 6
03635 90 1
03636 377 3
03637 60 2
03638 124 6
03639 120 0
03641 62 1
03642 96 3
03643 48 4
03644 119 2
03646 59 0
03648 47 2
03650 82 0
03652 75 3
03654 84 4
03655 209 1
03658 48 2
03659 61 3
03661 62 2
03663 48 6
03664 70 0
03665 119 1
03666 23 2
03667 45 3
03668 72 4
03669 102 1
03670 48 1
03671 51 6
03672 48 1
03673 48 2
03674 117 1
03675 26 6
03677 103 1
03678 24 0
03679 25 6
03683 48 1
03684 95 1
03685 24 6
03686 24 3
03689 64 4
03692 243 3
03693 119 1
03694 72 3
03696 64 6
03697 144 1
03699 76 1
03700 48 1
03701 48 4
03703 72 0
03704 59 2
03705 26 6
03706 72 1
03708 41 4
03710 48 2
03711 47 3
03712 96 2
03715 72 3
03717 60 0
03718 36 3
03719 72 3
03723 66 2
03727 168 0
03730 45 0
03731 176 2
03732 70 1
03733 71 0
03734 96 3
03735 44 0
03736 65 3
03737 96 1
03739 59 1
03740 47 2
03741 65 6
03742 48 2
03743 52 0
03745 88 3
03749 48 2
03750 75 6
03751 53 4
03753 48 1
03756 72 0
03758 46 3
03760 48 0
03761 68 0
03763 120 1
03764 70 3
03767 153 0
03768 72 2
03769 96 2
03771 43 4
03772 95 3
03773 120 1
03774 83 4
03775 86 3
03776 51 1
03777 41 3
03778 215 6
03779 60 6
03780 47 3
03781 47 2
03782 72 2
03784 72 1
03785 67 1
03786 58 1
03787 48 1
03788 120 1
03789 63 0
03793 59 3
03794 26 3
03797 48 6
03798 72 0
03799 169 6
03800 48 0
03801 241 2
03803 48 0
03804 66 1
03807 48 2
03808 96 4
03810 119 0
03811 71 2
03812 92 1
03814 72 4
03815 56 6
03816 96 3
03817 109 6
03818 61 1
03819 110 0
03820 46 0
03821 71 3
03822 72 3
03823 68 4
03824 80 3
03826 47 0
03828 50 1
03829 118 4
03830 52 2
03832 47 2
03833 58 6
03835 96 0
03836 72 3
03837 111 1
03840 71 0
03841 48 1
03842 48 3
03843 48 0
03845 45 0
03846 36 6
03848 96 0
03849 72 1
03850 29 4
03851 48 4
03852 95 4
03853 68 2
03854 48 1
03855 112 3
03856 62 4
03857 46 2
03858 85 0
03859 48 2
03860 161 3
03861 49 2
03862 83 2
03863 147 2
03864 189 2
03865 90 1
03867 60 0
03868 48 2
03869 48 2
03870 46 1
03872 35 2
03873 71 2
03876 48 3
03878 96 2
03880 96 2
03882 200 2
03883 35 5
03885 55 4
03888 143 2
03891 48 4
03893 68 2
03894 48 3
03895 59 4
03896 67 3
03897 48 0
03898 95 4
03900 36 2
03901 42 1
03902 50 1
03903 73 2
03904 83 0
03905 103 3
03906 40 3
03907 49 3
03909 47 2
03910 46 1
03911 88 1
03914 87 4
03915 119 4
03917 48 0
03919 168 2
03920 48 2
03922 72 0
03925 75 2
03926 96 3
03927 48 1
03928 72 3
03931 31 4
03932 116 0
03936 75 6
03939 93 4
03940 55 0
03941 96 2
03942 48 0
03943 48 3
03945 20 6
03946 50 4
03947 50 0
03949 64 3
03950 48 4
03951 120 2
03954 103 2
03955 144 0
03956 48 0
03960 120 1
03961 48 2
03963 48 4
03964 36 3
03966 58 3
03967 48 4
03968 88 1
03970 48 2
03971 46 6
03972 143 1
03973 72 2
03974 173 1
03976 82 2
03977 72 2
03979 32 6
03980 72 4
03981 71 0
03983 48 1
03984 36 6
03985 96 2
03987 216 1
03988 59 2
03989 176 0
03990 147 1
03991 119 1
03992 50 1
03993 62 0
03995 60 2
03996 47 0
03997 48 1
03998 48 2
03999 64 3
04000 35 2
04001 110 4
04002 66 6
04004 120 0
04007 119 1
04008 96 2
04009 74 0
04010 71 0
04011 71 2
04014 50 6
04016 73 2
04021 83 2
04022 119 0
04023 96 2
04024 98 3
04025 72 1
04026 56 0
04028 42 0
04029 72 2
04030 72 2
04031 96 4
04032 50 0
04033 74 1
04034 38 4
04037 168 2
04039 48 4
04040 63 1
04041 48 6
04043 72 3
04046 120 3
04047 48 1
04048 52 6
04049 180 3
04050 48 4
04052 52 1
04053 47 4
04055 48 2
04056 50 0
04057 47 3
04059 48 6
04060 96 2
04063 96 1
04064 60 0
04065 60 0
04067 72 1
04068 91 3
04069 24 1
04070 96 2
04071 120 2
04072 48 6
04074 94 3
04075 83 1
04077 74 2
04078 48 3
04079 119 2
04080 48 2
04082 46 6
04083 140 2
04084 119 0
04085 96 2
04088 69 1
04089 217 1
04090 61 1
04091 144 3
04097 48 0
04098 53 0
04099 72 4
04100 47 3
04102 49 0
04103 48 6
04104 40 6
04105 56 0
04106 46 0
04107 110 1
04108 96 0
04109 35 0
04110 72 3
04113 33 3
04114 59 3
04116 49 6
04119 115 1
04120 119 0
04121 60 6
04122 144 6
04124 65 2
04125 104 2
04126 47 2
04127 24 0
04129 24 3
04130 96 2
04131 23 3
04132 144 3
04134 72 2
04135 311 0
04137 72 2
04139 58 6
04140 96 1
04141 60 4
04144 69 0
04145 48 3
04147 48 0
04149 48 3
04150 259 6
04151 58 3
04153 48 0
04154 66 0
04155 48 0
04156 39 6
04157 44 6
04158 74 3
04159 71 3
04160 69 6
04161 48 2
04162 72 2
04163 72 1
04164 47 2
04165 48 1
04166 33 1
04168 91 0
04169 68 2
04171 48 2
04173 73 3
04174 95 1
04175 149 0
04176 89 1
04180 48 0
04182 72 1
04185 144 2
04189 48 0
04191 56 1
04192 47 6
04193 48 3
04194 38 6
04196 48 0
04198 17 6
04199 61 6
04202 72 6
04204 83 0
04205 66 6
04207 47 6
04208 24 1
04209 120 2
04211 48 6
04212 45 6
04216 60 1
04218 144 2
04219 71 2
04221 47 2
04223 74 2
04224 71 3
04232 143 4
04233 72 4
04234 96 1
04235 61 0
04237 94 0
04238 78 6
04239 48 2
04240 130 1
04241 140 3
04244 72 6
04245 34 1
04246 71 2
04247 48 4
04248 71 0
04249 80 4
04251 72 0
04253 60 0
04255 144 1
04257 78 3
04258 103 4
04259 48 0
04261 210 2
04263 82 3
04267 122 2
04268 106 1
04270 24 4
04274 63 1
04278 130 2
04279 94 2
04280 191 2
04282 79 1
04283 62 0
04285 89 4
04287 72 4
04289 24 3
04293 72 6
04294 46 0
04295 48 2
04297 58 2
04298 49 4
04299 78 3
04300 72 2
04301 144 2
04303 95 1
04305 100 3
04307 47 3
04308 24 4
04309 77 2
04310 70 0
04312 48 4
04314 71 0
04315 95 1
04316 69 2
04317 94 1
04318 54 0
04319 50 3
04320 60 3
04322 72 0
04325 32 0
04326 52 3
04328 121 0
04330 120 1
04331 237 1
04332 72 1
04334 69 0
04335 38 3
04336 48 1
04337 60 0
04338 72 1
04339 47 4
04340 96 0
04341 59 0
04342 48 4
04343 96 3
04344 48 2
04345 135 0
04348 70 2
04350 48 2
04352 93 0
04353 168 3
04356 96 3
04357 58 4
04358 144 2
04359 90 1
04360 136 1
04362 96 0
04364 86 4
04365 73 2
04367 168 3
04369 72 2
04370 60 4
04372 117 2
04376 68 4
04377 71 0
04378 89 0
04380 47 2
04381 64 0
04382 64 2
04384 72 3
04385 95 1
04387 79 0
04388 47 2
04389 121 2
04391 72 3
04392 72 6
04395 48 2
04398 48 3
04399 72 4
04400 75 1
04401 76 0
04402 48 3
04403 47 2
04404 70 3
04405 142 4
04406 95 1
04407 100 4
04408 36 3
04409 48 0
04410 126 1
04411 48 3
04412 47 2
04413 47 0
04414 96 0
04415 72 0
04417 95 4
04418 96 0
04420 48 2
04421 89 1
04423 86 3
04424 36 1
04425 48 3
04427 153 6
04429 18 3
04436 48 0
04437 125 1
04438 47 0
04439 57 0
04440 120 0
04447 106 3
04448 119 3
04449 44 3
04450 59 0
04451 144 4
04452 82 0
04453 83 3
04454 68 2
04455 144 1
04456 195 1
04457 70 6
04458 72 0
04459 178 1
04460 72 0
04461 48 3
04462 48 4
04464 64 2
04468 144 1
04469 47 0
04470 19 3
04471 213 1
04473 48 2
04474 72 1
04475 48 1
04476 44 3
04477 48 2
04478 48 0
04480 106 3
04481 24 6
04482 60 2
04483 34 0
04486 105 4
04487 55 3
04488 86 2
04491 50 3
04492 48 2
04493 82 0
04494 76 0
04495 192 2
04497 92 2
04498 72 2
04499 135 1
04500 72 2
04501 46 4
04502 71 6
04503 70 3
04504 47 1
04505 65 0
04507 17 3
04508 72 4
04510 47 0
04511 48 4
04512 64 3
04513 71 1
04516 53 1
04517 216 1
04518 72 1
04519 84 2
04521 87 4
04522 47 2
04524 48 4
04525 95 2
04526 51 4
04527 72 3
04528 144 6
04533 216 1
04535 48 4
04536 66 1
04537 41 2
04540 48 1
04541 114 0
04542 72 0
04543 48 0
04544 72 2
04546 48 3
04547 47 1
04548 96 1
04549 48 1
04550 48 1
04552 55 3
04554 96 3
04555 18 1
04556 48 2
04557 96 2
04558 48 3
04559 119 5
04560 72 3
04561 11 0
04562 71 2
04563 149 3
04564 101 2
04566 47 2
04567 59 0
04569 71 0
04570 99 2
04571 94 4
04572 87 4
04573 96 0
04574 48 0
04575 72 2
04576 48 6
04577 77 0
04578 98 2
04580 29 2
04581 64 0
04584 68 3
04585 50 3
04586 48 6
04587 66 3
04588 48 1
04589 120 2
04590 86 2
04592 105 4
04593 48 2
04595 72 3
04597 35 1
04598 73 2
04599 87 1
04600 56 2
04601 96 3
04602 56 2
04605 190 1
04606 81 3
04607 48 3
04610 46 3
04611 38 2
04612 48 0
04615 49 3
04616 95 1
04617 96 3
04618 48 3
04619 144 2
04620 108 2
04621 48 0
04623 79 0
04624 75 0
04625 161 2
04626 64 0
04627 85 4
04628 48 3
04629 85 0
04630 129 1
04632 50 0
04633 175 1
04634 70 1
04635 46 6
04636 124 4
04642 48 0
04644 162 1
04646 32 4
04647 121 3
04649 84 3
04650 51 6
04651 58 4
04652 100 0
04654 110 0
04656 85 2
04657 72 4
04658 67 2
04659 72 2
04660 96 1
04661 86 3
04662 51 4
04664 72 3
04665 73 0
04666 48 2
04667 100 3
04668 145 0
04669 141 3
04670 24 4
04671 95 4
04672 96 3
04673 50 0
04674 69 0
04678 50 2
04679 124 0
04680 63 1
04681 46 0
04684 72 0
04685 72 3
04686 46 3
04687 43 6
04688 64 0
04692 72 1
04693 96 6
04694 48 0
04695 46 2
04699 47 4
04701 47 1
04702 72 0
04704 48 0
04705 43 0
04706 47 2
04708 72 2
04709 72 4
04710 48 2
04713 71 0
04719 48 1
04720 61 0
04721 48 2
04722 47 3
04723 96 0
04724 72 2
04725 48 2
04727 52 3
04728 39 3
04729 72 0
04730 72 4
04732 72 2
04733 45 6
04734 70 1
04737 87 2
04738 72 1
04739 47 4
04743 98 0
04744 71 6
04745 91 2
04746 60 3
04748 40 6
04749 72 1
04750 96 2
04753 48 4
04754 53 3
04755 37 0
04756 93 0
04757 143 0
04759 80 3
04760 82 0
04761 233 0
04762 120 2
04763 48 2
04764 47 3
04768 55 1
04769 119 0
04771 38 1
04772 96 3
04773 48 2
04776 167 2
04777 23 1
04778 95 2
04779 42 4
04781 200 0
04784 48 0
04786 75 6
04787 168 2
04789 84 2
04790 40 0
04791 47 3
04792 82 0
04795 119 1
04796 72 2
04797 48 5
04798 225 0
04799 200 2
04800 48 3
04801 59 6
04802 50 0
04803 55 6
04804 120 2
04805 77 2
04806 48 4
04807 48 6
04808 75 1
04809 168 0
04810 113 6
04811 96 0
04812 47 1
04813 56 2
04815 59 3
04817 57 6
04818 67 1
04819 61 0
04822 191 1
04824 104 3
04825 69 6
04827 82 1
04829 72 4
04830 72 6
04832 48 2
04833 95 0
04835 94 3
04836 72 2
04837 71 1
04839 129 1
04841 70 1
04843 24 3
04844 71 3
04845 95 3
04846 72 1
04849 120 3
04850 38 0
04851 48 4
04853 48 3
04855 146 2
04858 48 0
04859 48 4
04860 73 2
04861 30 6
04863 53 0
04864 74 2
04866 24 3
04867 24 2
04868 72 4
04872 48 0
04873 90 0
04874 94 0
04875 70 0
04876 119 6
04877 84 2
04878 72 0
04879 84 6
04882 40 2
04883 39 3
04884 96 3
04885 144 2
04888 48 3
04889 45 0
04890 48 0
04891 142 2
04892 45 4
04893 96 3
04894 72 0
04896 94 3
04897 96 0
04898 48 2
04899 94 0
04900 84 1
04901 72 0
04903 167 2
04904 71 2
04905 192 1
04906 72 4
04909 43 2
04910 48 0
04912 38 4
04915 192 0
04916 72 2
04917 72 2
04918 78 4
04919 45 4
04920 72 1
04922 72 4
04923 57 0
04924 46 4
04925 96 2
04927 40 6
04928 47 4
04930 72 3
04931 234 3
04933 48 2
04934 48 0
04935 72 1
04936 48 0
04937 74 3
04938 95 2
04939 129 6
04940 96 4
04941 23 6
04942 72 2
04943 48 2
04944 78 6
04945 77 3
04947 48 0
04948 47 2
04949 201 1
04950 74 3
04951 48 4
04952 100 0
04953 24 4
04954 131 1
04956 69 0
04957 81 3
04958 96 4
04959 71 0
04960 48 3
04961 72 0
04962 96 2
04966 54 6
04967 167 1
04969 44 0
04971 19 5
04972 48 0
04974 81 3
04975 43 4
04978 95 2
04980 28 6
04981 23 5
04982 159 3
04983 48 2
04984 39 6
04985 47 0
04986 96 1
04989 69 3
04991 168 0
04992 58 6
04993 73 2
04995 118 3
04996 119 2
04997 48 2
04998 50 6
04999 40 1
05000 96 0
05001 48 4
05002 71 0
05006 47 2
05007 96 3
05008 34 3
05010 72 2
05013 120 1
05014 96 4
05016 47 0
05017 51 2
05022 168 2
05023 70 0
05024 28 6
05025 48 0
05028 216 0
05029 48 0
05033 30 6
05035 100 3
05036 96 0
05037 144 1
05038 92 4
05042 96 3
05044 48 3
05046 96 0
05047 93 2
05049 72 1
05050 72 3
05051 59 3
05054 72 0
05055 94 3
05057 43 4
05060 52 0
05061 48 0
05063 47 1
05064 33 3
05065 120 1
05066 72 1
05067 96 0
05068 48 4
05069 84 3
05070 192 0
05072 48 3
05073 69 1
05074 168 0
05077 63 4
05078 74 3
05079 46 2
05080 47 3
05082 262 1
05083 84 3
05084 58 6
05085 96 6
05087 146 2
05088 81 6
05089 48 4
05090 71 0
05091 71 1
05092 144 2
05094 77 3
05095 72 1
05096 44 1
05097 55 6
05098 58 0
05099 68 4
05101 126 2
05103 48 3
05104 71 3
05105 100 2
05107 48 2
05108 48 2
05109 48 4
05110 70 3
05111 166 0
05112 72 2
05113 46 4
05114 30 6
05115 48 3
05118 96 3
05120 67 3
05121 51 3
05122 72 3
05123 48 2
05125 45 6
05126 48 0
05128 191 1
05129 48 3
05130 196 1
05131 95 3
05132 48 0
05133 100 0
05134 71 4
05137 83 1
05139 194 0
05141 62 6
05142 72 1
05143 40 1
05144 41 0
05147 66 0
05148 77 6
05149 68 0
05150 78 4
05151 120 3
05152 84 4
05154 69 1
05155 48 3
05156 108 1
05157 498 0
05158 75 4
05161 48 1
05162 56 4
05164 48 2
05166 54 0
05168 95 0
05170 72 0
05171 216 3
05172 72 0
05173 114 2
05175 50 6
05176 50 6
05180 65 0
05181 168 2
05182 69 3
05183 135 3
05184 48 0
05185 285 1
05186 48 3
05187 38 6
05188 48 6
05189 75 3
05190 48 2
05191 24 4
05192 60 2
05193 62 1
05194 24 1
05196 42 0
05197 83 0
05199 47 4
05201 167 0
05202 47 2
05204 61 4
05206 50 0
05207 48 4
05209 35 6
05210 21 4
05211 48 4
05213 75 3
05214 96 0
05216 56 5
05217 61 3
05218 81 3
05219 110 2
05220 168 2
05221 71 1
05222 96 1
05223 39 3
05224 90 2
05226 72 2
05227 407 1
05228 46 0
05229 83 2
05230 148 1
05232 51 0
05233 48 1
05234 72 0
05235 69 4
05236 62 6
05237 48 1
05238 66 1
05239 80 5
05241 80 4
05242 47 2
05243 95 4
05244 46 4
05245 75 2
05246 48 3
05247 69 6
05248 75 3
05249 71 2
05250 67 6
05251 48 2
05253 66 3
05254 48 2
05255 86 1
05256 93 3
05259 120 4
05261 90 2
05263 72 6
05264 94 2
05265 96 6
05268 46 1
05270 48 4
05272 264 1
05273 48 2
05274 97 3
05275 48 4
05278 144 1
05279 66 1
05280 118 1
05281 71 2
05282 48 3
05283 63 1
05284 48 3
05285 72 0
05286 22 6
05288 100 4
05290 23 4
05291 27 2
05292 39 3
05294 72 1
05297 48 6
05299 76 3
05300 42 0
05301 48 1
05303 27 4
05304 53 6
05306 97 1
05307 115 0
05308 57 0
05310 59 3
05311 48 0
05312 75 4
05313 50 3
05315 48 2
05316 47 4
05318 148 4
05319 72 1
05320 96 0
05321 47 4
05322 39 6
05323 50 1
05324 114 3
05325 59 3
05326 48 5
05327 93 6
05328 46 1
05329 48 0
05331 48 1
05332 144 1
05334 75 2
05335 62 4
05336 141 3
05337 55 4
05339 125 2
05340 72 2
05341 35 6
05342 190 4
05344 72 0
05345 48 0
05346 71 2
05349 24 6
05350 106 1
05354 34 4
05355 53 6
05356 168 2
05357 25 0
05358 72 4
05360 72 3
05362 100 3
05363 54 3
05364 47 4
05366 96 2
05369 42 4
05370 144 1
05371 40 0
05372 31 1
05373 59 1
05374 65 2
05375 95 1
05376 54 1
05378 24 4
05379 167 2
05380 72 1
05381 62 2
05383 47 4
05385 48 1
05386 66 3
05389 80 2
05390 24 4
05392 72 3
05393 144 3
05395 48 3
05396 149 0
05400 97 1
05402 51 0
05403 117 3
05404 104 4
05405 83 0
05406 96 0
05407 69 0
05408 120 2
05411 72 3
05414 71 6
05416 72 0
05417 89 3
05418 134 1
05419 81 1
05421 72 0
05422 71 4
05423 75 0
05425 72 2
05426 48 4
05427 98 1
05428 144 3
05429 168 1
05430 48 3
05431 96 1
05432 72 2
05433 96 0
05434 60 0
05435 47 3
05436 48 2
05437 120 4
05438 48 4
05439 46 0
05440 95 0
05441 70 4
05442 47 3
05443 48 1
05444 48 3
05445 72 3
05448 33 4
05449 94 2
05450 88 0
05452 80 0
05453 72 2
05454 108 1
05455 23 0
05456 33 4
05457 72 2
05459 71 4
05460 87 0
05461 26 3
05462 48 3
05463 41 2
05464 120 6
05465 60 5
05466 34 0
05467 48 3
05468 89 1
05469 96 1
05471 73 2
05472 96 3
05473 143 2
05475 47 4
05477 102 0
05478 103 1
05480 170 2
05482 199 6
05486 70 2
05487 47 4
05488 72 0
05490 60 4
05491 42 0
05494 24 6
05495 66 2
05497 104 3
05499 72 2
05500 126 2
05501 207 1
05503 95 1
05505 48 2
05507 46 3
05508 48 4
05509 78 3
05510 48 3
05511 72 4
05513 192 2
05514 29 2
05516 62 0
05517 110 1
05518 147 2
05519 42 3
05520 73 0
05521 46 1
05522 96 0
05523 123 3
05526 128 3
05527 47 2
05529 71 3
05530 120 3
05531 60 6
05532 71 1
05533 68 2
05534 48 4
05535 96 2
05536 52 0
05537 71 4
05539 48 2
05540 48 2
05541 96 0
05542 24 3
05543 97 1
05544 137 4
05545 48 3
05546 64 2
05547 119 0
05548 51 3
05549 58 0
05550 100 4
05551 72 0
05552 146 5
05553 48 4
05554 25 0
05555 48 0
05556 117 5
05557 96 0
05559 48 4
05561 57 3
05563 83 0
05564 56 2
05565 71 3
05567 127 1
05571 71 2
05572 59 0
05574 62 0
05576 168 3
05577 48 2
05578 47 3
05579 455 1
05581 144 0
05582 47 3
05583 48 4
05584 44 2
05585 110 3
05587 72 1
05588 94 2
05591 120 2
05592 48 3
05594 88 1
05595 72 1
05596 25 4
05598 50 3
05599 118 4
05600 96 2
05601 120 3
05602 48 0
05603 72 0
05605 48 0
05606 96 2
05608 48 3
05609 51 0
05610 46 1
05611 54 4
05612 72 2
05613 80 0
05614 70 0
05615 66 4
05616 55 0
05617 48 1
05619 72 2
05621 144 0
05622 119 0
05623 50 4
05624 125 3
05628 60 2
05631 97 0
05632 48 1
05636 119 1
05638 167 2
05639 117 0
05640 120 2
05641 48 0
05642 50 3
05643 72 4
05644 71 0
05645 72 3
05647 95 0
05648 116 3
05649 24 4
05650 67 4
05653 48 2
05654 72 0
05657 72 2
05661 118 2
05662 48 2
05663 48 1
05664 171 1
05665 134 3
05667 76 3
05668 39 4
05670 48 4
05671 28 0
05673 50 2
05674 165 3
05675 119 2
05676 71 2
05678 48 0
05680 52 4
05681 120 1
05682 72 0
05688 51 0
05689 95 4
05690 63 2
05691 96 2
05692 48 4
05693 74 4
05694 48 2
05695 91 3
05696 120 0
05697 152 1
05698 48 3
05699 17 3
05702 50 4
05704 48 2
05705 63 4
05706 45 3
05708 96 1
05709 44 2
05710 48 3
05711 125 1
05712 40 3
05714 48 4
05715 71 4
05718 47 4
05719 168 3
05721 32 3
05723 67 0
05724 75 2
05725 54 3
05726 120 1
05727 62 4
05728 48 3
05729 72 1
05730 71 2
05732 115 0
05733 143 1
05734 48 0
05735 46 1
05736 54 0
05737 51 4
05738 89 4
05739 72 2
05741 133 1
05743 88 0
05746 100 2
05748 192 0
05749 95 0
05754 56 3
05755 168 2
05756 119 3
05757 43 0
05760 175 3
05761 39 0
05763 72 3
05764 65 4
05765 40 1
05766 72 3
05769 58 2
05770 120 0
05772 71 2
05774 96 2
05775 48 0
05778 71 3
05779 51 3
05780 57 0
05781 48 1
05782 87 5
05785 71 3
05786 72 3
05788 72 0
05790 33 5
05791 45 3
05792 48 0
05793 65 1
05795 47 2
05796 101 4
05797 72 0
05798 94 4
05799 24 1
05800 75 0
05801 48 2
05803 45 0
05805 72 2
05806 71 1
05808 72 2
05812 72 2
05813 64 3
05816 71 0
05817 72 0
05822 143 1
05823 33 3
05828 83 1
05829 60 4
05831 96 1
05832 47 2
05833 71 2
05834 72 2
05835 25 3
05836 86 2
05837 96 1
05838 35 0
05841 48 2
05843 47 2
05844 48 2
05846 59 0
05847 118 1
05848 55 4
05850 64 0
05853 48 0
05854 48 1
05855 44 0
05856 87 0
05858 77 1
05859 72 2
05861 76 5
05862 41 3
05863 48 2
05865 72 1
05867 48 2
05868 35 4
05869 107 0
05870 238 3
05871 50 1
05873 65 2
05874 48 1
05875 115 3
05877 120 3
05878 75 4
05880 72 2
05881 48 4
05885 100 2
05886 93 3
05887 48 4
05888 47 2
05889 42 5
05890 72 3
05891 72 0
05892 48 0
05893 169 0
05894 75 2
05896 147 1
05898 72 3
05899 48 2
05900 119 2
05901 168 2
05902 152 2
05903 93 0
05905 31 1
05906 60 1
05907 48 0
05908 48 3
05909 48 0
05910 87 1
05912 50 2
05913 86 0
05914 119 2
05915 48 0
05916 53 0
05917 70 3
05920 51 2
05921 48 3
05922 110 3
05923 38 3
05925 96 0
05927 96 3
05929 83 3
05930 48 0
05931 140 1
05932 72 0
05934 109 4
05935 41 2
05936 72 1
05937 48 2
05940 145 3
05942 74 3
05945 72 3
05946 48 1
05948 69 1
05952 145 3
05953 48 4
05954 35 4
05955 96 2
05958 43 3
05960 122 2
05961 48 0
05963 72 3
05966 47 0
05967 72 4
05968 73 2
05969 93 2
05970 72 0
05972 80 2
05973 72 0
05974 120 0
05976 66 0
05977 103 3
05980 119 1
05981 48 3
05984 48 0
05985 48 2
05986 42 3
05987 72 3
05989 96 2
05994 48 2
05995 24 4
05997 60 0
05998 48 2
05999 48 0
06001 44 3
06002 96 1
06003 23 2
06004 131 2
06006 35 4
06008 131 3
06009 72 3
06012 48 4
06013 37 3
06014 96 0
06015 60 2
06016 326 2
06017 65 0
06018 96 0
06019 29 3
06022 48 0
06023 112 3
06025 72 0
06026 48 0
06028 47 0
06029 43 3
06030 60 0
06031 72 2
06032 64 2
06033 72 0
06035 50 2
06036 71 3
06037 63 4
06039 119 2
06040 60 1
06041 66 3
06042 74 2
06043 72 1
06044 48 2
06045 72 0
06046 75 4
06048 48 2
06049 72 0
06051 166 2
06052 50 0
06054 239 0
06055 96 1
06057 98 3
06058 119 3
06060 72 0
06062 96 3
06064 61 3
06065 72 2
06069 91 1
06071 104 0
06072 192 2
06074 120 3
06075 72 3
06076 47 4
06077 72 0
06078 160 3
06079 112 3
06082 48 3
06083 97 1
06084 52 1
06085 72 3
06087 48 0
06088 116 1
06089 33 1
06090 40 1
06091 99 1
06094 76 0
06095 84 2
06096 48 3
06097 67 4
06098 48 2
06099 52 2
06100 24 2
06101 120 1
06102 68 3
06103 75 2
06104 60 0
06105 96 1
06106 70 3
06107 144 4
06108 87 4
06109 60 2
06110 46 3
06111 55 0
06113 57 3
06114 72 1
06115 47 3
06116 52 4
06117 75 4
06118 96 2
06119 72 3
06120 48 5
06122 48 1
06124 46 2
06125 49 0
06128 42 0
06131 96 0
06132 96 0
06133 72 3
06134 48 2
06137 153 1
06139 96 0
06140 48 4
06142 72 0
06143 95 1
06144 39 4
06146 167 3
06147 62 2
06148 72 3
06149 47 2
06151 161 3
06152 42 3
06153 94 2
06155 307 0
06156 59 4
06158 84 2
06159 53 0
06160 144 1
06161 48 2
06162 44 0
06163 93 1
06165 28 3
06166 39 4
06168 134 1
06169 68 1
06170 60 5
06171 48 0
06173 50 3
06174 39 4
06176 166 0
06177 50 3
06178 96 2
06182 96 3
06183 144 1
06185 102 1
06186 72 3
06188 96 2
06189 133 1
06190 90 0
06191 46 0
06192 137 0
06195 72 3
06196 146 1
06198 70 1
06202 46 3
06203 71 3
06206 72 0
06207 167 3
06209 143 1
06210 75 2
06211 59 0
06212 61 3
06213 186 1
06215 58 3
06216 76 4
06217 57 0
06218 54 0
06220 90 0
06221 95 2
06222 96 1
06223 125 1
06224 50 1
06226 71 1
06227 71 0
06230 24 3
06231 83 3
06232 125 1
06233 29 3
06235 98 3
06239 95 1
06240 36 0
06241 47 2
06242 126 3
06243 137 1
06244 47 3
06246 694 0
06247 120 0
06249 178 3
06250 71 2
06251 111 1
06252 119 1
06253 80 3
06254 60 4
06255 72 3
06256 25 2
06257 96 3
06258 79 3
06259 61 4
06260 48 1
06263 59 2
06265 84 4
06267 47 0
06268 72 0
06269 48 1
06270 94 3
06271 94 4
06273 48 0
06274 72 0
06275 87 4
06276 48 0
06277 75 3
06278 50 1
06279 142 2
06280 72 2
06281 70 0
06282 55 1
06283 137 1
06284 170 3
06286 49 4
06287 50 3
06288 85 3
06290 45 4
06291 48 3
06292 96 4
06293 48 2
06296 97 2
06297 120 3
06298 61 0
06300 143 4
06301 106 4
06302 47 2
06303 71 1
06305 58 1
06307 71 2
06308 72 4
06309 96 1
06310 119 2
06313 100 1
06314 68 0
06315 71 3
06317 150 3
06318 24 2
06319 48 1
06320 96 2
06321 78 1
06322 120 2
06323 143 2
06324 94 2
06325 62 1
06326 168 1
06328 30 4
06329 74 2
06331 73 2
06332 84 1
06335 89 4
06336 120 2
06337 35 0
06338 53 0
06340 162 3
06341 24 2
06343 58 0
06344 124 3
06345 102 2
06346 39 4
06349 92 2
06351 72 4
06352 86 3
06354 92 3
06355 65 2
06356 43 0
06357 43 4
06359 48 1
06360 96 4
06361 72 2
06363 144 0
06365 40 0
06366 48 1
06368 72 2
06372 71 0
06375 275 0
06378 91 1
06380 48 0
06382 143 4
06383 47 2
06385 166 1
06387 68 0
06389 47 4
06391 72 1
06392 119 4
06394 48 2
06396 72 2
06397 111 0
06402 48 2
06403 187 2
06404 56 2
06405 48 2
06406 48 0
06409 188 1
06411 144 2
06412 72 2
06413 96 4
06414 185 1
06416 48 2
06418 96 1
06423 47 4
06425 72 2
06428 120 0
06429 173 2
06430 86 2
06433 40 0
06441 71 0
06443 60 0
06447 89 0
06450 100 4
06452 48 2
06454 120 2
06458 72 2
06460 71 0
06462 72 2
06463 261 4
06464 48 2
06465 77 4
06471 72 4
06472 95 0
06475 111 0
06478 40 4
06481 48 0
06482 47 0
06483 39 2
06486 45 2
06488 48 4
06496 48 2
06498 72 2
06502 45 4
06504 72 2
06505 68 0
06506 239 2
06507 96 2
06509 47 2
06513 48 2
06514 72 0
06520 120 2
06522 48 2
06530 96 2
06533 48 4
06537 72 2
06541 48 4
06546 71 2
06556 50 2
06561 92 4
06567 56 4
06570 120 2
06571 94 2
06572 82 2
06574 61 2
06578 96 2
06585 46 2
06591 309 4
06592 41 4
06594 48 4
06596 57 2
06600 35 2
06607 128 2
06608 120 4
06614 72 2
06615 71 2
06617 65 2
06620 48 2
06622 119 2
06624 59 4
06627 48 2
06636 48 2
06648 48 2
06651 24 2
06652 72 2
06653 36 2
06658 48 2
06659 47 2
06662 72 2
06664 47 2
06672 72 2
06687 96 4
06690 70 2
06699 48 2
06700 48 2
06708 39 2
06712 62 2
06716 80 2
06721 48 4
06723 59 2
06725 48 2
06728 34 4
06730 70 2
06733 26 4
06736 142 2
06737 14 2
06746 72 2
06750 141 2
06754 71 2
06756 95 2
06760 48 2
06774 48 2
06775 107 4
06776 111 4
06779 71 4
06780 96 2
06781 56 2
06783 119 2
06790 48 2
06792 29 4
06797 96 2
06799 72 2
06801 43 2
06811 127 2
06822 68 2
06825 47 2
06827 48 2
06833 48 2
06840 67 2
06847 48 2
06849 72 2
06850 90 4
06860 48 2
06868 96 4
06870 48 2
06879 263 2
06882 36 4
06885 121 2
06888 47 2
06891 26 4
06892 191 2
06898 72 4
06900 144 4
06902 48 2
06910 24 4
06916 72 2
06917 48 2
06918 91 2
06919 24 4
06924 96 2
06926 48 4
06928 166 2
06930 45 4
06932 75 2
06936 72 2
06943 47 2
06944 70 2
06946 120 4
06948 142 4
06949 41 2
06951 46 2
06952 47 4
06954 29 2
06960 47 2
06966 120 2
06975 24 2
06976 26 4
06987 47 4
06989 58 2
06992 24 2
06995 116 2
07000 48 4
07002 24 4
07011 46 4
07015 93 4
07020 118 4
07029 56 4
07035 100 4
07040 24 4
07068 79 4
07073 60 4
07085 120 4
07102 48 4
07103 49 4
07106 24 4
07113 70 4
07125 48 4
07133 107 4
07161 47 4
07166 60 4
07170 105 4
07175 48 4
07179 24 4
07185 47 4
07195 50 4
07223 48 4
07241 60 4
07246 72 4
07252 48 4
07259 59 4
07269 72 4
07272 30 4
07275 43 4
07281 49 4
07303 48 4
07330 331 4
07337 48 4
07342 72 4
07343 48 4
07345 24 4
07358 72 4
07359 67 4
07369 38 4
07376 34 4
07377 93 4
07396 24 4
07405 72 4
07417 63 4
07427 76 4
07440 48 4
07442 95 4
07452 47 4
07459 96 4
07472 72 4
07473 72 4
07481 56 4
07529 40 4
07540 240 4
07541 74 4
07553 43 4
07554 106 4
07558 73 4
07566 95 4
08685 47 6
08703 71 6
08726 140 6
08730 53 6
08795 49 6
08809 45 6
08814 36 6
08819 62 6
08829 63 6
08875 48 6
08897 36 6
08906 145 6
08942 28 6
08974 36 6
09010 97 6
09087 68 6
09136 43 6
09155 73 6
09220 72 5
09223 69 6
09261 65 6
09265 48 6
09302 138 6
09305 47 6
09320 47 5
09340 45 6
09392 48 6
09420 50 6
09440 26 6
09457 50 6
09466 72 6
09473 60 6
09494 153 6
09522 41 6
09549 51 6
09571 60 6
09590 55 6
09591 24 5
09597 92 6
09644 47 6
09645 70 6
09656 32 6
09669 86 3
09690 96 3
09697 72 3
09703 123 3
09706 96 3
09708 37 6
09712 143 3
09714 48 3
09717 64 6
09721 117 3
09725 72 3
09728 96 6
09729 43 3
09736 51 3
09739 310 0
09741 72 0
09744 56 0
09745 29 3
09746 47 5
09747 48 0
09749 40 3
09752 47 0
09754 72 0
09755 119 3
09757 24 3
09763 101 0
09765 57 0
09768 94 3
09771 158 0
09776 72 0
09778 43 0
09779 48 3
09780 67 0
09783 47 0
09787 24 3
09788 54 3
09795 47 6
09798 24 0
09799 121 6
09800 24 3
09801 96 3
09811 45 3
09813 63 3
09816 48 0
09817 72 3
09819 144 3
09821 118 3
09822 200 0
09823 83 3
09826 119 0
09828 48 0
09830 119 6
09831 109 0
09835 45 6
09836 43 6
09838 96 3
09839 50 0
09841 53 0
09848 56 3
09849 39 3
09850 135 0
09857 48 3
09858 48 3
09863 122 3
09866 73 0
09868 68 3
09870 82 3
09873 48 3
09884 72 0
09888 96 0
09889 63 6
09893 79 1
09894 41 6
09903 63 3
09904 47 3
09906 96 1
09907 68 0
09908 48 0
09909 23 5
09911 108 3
09912 72 0
09914 66 0
09915 72 0
09917 71 0
09918 99 1
09920 48 0
09924 44 0
09925 96 0
09926 48 6
09932 95 3
09933 52 3
09935 48 0
09937 40 6
09938 33 3
09939 124 3
09941 96 3
09942 48 0
09943 57 0
09947 48 0
09951 43 0
09955 79 0
09958 44 6
09959 48 3
09962 86 6
09965 27 3
09967 72 3
09970 111 0
09971 50 0
09973 46 1
09974 84 1
09975 108 0
09977 70 1
09985 48 0
09987 48 1
09990 76 3
09992 107 6
09993 38 1
09995 48 0
09996 72 6
09997 88 1
09998 40 1
09999 79 6
10001 120 2
10002 71 0
10003 136 2
10005 47 3
10006 95 2
10007 48 0
10008 70 3
10011 47 1
10012 71 2
10014 48 3
10017 48 2
10018 71 3
10022 129 0
10024 38 2
10025 77 2
10026 48 0
10027 62 3
10028 65 2
10029 95 0
10030 83 2
10031 67 2
10032 60 3
10033 47 1
10034 72 3
10035 75 3
10036 48 3
10038 79 3
10039 180 2
10040 71 0
10041 71 0
10042 263 1
10044 85 6
10046 48 3
10047 87 2
10048 40 3
10049 60 0
10051 72 0
10054 64 6
10056 35 0
10057 52 3
10058 96 3
10060 54 1
10062 95 2
10063 48 3
10064 96 3
10065 48 3
10066 66 1
10068 71 0
10069 61 3
10071 47 1
10072 24 6
10073 120 3
10074 58 1
10075 83 0
10076 65 2
10078 48 1
10080 50 3
10081 50 3
10082 197 3
10083 120 2
10084 48 0
10085 78 2
10086 24 2
10087 72 0
10088 77 1
10089 75 1
10091 62 0
10092 72 3
10095 90 0
10096 59 1
10098 119 0
10099 46 2
10100 96 2
10101 72 0
10102 24 2
10103 52 2
10105 71 0
10106 48 2
10107 135 0
10110 80 1
10111 48 3
10113 48 2
10114 72 2
10115 192 2
10117 55 2
10119 79 2
10120 72 1
10122 215 3
10123 95 0
10125 96 1
10126 72 1
10127 120 0
10132 72 2
10135 41 0
10136 86 3
10140 41 0
10141 76 3
10142 153 1
10143 94 1
10144 39 0
10146 48 6
10149 38 3
10150 111 2
10151 90 0
10152 72 2
10153 46 1
10155 169 1
10156 96 0
10159 143 1
10160 56 3
10162 64 2
10163 168 2
10164 32 6
10166 67 0
10167 72 3
10168 24 2
10169 68 0
10170 48 3
10171 48 0
10173 137 0
10174 96 3
10176 67 0
10177 66 2
10179 38 0
10180 68 3
10181 33 0
10182 219 3
10184 72 3
10185 48 6
10186 43 5
10187 578 2
10191 120 0
10192 70 2
10193 58 3
10194 48 2
10195 70 0
10196 63 2
10198 72 3
10200 35 6
10203 47 3
10204 84 2
10205 48 0
10207 37 3
10209 36 5
10211 48 3
10212 84 2
10215 48 2
10216 42 2
10217 108 2
10218 72 2
10220 287 1
10222 96 0
10223 117 2
10224 72 1
10225 39 3
10228 49 6
10229 45 0
10230 129 2
10232 72 2
10233 72 2
10234 50 1
10235 44 3
10236 50 2
10237 96 2
10241 72 2
10243 41 0
10244 48 0
10247 75 3
10248 191 3
10249 36 2
10251 48 2
10252 96 6
10255 47 3
10256 120 2
10257 64 3
10258 62 1
10262 30 2
10263 71 2
10264 120 2
10267 48 2
10268 71 3
10273 72 3
10274 48 1
10277 86 1
10282 37 0
10284 36 6
10285 43 2
10290 77 3
10292 72 3
10294 318 1
10296 46 2
10297 321 1
10298 48 2
10299 72 1
10300 47 3
10303 127 0
10304 71 0
10307 79 0
10308 37 0
10309 193 0
10310 63 3
10311 72 0
10312 26 6
10313 90 1
10314 72 0
10317 847 1
10318 69 2
10319 62 3
10320 95 1
10321 48 2
10324 38 0
10325 96 2
10327 72 1
10328 60 2
10330 57 2
10332 70 3
10333 90 0
10337 48 3
10340 58 1
10341 70 1
10343 120 2
10346 26 0
10347 48 0
10349 74 3
10350 96 3
10352 120 2
10354 83 1
10355 40 0
10356 112 3
10357 48 3
10358 48 1
10359 93 2
10361 72 1
10362 48 0
10365 48 0
10367 36 2
10368 48 3
10369 95 2
10372 48 1
10374 96 2
10378 96 3
10380 165 2
10381 48 0
10383 104 0
10384 48 0
10387 72 3
10388 103 0
10390 64 6
10391 120 0
10393 68 2
10394 140 0
10395 172 1
10397 50 3
10399 19 3
10401 48 0
10402 179 1
10404 75 1
10405 134 1
10406 375 0
10407 48 3
10408 68 2
10409 57 0
10410 72 3
10411 70 2
10414 47 2
10416 96 2
10417 67 2
10418 112 0
10420 90 2
10421 71 1
10424 120 0
10425 72 2
10426 96 0
10427 72 3
10428 504 3
10429 48 1
10431 50 2
10432 167 0
10434 42 2
10435 47 0
10437 150 2
10438 47 2
10440 119 3
10442 42 1
10444 94 3
10446 48 3
10447 48 3
10449 72 2
10450 71 2
10451 35 2
10452 48 1
10453 48 2
10454 72 2
10457 150 6
10458 120 2
10459 47 6
10461 65 6
10462 126 2
10463 119 2
10464 119 2
10465 71 2
10467 130 2
10468 48 0
10469 108 0
10471 63 0
10472 89 0
10474 73 6
10475 141 3
10476 30 5
10477 118 2
10479 48 3
10483 48 0
10484 48 1
10486 55 1
10487 263 2
10488 72 3
10489 48 0
10490 107 2
10491 41 0
10492 95 1
10494 124 3
10495 250 0
10496 71 2
10497 48 2
10499 121 3
10501 72 2
10502 95 1
10504 72 1
10505 59 0
10506 79 3
10508 64 6
10511 167 1
10512 72 0
10513 72 0
10516 47 0
10517 47 6
10518 72 0
10519 72 1
10520 88 1
10521 72 0
10522 86 1
10525 250 2
10526 47 1
10528 120 1
10530 96 1
10531 50 2
10534 40 2
10535 24 2
10537 72 2
10538 49 3
10539 84 1
10540 96 3
10542 72 2
10545 72 2
10546 24 3
10547 108 3
10548 71 2
10549 44 3
10550 72 6
10551 35 3
10552 60 0
10553 53 0
10554 48 0
10555 95 0
10557 72 2
10558 96 2
10559 71 1
10562 50 1
10564 31 0
10565 47 6
10566 44 3
10567 71 6
10569 41 0
10570 35 3
10572 48 2
10573 96 3
10574 69 0
10575 87 6
10576 30 6
10578 48 0
10580 96 0
10581 24 3
10583 92 1
10584 124 6
10585 48 2
10586 139 1
10587 45 0
10588 24 6
10589 50 0
10591 120 0
10592 46 2
10594 25 3
10595 71 6
10596 25 0
10597 72 3
10598 239 0
10599 48 6
10601 48 3
10602 198 2
10603 58 2
10607 43 2
10608 101 1
10613 71 3
10615 48 0
10616 82 2
10621 48 2
10622 57 2
10623 73 3
10625 76 3
10626 72 6
10627 31 6
10628 83 1
10633 48 2
10634 96 2
10635 48 0
10636 72 3
10637 72 2
10638 93 0
10639 62 3
10640 174 0
10642 71 2
10644 49 1
10645 119 1
10646 551 1
10647 96 2
10648 24 3
10650 75 1
10652 75 0
10653 96 2
10654 89 1
10655 32 1
10658 47 2
10659 232 1
10661 72 0
10662 95 3
10664 72 3
10665 88 2
10666 96 2
10670 72 4
10671 191 2
10672 48 0
10673 45 5
10674 48 3
10677 39 0
10678 48 1
10680 56 3
10681 96 2
10683 96 2
10685 72 2
10686 74 6
10688 48 3
10693 53 4
10694 48 1
10696 26 0
10697 95 1
10698 34 3
10699 120 2
10700 78 3
10701 47 4
10704 24 4
10705 47 2
10707 35 1
10708 29 1
10709 77 4
10710 41 4
10712 44 0
10713 71 1
10715 58 3
10716 90 2
10717 24 3
10718 72 4
10719 47 2
10722 95 6
10723 40 2
10724 167 0
10726 91 2
10728 48 1
10729 40 4
10730 37 2
10732 71 2
10734 48 2
10736 48 4
10737 70 1
10739 38 1
10741 48 2
10742 190 1
10743 70 0
10745 48 3
10746 48 2
10747 45 0
10748 134 2
10749 71 3
10750 73 6
10751 63 2
10753 49 2
10755 115 2
10756 56 3
10757 130 3
10758 48 2
10759 63 3
10760 96 2
10762 72 2
10763 48 0
10764 271 3
10766 92 3
10767 48 1
10768 192 2
10769 214 2
10770 99 4
10771 98 3
10772 44 6
10773 47 1
10775 57 0
10778 48 3
10779 158 1
10780 95 1
10784 72 0
10785 51 1
10786 72 3
10787 50 3
10788 128 1
10789 119 1
10791 117 0
10793 99 1
10794 72 0
10795 70 1
10796 29 2
10797 51 3
10798 131 6
10799 61 0
10800 47 4
10802 68 2
10804 110 2
10805 89 3
10806 143 4
10808 216 6
10809 64 3
10810 50 4
10811 61 3
10813 48 0
10814 61 2
10815 141 6
10816 47 0
10817 47 2
10818 48 1
10820 95 1
10821 94 1
10825 71 2
10826 48 1
10828 75 1
10829 71 0
10831 52 3
10832 120 4
10833 48 4
10834 71 2
10835 95 2
10836 120 2
10837 41 1
10838 48 0
10839 48 0
10841 75 0
10842 15 6
10843 47 4
10844 72 3
10845 72 2
10847 118 0
10848 96 6
10849 96 2
10850 78 2
10852 44 0
10855 14 6
10856 43 4
10857 48 3
10858 121 1
10859 95 0
10860 44 6
10862 72 1
10863 130 1
10865 49 4
10866 24 3
10867 144 1
10869 48 0
10870 46 0
10871 84 3
10872 56 6
10873 96 2
10875 96 2
10876 96 2
10877 84 2
10880 191 2
10881 48 2
10882 47 3
10883 113 4
10884 48 0
10885 96 3
10888 72 1
10889 143 2
10890 72 4
10892 73 1
10893 96 2
10895 50 6
10896 48 2
10897 50 6
10898 95 4
10900 207 1
10901 143 1
10902 71 4
10905 95 3
10906 91 5
10907 35 2
10908 146 5
10909 61 0
10910 144 2
10911 35 0
10913 64 1
10915 38 3
10917 72 3
10918 48 0
10921 94 6
10922 114 2
10923 97 2
10924 39 3
10925 48 0
10927 69 2
10928 25 6
10929 48 4
10930 31 4
10931 24 4
10932 123 1
10933 95 1
10934 90 2
10936 38 2
10937 96 1
10938 67 3
10939 72 2
10940 90 0
10941 56 2
10942 71 0
10943 111 2
10946 47 4
10947 123 5
10949 43 0
10950 48 3
10951 48 2
10955 83 3
10956 96 2
10958 48 2
10959 96 2
10961 48 4
10962 48 1
10963 72 3
10964 46 6
10965 131 3
10968 92 3
10969 54 0
10970 50 0
10971 48 6
10973 72 0
10974 72 4
10976 29 2
10978 72 2
10980 48 2
10981 51 4
10983 144 2
10984 96 2
10985 37 0
10986 86 1
10987 72 0
10988 48 4
10989 36 3
10990 125 2
10991 62 0
10992 72 3
10994 178 0
10995 56 0
10997 178 0
10999 48 6
11000 48 3
11002 143 3
11003 48 4
11004 200 2
11005 72 4
11006 48 0
11007 46 0
11009 44 3
11010 48 2
11011 45 3
11012 25 3
11013 48 4
11014 32 0
11015 71 0
11016 46 4
11017 34 1
11020 48 2
11021 51 2
11022 46 0
11024 61 1
11025 55 3
11026 408 1
11027 81 4
11028 48 2
11030 48 4
11033 48 0
11034 84 0
11035 84 3
11037 100 1
11039 48 0
11040 166 2
11041 127 1
11043 72 2
11044 162 4
11045 50 6
11046 62 4
11047 134 3
11048 43 2
11049 156 4
11050 96 0
11051 50 6
11055 24 3
11058 109 1
11059 65 0
11060 48 2
11061 118 0
11062 144 2
11063 215 2
11064 50 0
11065 78 2
11068 142 2
11069 86 3
11072 60 4
11073 143 2
11075 58 6
11076 75 0
11077 100 1
11078 70 2
11079 120 3
11080 59 0
11081 48 2
11082 48 5
11084 119 2
11085 65 3
11086 48 0
11087 75 6
11089 72 3
11090 69 1
11094 48 1
11095 72 2
11096 100 2
11097 76 0
11099 96 4
11100 68 1
11102 47 0
11103 48 2
11104 96 1
11107 72 3
11108 72 1
11111 48 1
11113 67 0
11116 17 4
11117 58 4
11118 34 4
11119 48 2
11120 72 1
11121 60 2
11122 48 2
11123 48 2
11126 59 3
11127 84 1
11128 95 1
11129 48 4
11130 18 6
11131 46 3
11132 168 1
11134 72 0
11138 189 2
11139 93 0
11141 72 4
11142 105 2
11143 120 2
11145 54 0
11147 155 0
11148 72 1
11151 144 3
11152 70 0
11155 47 1
11156 48 2
11158 32 3
11159 70 0
11160 23 4
11161 60 2
11162 96 0
11164 48 1
11165 48 1
11166 121 2
11167 112 2
11169 95 1
11172 69 0
11173 80 0
11174 72 6
11175 50 4
11176 82 2
11177 107 0
11179 47 0
11180 48 0
11181 24 3
11185 50 4
11186 72 2
11187 39 0
11188 50 3
11191 66 3
11192 100 2
11193 77 3
11195 96 0
11197 48 4
11198 48 0
11199 48 2
11202 77 1
11203 49 4
11204 95 6
11206 24 0
11207 48 0
11208 64 2
11211 48 2
11212 24 0
11213 72 0
11214 36 2
11216 72 0
11217 56 2
11218 82 1
11220 56 3
11221 93 6
11223 95 1
11224 96 3
11225 95 0
11226 49 0
11229 167 1
11230 105 3
11231 62 0
11232 99 4
11233 60 1
11234 70 3
11236 168 4
11237 48 2
11238 72 1
11239 192 6
11241 67 3
11242 75 3
11243 36 6
11244 59 4
11246 48 2
11248 44 4
11250 48 2
11251 69 2
11252 23 4
11253 47 4
11254 119 2
11255 72 2
11256 95 4
11257 72 2
11258 264 0
11259 48 1
11260 48 1
11261 88 1
11262 85 1
11263 48 1
11264 32 3
11265 142 0
11266 48 2
11267 39 4
11268 77 0
11269 72 2
11270 72 1
11271 69 2
11272 68 0
11273 48 0
11274 120 0
11276 96 4
11277 55 2
11279 36 6
11280 48 2
11281 50 4
11282 59 3
11283 71 2
11285 46 0
11287 192 2
11288 62 2
11289 48 3
11290 108 2
11292 42 3
11293 48 2
11295 84 2
11296 47 0
11297 64 0
11299 80 1
11300 48 2
11301 165 1
11302 48 6
11303 47 6
11306 48 3
11307 63 1
11308 52 0
11309 46 4
11312 72 1
11315 142 2
11317 48 0
11318 48 3
11319 59 2
11321 96 3
11322 144 3
11324 84 2
11325 48 2
11326 73 2
11327 50 4
11331 28 1
11333 167 1
11336 72 6
11339 475 0
11340 46 3
11341 84 4
11342 119 2
11344 120 1
11345 48 1
11347 72 4
11348 168 1
11349 175 2
11350 48 4
11351 72 6
11353 108 4
11354 45 4
11356 113 0
11357 95 2
11358 60 0
11359 48 3
11363 50 0
11364 94 1
11365 115 4
11366 30 0
11367 32 4
11368 96 3
11369 96 2
11370 299 4
11371 37 3
11372 40 2
11373 24 4
11374 48 0
11376 48 2
11377 67 1
11378 72 1
11379 125 2
11383 60 0
11384 96 0
11385 57 6
11386 38 0
11387 48 4
11389 72 1
11390 40 2
11395 47 3
11396 24 2
11400 27 4
11401 29 4
11402 72 1
11404 67 4
11405 59 4
11406 150 2
11407 72 3
11408 15 4
11409 74 0
11410 72 0
11411 63 2
11412 48 0
11413 95 1
11414 51 2
11415 119 0
11418 47 2
11419 48 3
11421 37 2
11422 72 0
11423 96 2
11424 41 4
11425 72 2
11426 87 6
11428 190 1
11429 95 3
11430 135 1
11432 86 1
11434 37 0
11435 48 2
11436 72 2
11437 82 3
11438 133 0
11439 72 2
11441 71 0
11444 78 1
11445 72 3
11447 118 1
11450 94 1
11451 68 0
11452 36 2
11453 47 1
11454 182 2
11455 41 1
11456 71 0
11457 48 2
11458 62 3
11459 126 3
11460 84 1
11461 94 0
11464 43 0
11465 48 2
11466 50 1
11467 60 0
11468 138 1
11469 48 2
11472 48 1
11473 71 0
11474 24 2
11475 72 0
11476 54 4
11477 41 2
11478 99 3
11479 33 4
11481 47 2
11482 168 2
11483 52 3
11484 65 2
11485 123 1
11487 96 3
11489 72 3
11490 71 3
11491 25 2
11492 95 1
11494 124 0
11495 64 6
11496 84 4
11497 75 1
11499 119 1
11500 48 0
11501 100 1
11503 48 2
11504 70 2
11506 79 2
11507 48 0
11508 72 1
11509 96 0
11510 34 6
11512 69 6
11517 172 1
11520 50 3
11521 340 1
11522 72 4
11523 72 2
11525 72 1
11526 48 2
11528 72 1
11529 95 2
11530 42 3
11533 56 3
11535 72 3
11537 173 0
11538 120 0
11539 69 2
11540 72 2
11541 96 3
11543 72 4
11544 47 1
11545 57 4
11546 48 4
11547 49 0
11548 79 2
11549 48 1
11550 94 2
11551 48 0
11552 58 3
11553 88 6
11554 38 0
11555 165 1
11556 72 3
11557 35 3
11558 48 2
11559 44 6
11560 58 4
11563 133 6
11564 95 0
11565 48 3
11566 96 4
11567 144 2
11568 96 0
11569 96 0
11570 103 1
11571 100 0
11575 109 6
11576 48 2
11578 82 1
11579 26 4
11580 95 3
11581 57 2
11582 96 3
11583 50 0
11584 62 1
11585 38 4
11586 215 1
11588 48 1
11589 72 1
11590 133 3
11591 88 1
11592 48 4
11593 33 1
11594 48 3
11596 72 3
11599 122 6
11601 25 4
11604 48 0
11607 120 0
11608 47 3
11609 71 0
11610 48 3
11611 69 0
11613 120 1
11614 71 2
11615 53 0
11616 40 4
11617 72 2
11619 48 3
11620 47 4
11621 78 1
11622 48 3
11623 39 3
11626 50 4
11627 51 1
11629 72 2
11631 72 1
11632 47 4
11634 35 0
11636 48 1
11637 142 3
11638 72 1
11639 72 0
11640 72 0
11641 72 4
11642 72 3
11643 52 6
11645 104 0
11647 48 3
11648 47 2
11649 40 4
11650 47 3
11652 72 2
11654 71 3
11655 47 2
11656 24 4
11657 161 1
11658 80 0
11659 95 3
11660 144 0
11661 48 4
11663 134 1
11666 48 2
11667 72 0
11670 67 0
11671 48 2
11672 107 2
11673 38 6
11675 96 3
11676 48 1
11677 72 0
11678 84 3
11680 239 1
11682 48 2
11683 24 4
11684 96 0
11685 21 3
11686 48 0
11687 72 3
11689 54 0
11691 96 3
11692 143 3
11693 96 0
11694 85 2
11696 48 4
11697 49 3
11699 72 0
11701 47 3
11704 24 6
11705 98 1
11706 47 1
11707 46 3
11708 47 0
11710 50 4
11711 72 2
11712 54 1
11713 37 4
11714 41 3
11716 48 2
11718 48 1
11720 48 0
11721 48 6
11722 72 0
11724 48 2
11725 79 4
11727 49 3
11728 48 1
11729 96 2
11731 60 4
11733 445 2
11734 83 1
11735 192 1
11736 111 0
11738 143 3
11739 54 4
11740 68 4
11741 106 1
11742 96 0
11743 48 4
11745 36 3
11747 72 6
11748 96 2
11749 36 4
11751 46 3
11752 95 2
11753 68 4
11755 72 1
11756 88 0
11757 96 4
11758 80 2
11760 71 3
11761 215 3
11762 50 4
11765 63 4
11766 67 3
11767 144 2
11769 48 4
11770 102 1
11771 34 4
11772 59 6
11773 64 4
11774 38 3
11775 48 2
11776 48 3
11777 48 2
11779 53 0
11781 60 2
11782 71 0
11783 85 6
11784 48 3
11785 93 2
11786 99 1
11787 77 3
11789 48 1
11790 47 4
11791 72 4
11792 96 3
11796 48 2
11797 117 1
11798 48 0
11800 72 0
11801 72 2
11803 98 3
11804 72 2
11805 36 6
11806 24 4
11807 239 2
11808 72 1
11809 225 1
11810 119 1
11813 41 0
11814 24 0
11815 72 1
11816 76 3
11817 48 4
11818 152 3
11820 67 0
11821 142 3
11822 117 0
11823 86 1
11824 47 3
11825 102 3
11826 41 6
11827 120 3
11828 43 6
11830 96 2
11831 72 2
11832 75 0
11833 70 2
11834 72 1
11835 48 0
11838 83 0
11839 48 3
11840 47 2
11841 96 2
11842 72 2
11844 94 4
11845 46 0
11846 62 3
11848 71 2
11849 48 2
11853 118 0
11854 42 3
11855 117 1
11856 90 0
11857 33 1
11858 113 5
11859 100 2
11861 70 2
11862 75 1
11863 48 0
11865 36 4
11866 50 0
11867 72 2
11868 30 3
11869 52 3
11872 59 0
11873 96 3
11874 63 4
11875 71 3
11876 109 1
11877 239 1
11878 66 1
11879 95 0
11880 96 4
11882 223 1
11883 72 1
11888 42 0
11890 96 4
11891 24 0
11892 72 4
11893 72 0
11894 72 1
11895 29 4
11896 46 4
11897 48 2
11898 87 6
11900 47 2
11901 120 0
11902 79 0
11903 120 3
11905 78 6
11906 37 4
11908 120 3
11911 30 6
11912 77 4
11914 60 2
11916 99 4
11917 108 2
11918 36 3
11920 48 3
11921 81 4
11923 48 2
11924 64 1
11925 72 1
11929 48 0
11931 48 4
11932 20 4
11933 25 3
11934 68 1
11936 68 3
11940 48 1
11942 65 3
11945 96 0
11946 72 2
11947 48 2
11948 29 4
11950 48 0
11951 50 3
11954 29 2
11956 71 0
11957 48 4
11958 72 1
11959 382 2
11961 96 4
11962 104 1
11964 145 1
11966 72 2
11967 186 2
11968 119 4
11971 136 1
11973 57 3
11974 215 0
11975 47 0
11976 48 2
11977 94 1
11978 96 3
11980 71 2
11981 155 3
11982 52 6
11984 37 0
11985 141 0
11986 229 2
11988 62 0
11989 51 4
11991 46 4
11992 96 1
11993 70 3
11995 48 1
11997 65 6
11999 100 3
12001 95 2
12004 48 2
12005 95 3
12006 72 6
12007 52 3
12009 33 2
12012 72 4
12013 71 3
12014 31 4
12015 125 0
12017 48 2
12019 72 2
12020 24 4
12021 109 6
12022 96 2
12023 48 0
12025 48 4
12026 82 0
12028 48 0
12029 167 0
12032 41 4
12033 48 3
12034 72 1
12036 40 2
12038 96 0
12039 72 1
12040 96 4
12041 142 0
12042 60 6
12043 328 1
12044 120 0
12045 48 4
12047 57 1
12048 72 4
12049 46 2
12051 72 6
12053 48 2
12055 135 1
12057 68 0
12058 83 4
12059 48 6
12060 69 2
12062 47 2
12063 71 4
12066 96 1
12067 119 2
12068 73 0
12069 118 4
12071 86 1
12072 48 0
12074 48 1
12075 72 4
12077 95 6
12078 98 1
12079 68 3
12080 47 3
12081 51 3
12083 132 1
12084 120 3
12085 66 0
12086 72 1
12087 72 4
12088 48 0
12089 72 6
12090 84 2
12091 39 0
12092 47 4
12093 55 6
12094 72 0
12095 72 3
12096 72 3
12097 47 0
12098 57 2
12099 32 3
12101 105 0
12102 72 1
12103 157 1
12104 69 1
12105 48 0
12107 60 6
12108 116 1
12109 48 0
12111 105 0
12113 48 1
12114 48 0
12115 95 6
12117 55 4
12118 56 2
12119 108 1
12120 63 1
12121 72 1
12122 96 0
12125 56 6
12127 46 4
12129 56 6
12131 48 0
12132 59 3
12136 119 2
12138 141 2
12139 72 1
12141 74 6
12142 48 2
12143 48 0
12144 96 4
12145 120 4
12146 53 2
12147 35 3
12148 50 3
12149 48 4
12150 47 6
12151 81 1
12152 70 2
12153 155 0
12156 48 0
12157 72 2
12158 48 2
12159 66 4
12160 80 0
12161 72 0
12162 55 3
12166 101 4
12168 76 1
12169 110 1
12170 69 6
12173 62 0
12174 48 5
12175 50 3
12176 60 6
12177 96 0
12178 37 2
12179 103 2
12180 69 0
12182 48 0
12183 62 0
12185 120 1
12186 48 3
12187 36 1
12189 82 3
12191 118 3
12192 72 2
12193 48 6
12195 143 2
12196 96 3
12199 168 0
12200 72 2
12201 220 1
12203 47 4
12204 48 0
12205 143 2
12206 42 5
12207 72 1
12208 48 3
12209 120 2
12210 100 6
12212 74 4
12213 48 3
12214 44 1
12215 143 2
12217 91 0
12218 191 1
12220 96 2
12221 48 0
12222 50 3
12223 96 4
12224 475 0
12226 150 0
12228 59 2
12229 48 1
12230 65 3
12231 96 1
12232 156 1
12234 71 4
12236 59 0
12237 110 6
12239 40 1
12240 91 1
12241 95 0
12242 48 0
12243 239 3
12244 165 3
12245 48 0
12246 72 0
12247 33 4
12248 102 3
12249 72 5
12250 44 3
12251 110 0
12252 48 3
12253 48 2
12254 48 4
12255 96 2
12256 111 0
12258 96 2
12259 48 6
12260 96 2
12261 75 6
12262 48 0
12263 64 0
12264 40 0
12265 215 1
12266 86 2
12268 83 3
12271 120 2
12272 82 1
12273 144 0
12275 85 3
12276 72 1
12277 72 3
12279 77 1
12280 72 2
12281 72 6
12283 48 4
12285 48 0
12286 59 0
12288 48 1
12290 48 4
12291 48 3
12293 48 3
12294 191 2
12296 43 3
12297 96 0
12299 23 3
12300 48 0
12301 48 0
12302 72 0
12303 113 1
12305 72 0
12306 119 0
12307 96 2
12308 78 0
12310 64 3
12311 80 4
12312 118 1
12313 74 3
12314 76 2
12315 50 3
12316 79 4
12317 120 0
12318 47 6
12319 286 0
12320 48 6
12321 72 1
12322 65 1
12324 143 2
12325 95 0
12326 171 0
12327 72 1
12328 40 0
12329 72 1
12331 72 3
12333 48 4
12335 23 3
12337 84 2
12338 48 1
12339 62 0
12340 65 2
12341 96 1
12342 48 3
12343 24 4
12345 73 0
12346 74 1
12347 48 2
12348 50 1
12349 72 4
12350 55 2
12352 39 3
12353 72 6
12354 40 2
12355 48 2
12356 139 1
12359 56 1
12360 119 3
12363 51 1
12364 75 1
12365 120 1
12366 38 0
12368 43 6
12369 277 1
12371 119 3
12373 69 4
12375 45 0
12376 72 3
12378 100 1
12379 96 2
12381 47 0
12382 48 4
12383 24 0
12384 96 4
12385 44 3
12387 79 4
12388 71 0
12389 137 3
12390 44 1
12391 81 2
12392 83 4
12393 196 1
12394 74 5
12395 70 4
12396 48 2
12397 144 1
12398 74 4
12399 96 2
12401 144 1
12402 79 0
12403 100 1
12404 36 4
12406 48 0
12408 69 3
12409 72 0
12410 72 4
12413 81 1
12414 48 0
12415 182 3
12416 54 2
12417 90 1
12418 102 3
12419 133 1
12420 71 4
12422 122 1
12423 89 0
12424 96 2
12425 72 0
12426 92 0
12427 120 6
12428 98 4
12429 46 2
12430 96 2
12431 76 0
12432 120 3
12434 48 4
12435 199 0
12436 48 3
12437 239 2
12438 31 2
12439 150 0
12442 48 3
12443 63 2
12445 85 0
12446 192 0
12447 48 3
12448 96 2
12450 132 0
12451 226 1
12453 24 6
12454 75 1
12455 119 1
12456 37 1
12457 46 3
12459 72 3
12460 48 1
12461 56 4
12463 31 2
12464 48 3
12467 96 1
12468 38 4
12469 48 1
12470 120 0
12471 86 3
12472 53 3
12473 72 2
12474 72 1
12475 63 6
12476 98 0
12477 167 2
12478 24 1
12479 72 0
12480 166 2
12481 48 3
12482 48 1
12484 67 3
12485 45 3
12487 22 6
12488 65 5
12489 74 4
12490 72 2
12491 85 2
12492 72 0
12494 72 1
12495 75 2
12496 48 0
12498 100 0
12499 48 1
12501 76 2
12502 72 4
12503 72 0
12505 89 1
12506 143 4
12507 25 1
12508 85 3
12510 43 0
12511 44 2
12513 36 6
12516 65 0
12517 71 1
12518 72 3
12519 96 4
12520 175 0
12521 41 4
12522 49 0
12523 48 4
12525 34 6
12526 72 1
12527 70 2
12529 120 2
12530 96 6
12531 85 0
12532 86 4
12533 42 3
12535 72 2
12536 96 0
12537 55 2
12538 48 2
12539 188 1
12540 48 3
12541 96 1
12543 172 3
12547 48 6
12549 48 0
12550 71 6
12551 48 2
12553 72 0
12554 48 2
12555 44 0
12557 71 1
12558 52 4
12559 52 2
12562 48 3
12564 175 1
12565 71 0
12567 48 6
12570 75 4
12571 26 4
12573 90 2
12574 45 1
12575 74 1
12576 120 2
12577 96 0
12579 74 3
12581 70 0
12582 72 0
12583 101 6
12585 125 6
12586 47 4
12588 106 1
12590 48 4
12591 53 5
12593 17 3
12594 28 1
12595 65 6
12597 42 2
12598 48 2
12600 48 4
12601 31 2
12602 46 4
12603 24 2
12604 73 3
12605 40 3
12608 94 2
12609 58 1
12610 78 1
12612 87 3
12613 47 3
12614 48 0
12617 31 1
12618 71 0
12619 107 1
12620 237 6
12621 96 4
12623 48 1
12625 24 2
12626 39 3
12627 65 2
12628 72 0
12629 48 3
12631 115 3
12632 240 4
12634 96 6
12635 120 4
12636 48 4
12637 48 6
12638 48 4
12639 72 1
12642 95 0
12643 46 0
12645 87 6
12646 191 1
12647 71 2
12649 48 1
12650 136 3
12651 12 3
12652 214 6
12655 69 4
12658 72 6
12659 48 3
12662 48 3
12664 48 0
12665 51 3
12667 96 4
12669 66 6
12671 192 1
12672 120 2
12673 120 0
12675 48 4
12676 71 3
12678 75 3
12679 140 3
12681 65 1
12682 90 2
12683 38 3
12684 141 0
12685 72 2
12687 48 0
12688 107 0
12691 48 1
12693 44 1
12696 35 2
12698 74 3
12699 47 2
12701 47 4
12703 66 0
12704 48 1
12705 166 0
12706 108 3
12708 119 1
12709 49 4
12710 72 0
12711 37 6
12712 30 6
12713 66 0
12714 48 2
12715 80 3
12717 115 4
12718 48 6
12719 46 4
12720 59 6
12721 71 2
12722 48 3
12723 50 0
12725 119 3
12726 70 4
12727 58 0
12729 48 0
12730 48 0
12731 48 0
12732 72 0
12733 40 0
12734 48 2
12736 47 4
12738 48 3
12740 94 3
12741 72 2
12742 134 3
12744 53 0
12745 72 1
12746 43 4
12747 61 3
12748 119 1
12751 24 1
12752 114 1
12753 48 2
12754 96 1
12755 96 2
12756 72 2
12757 47 0
12758 63 4
12760 48 1
12761 60 3
12762 72 4
12765 48 2
12766 171 2
12767 47 2
12768 48 2
12769 71 2
12771 167 1
12772 95 0
12774 52 0
12775 37 4
12776 72 2
12777 48 4
12778 70 1
12779 48 4
12780 78 0
12781 94 1
12783 59 4
12784 68 0
12786 46 4
12787 72 1
12788 96 1
12790 49 3
12792 137 2
12793 96 0
12794 74 1
12795 72 4
12796 47 4
12797 31 4
12798 454 1
12799 47 3
12800 81 3
12801 72 0
12803 36 1
12804 84 1
12805 129 1
12806 71 4
12807 72 2
12808 48 1
12809 144 4
12810 48 5
12812 94 0
12813 38 1
12814 48 4
12815 50 1
12816 120 1
12817 48 0
12818 48 6
12821 50 2
12822 71 4
12823 91 2
12824 70 2
12825 48 3
12826 119 0
12827 48 2
12828 72 3
12829 32 5
12830 72 2
12831 489 1
12832 191 1
12834 47 4
12835 96 2
12836 47 2
12837 49 4
12838 89 2
12841 36 1
12842 50 4
12843 179 3
12844 170 6
12845 72 1
12846 48 4
12847 117 6
12848 72 0
12849 71 2
12851 45 2
12853 72 2
12854 72 3
12855 48 2
12856 60 0
12859 74 5
12860 48 4
12862 63 0
12863 80 4
12864 96 3
12865 205 2
12866 49 0
12867 28 0
12870 108 0
12873 47 2
12874 37 6
12875 48 4
12877 47 2
12879 48 2
12881 144 6
12882 71 2
12886 72 3
12887 58 4
12889 62 3
12890 90 5
12891 72 0
12893 120 3
12898 141 2
12899 48 0
12900 72 4
12902 51 6
12903 141 1
12904 48 0
12905 76 1
12908 48 3
12909 48 1
12910 72 2
12911 48 2
12913 68 0
12915 66 4
12916 81 4
12917 71 2
12918 55 4
12919 72 3
12922 48 4
12924 47 3
12925 86 2
12926 70 4
12927 35 6
12928 72 6
12931 72 0
12932 83 0
12933 85 0
12934 48 0
12935 48 6
12936 48 2
12937 48 0
12938 95 1
12939 100 2
12940 82 0
12941 48 1
12942 64 3
12943 78 6
12944 48 4
12945 120 1
12947 82 4
12949 105 6
12950 77 0
12952 72 0
12953 36 0
12956 120 0
12957 62 2
12958 60 6
12961 72 4
12962 48 0
12963 48 6
12964 72 2
12965 58 3
12966 72 1
12967 48 4
12968 82 4
12969 48 0
12970 167 4
12971 48 4
12972 87 0
12974 96 3
12977 72 3
12978 143 2
12980 71 4
12982 69 6
12983 96 0
12984 96 2
12985 102 0
12986 48 1
12988 32 4
12990 96 0
12991 72 1
12992 71 0
12993 120 0
12994 48 0
12995 71 0
12997 72 6
12998 124 0
12999 96 1
13000 192 1
13003 75 4
13005 160 2
13006 74 5
13008 61 4
13009 47 2
13011 63 4
13013 64 4
13015 72 3
13016 96 4
13017 24 6
13019 85 2
13022 120 0
13023 94 0
13024 72 0
13025 58 4
13026 126 4
13029 50 1
13030 46 3
13031 70 3
13032 90 0
13033 81 2
13034 98 2
13035 72 0
13037 47 0
13038 60 0
13039 96 4
13040 50 6
13041 72 0
13042 48 2
13043 48 0
13044 47 4
13045 72 2
13047 38 4
13049 48 1
13050 48 0
13054 141 1
13055 48 2
13056 120 0
13058 59 2
13060 72 1
13061 101 2
13062 50 6
13063 48 3
13065 68 1
13066 72 2
13069 164 4
13070 72 2
13071 53 0
13072 48 2
13073 48 2
13074 65 2
13076 48 0
13077 75 4
13078 24 2
13079 72 0
13080 63 3
13081 46 2
13082 36 3
13083 90 4
13084 35 0
13085 52 4
13088 72 1
13090 53 1
13091 48 0
13092 24 1
13093 60 2
13094 71 0
13095 72 2
13096 49 4
13098 48 3
13099 65 0
13100 33 0
13101 72 4
13102 50 1
13104 119 5
13105 47 0
13106 82 6
13107 87 2
13109 48 2
13110 98 4
13112 64 3
13115 72 2
13116 20 4
13117 196 3
13118 92 2
13120 95 0
13121 60 4
13122 49 1
13123 48 0
13124 90 0
13125 95 2
13127 48 0
13128 57 4
13129 57 6
13131 63 1
13132 69 0
13134 71 4
13135 71 4
13137 72 1
13138 72 0
13139 69 2
13140 48 2
13141 48 0
13143 119 2
13144 48 0
13145 72 0
13148 175 2
13149 130 1
13151 95 1
13152 62 6
13153 96 1
13155 51 5
13156 72 3
13157 72 1
13158 120 4
13160 69 3
13162 63 3
13163 62 2
13164 48 0
13165 63 2
13166 36 1
13169 179 0
13170 47 1
13171 31 2
13172 66 2
13173 60 0
13174 66 0
13175 83 0
13176 80 2
13177 48 0
13178 119 4
13179 54 6
13180 48 1
13181 81 3
13182 85 0
13183 45 4
13186 49 1
13188 72 0
13190 58 2
13191 143 2
13192 62 2
13193 36 3
13194 168 1
13195 29 4
13196 154 2
13197 38 4
13199 48 4
13201 55 2
13203 50 0
13204 48 0
13205 82 2
13206 48 3
13207 48 0
13208 154 3
13210 119 1
13211 71 1
13212 132 2
13213 48 4
13215 48 2
13216 59 1
13220 48 4
13221 48 4
13222 47 4
13224 214 6
13228 100 6
13229 63 1
13230 47 2
13231 36 1
13232 48 3
13233 88 3
13235 118 4
13237 96 3
13240 46 3
13242 120 1
13243 48 2
13244 72 2
13245 107 1
13246 58 3
13248 48 2
13249 48 4
13250 92 0
13252 71 0
13254 110 0
13255 66 2
13256 47 6
13257 144 1
13258 144 2
13259 185 0
13260 66 0
13262 120 3
13263 32 6
13264 111 1
13267 72 2
13269 48 2
13271 72 0
13272 85 0
13274 48 0
13276 70 0
13277 95 6
13279 144 2
13280 66 6
13281 93 3
13282 60 3
13285 81 6
13286 48 4
13288 48 2
13290 144 0
13291 32 4
13294 74 0
13295 69 6
13296 72 0
13297 48 3
13298 96 0
13299 72 3
13301 46 3
13302 47 0
13305 141 2
13309 48 3
13310 72 0
13311 39 6
13312 41 0
13313 100 0
13316 72 3
13317 71 2
13318 95 3
13319 86 0
13321 71 3
13322 47 1
13327 72 1
13329 150 2
13330 48 2
13331 48 2
13332 120 2
13333 48 2
13334 95 0
13335 24 6
13336 47 0
13337 113 2
13338 47 0
13339 63 3
13340 119 2
13341 60 1
13342 66 0
13343 48 2
13346 67 2
13349 60 0
13351 120 4
13353 48 6
13356 24 2
13358 72 4
13359 96 4
13361 45 3
13362 48 0
13363 47 4
13364 95 2
13365 78 0
13367 166 4
13368 95 5
13370 96 0
13372 95 0
13373 120 2
13374 48 2
13375 48 0
13376 162 2
13377 168 2
13378 55 2
13380 48 0
13381 23 0
13383 69 3
13384 49 0
13385 48 2
13386 59 3
13387 48 0
13388 72 2
13390 74 1
13394 24 4
13396 56 2
13397 192 3
13398 83 0
13399 81 6
13401 48 3
13405 120 2
13406 76 4
13407 26 4
13408 72 0
13410 107 4
13411 86 3
13412 80 0
13413 45 0
13416 39 4
13417 43 3
13418 48 0
13421 60 3
13423 48 3
13426 96 0
13427 77 0
13430 35 3
13431 112 6
13432 120 0
13433 71 2
13434 99 2
13435 90 3
13440 120 1
13442 48 4
13443 38 0
13445 48 0
13447 58 0
13449 47 6
13450 72 0
13452 32 3
13453 142 3
13454 81 2
13455 48 2
13458 54 2
13459 86 4
13461 81 0
13463 63 2
13464 48 1
13465 64 0
13467 82 1
13468 138 3
13469 53 2
13470 72 2
13471 72 1
13472 60 3
13473 44 0
13474 24 0
13475 72 0
13476 144 3
13477 75 0
13478 47 0
13480 72 2
13481 72 0
13482 89 1
13484 72 3
13485 50 2
13488 70 2
13490 75 4
13492 48 2
13493 144 3
13494 62 6
13495 192 2
13496 24 0
13497 75 2
13498 37 4
13499 117 0
13500 38 0
13501 120 1
13502 72 4
13503 48 3
13504 156 3
13505 48 1
13506 60 2
13507 48 2
13510 82 1
13511 48 2
13512 118 3
13513 72 0
13514 125 2
13516 68 6
13519 58 3
13520 72 1
13523 86 1
13525 87 0
13526 96 2
13527 37 6
13528 62 5
13529 47 2
13530 118 2
13532 94 0
13533 59 0
13535 56 6
13536 71 4
13537 94 2
13538 106 3
13539 25 4
13540 110 1
13541 123 2
13542 65 0
13543 88 0
13544 48 3
13545 46 0
13546 122 4
13547 72 0
13549 72 0
13550 96 0
13552 89 2
13553 63 6
13556 96 1
13557 73 1
13558 48 6
13559 46 6
13560 124 2
13561 96 4
13562 72 0
13564 80 3
13565 180 3
13566 169 1
13567 69 3
13569 37 1
13570 72 0
13571 122 4
13572 72 4
13573 96 4
13574 89 3
13575 48 2
13576 102 3
13577 96 4
13578 66 3
13579 48 0
13580 60 4
13581 48 5
13582 72 3
13583 72 2
13584 46 2
13585 71 2
13586 143 4
13587 24 3
13588 24 1
13589 48 0
13590 48 2
13591 82 2
13592 146 1
13593 119 0
13594 104 3
13595 87 0
13596 49 0
13597 96 0
13598 48 0
13600 95 2
13601 63 3
13603 72 0
13604 72 0
13605 48 4
13606 95 3
13607 76 4
13608 183 2
13609 75 0
13612 71 0
13614 96 3
13615 96 5
13616 96 1
13617 90 1
13618 100 3
13619 55 0
13620 36 6
13622 37 1
13624 70 0
13625 72 0
13628 72 2
13630 72 1
13631 77 6
13632 71 0
13634 163 0
13635 234 1
13638 72 2
13639 65 2
13640 48 4
13641 72 2
13642 71 0
13643 24 4
13644 49 0
13646 97 4
13648 25 4
13649 24 3
13652 96 3
13653 90 1
13654 48 4
13655 120 2
13656 84 3
13657 45 1
13661 75 2
13662 71 3
13663 48 1
13664 92 2
13666 85 3
13667 57 4
13668 48 3
13670 64 0
13671 24 1
13673 56 0
13677 72 2
13678 48 2
13679 149 3
13680 48 4
13681 48 0
13682 48 1
13686 48 2
13688 100 1
13690 48 3
13691 36 1
13692 101 4
13693 72 2
13694 48 0
13695 65 0
13696 72 3
13698 59 2
13699 78 0
13702 46 3
13703 34 1
13704 48 2
13705 115 6
13707 57 6
13708 143 3
13710 121 4
13711 71 4
13712 48 2
13713 37 2
13714 22 2
13716 47 0
13717 48 3
13718 48 3
13719 94 2
13720 72 1
13721 71 2
13722 72 2
13724 48 2
13729 72 3
13730 72 0
13731 59 2
13732 24 4
13733 48 3
13734 94 2
13735 44 3
13736 191 1
13739 68 0
13740 120 0
13742 54 2
13743 24 4
13745 42 3
13746 48 1
13748 120 2
13749 72 3
13750 48 6
13751 60 3
13752 72 2
13753 47 4
13754 48 6
13756 69 3
13757 124 2
13758 56 0
13760 72 2
13761 72 0
13762 136 0
13763 71 1
13768 48 1
13769 72 2
13771 48 0
13772 88 2
13773 27 0
13775 96 0
13778 47 5
13779 72 3
13780 96 0
13781 120 2
13782 86 6
13785 118 0
13786 72 2
13787 262 1
13788 53 2
13789 71 2
13790 95 3
13791 48 2
13792 41 0
13793 127 2
13794 72 4
13797 86 0
13798 221 4
13801 48 0
13802 48 2
13804 33 3
13805 48 0
13806 45 3
13807 59 0
13808 105 1
13809 47 6
13810 39 4
13812 72 2
13813 24 6
13814 103 6
13815 144 1
13818 85 4
13819 47 1
13820 192 4
13821 33 0
13822 48 0
13823 72 1
13824 44 1
13825 125 0
13826 59 4
13827 249 0
13828 72 0
13829 72 0
13831 43 4
13832 179 2
13833 48 4
13834 48 6
13837 60 3
13840 72 3
13841 190 3
13843 24 0
13845 78 3
13846 126 2
13847 101 1
13848 55 0
13849 23 2
13850 80 0
13854 84 4
13855 37 5
13856 38 3
13857 40 2
13858 91 2
13861 50 1
13862 71 0
13863 48 2
13864 123 0
13865 60 0
13866 47 1
13867 33 3
13870 72 6
13871 48 2
13872 47 3
13875 120 2
13877 48 2
13880 167 1
13881 100 4
13882 70 4
13883 72 1
13884 72 2
13885 124 4
13887 121 0
13888 48 2
13889 48 2
13890 86 4
13891 49 3
13892 48 2
13895 31 5
13896 47 4
13897 48 0
13898 130 3
13900 48 3
13901 119 0
13902 115 6
13905 48 2
13906 50 2
13907 70 1
13908 24 4
13909 47 1
13910 59 3
13912 50 0
13913 144 1
13915 95 2
13916 72 2
13918 43 4
13919 96 2
13922 74 3
13926 72 2
13927 72 3
13928 116 0
13929 79 0
13931 60 6
13933 48 4
13934 57 2
13935 48 2
13936 78 1
13937 48 2
13938 96 1
13939 48 1
13941 32 0
13942 48 4
13943 72 2
13944 48 4
13945 24 4
13947 96 3
13949 96 2
13950 72 3
13953 143 3
13954 48 3
13955 47 2
13957 72 2
13959 96 3
13961 48 1
13964 53 4
13965 96 2
13967 48 0
13968 72 0
13969 60 6
13970 76 3
13972 49 4
13973 57 4
13974 116 1
13975 89 0
13976 24 4
13977 96 1
13978 48 4
13979 82 0
13981 71 4
13983 216 2
13984 79 1
13985 100 3
13986 73 0
13987 74 2
13988 29 3
13989 22 3
13990 74 2
13992 72 2
13994 96 2
13995 120 2
13996 75 2
13997 46 4
14000 47 4
14001 64 1
14002 24 0
14003 49 2
14004 57 3
14005 190 1
14006 59 0
14007 74 0
14008 48 2
14010 48 1
14012 123 6
14013 72 1
14014 41 6
14015 87 3
14016 42 6
14017 39 3
14018 71 3
14019 71 1
14020 48 2
14022 48 4
14023 96 3
14024 89 2
14025 143 1
14026 58 3
14027 13 4
14028 36 4
14030 60 3
14031 84 4
14032 100 1
14034 95 0
14035 48 4
14036 47 0
14037 118 6
14039 17 6
14040 166 3
14042 70 1
14044 25 0
14045 99 4
14046 48 0
14047 119 3
14048 24 1
14050 94 1
14051 48 3
14052 63 2
14053 56 3
14054 96 0
14057 53 5
14058 120 0
14060 143 2
14065 111 2
14067 24 4
14068 96 2
14069 96 6
14071 135 1
14072 47 4
14073 22 3
14074 88 1
14075 96 0
14076 29 4
14077 96 1
14078 168 3
14079 36 4
14080 67 4
14081 48 2
14084 68 4
14085 96 4
14086 48 1
14087 23 6
14088 48 2
14089 72 2
14092 48 2
14093 75 1
14094 95 0
14095 68 1
14096 72 0
14100 66 3
14101 49 2
14102 72 2
14103 123 1
14108 96 2
14109 46 3
14110 71 2
14115 81 1
14116 50 4
14118 51 2
14119 62 6
14120 45 6
14121 67 3
14124 62 3
14127 115 1
14128 147 2
14129 71 2
14130 60 0
14131 131 0
14132 73 0
14133 50 0
14134 125 2
14136 144 4
14137 72 2
14138 143 2
14139 48 2
14140 48 3
14142 48 2
14143 175 1
14144 309 1
14145 95 2
14146 48 0
14149 47 3
14151 44 4
14152 40 4
14153 71 2
14155 96 2
14156 95 0
14158 56 2
14160 96 3
14161 46 1
14162 71 2
14164 48 2
14165 71 2
14166 19 4
14168 144 1
14169 92 0
14170 60 2
14171 267 1
14173 70 1
14174 48 2
14175 38 4
14176 47 0
14177 166 1
14178 96 1
14180 74 1
14181 48 3
14183 77 0
14185 48 6
14186 48 4
14188 47 3
14190 72 3
14192 48 2
14193 36 4
14195 23 1
14196 96 2
14198 96 3
14199 108 3
14202 48 2
14205 48 2
14208 96 0
14210 48 0
14211 85 4
14213 120 0
14215 36 6
14216 50 1
14219 48 2
14221 163 1
14222 95 1
14223 47 3
14224 72 0
14226 38 4
14227 47 2
14228 48 3
14229 143 3
14231 96 3
14232 72 2
14233 73 1
14234 120 0
14235 48 4
14236 31 3
14237 100 1
14239 81 1
14241 48 0
14242 87 3
14245 34 4
14246 107 0
14247 48 0
14248 92 2
14249 46 6
14250 71 2
14251 72 4
14252 48 0
14253 46 1
14254 129 3
14255 68 2
14256 72 0
14257 145 1
14258 75 2
14259 48 2
14261 124 1
14262 115 1
14263 48 2
14266 56 3
14267 96 3
14268 30 1
14269 48 2
14270 117 1
14274 75 3
14275 144 0
14277 68 0
14278 72 0
14279 48 4
14280 48 0
14281 72 6
14282 102 2
14284 71 2
14285 48 0
14286 48 2
14288 162 2
14289 48 5
14292 95 0
14294 56 6
14295 48 2
14296 48 0
14297 24 4
14298 99 2
14299 71 3
14300 143 2
14302 60 6
14303 32 4
14306 48 0
14308 120 3
14310 94 0
14311 96 3
14312 48 0
14313 48 2
14315 54 0
14317 47 0
14318 96 2
14320 48 0
14321 72 1
14322 65 3
14324 90 2
14325 79 2
14326 81 1
14327 100 6
14328 297 1
14329 46 0
14331 101 2
14332 32 3
14333 62 1
14334 63 4
14336 95 2
14337 96 4
14339 72 2
14340 56 6
14341 134 1
14342 42 5
14343 33 0
14344 72 4
14345 34 6
14346 48 2
14348 48 1
14349 72 2
14350 48 2
14351 95 4
14352 144 2
14353 146 4
14354 50 1
14358 55 3
14359 47 3
14360 48 3
14361 143 2
14362 42 3
14365 48 2
14366 122 1
14370 48 0
14371 35 3
14372 43 0
14373 41 4
14374 96 2
14375 36 2
14377 96 2
14378 72 3
14379 24 4
14380 48 2
14381 72 4
14383 25 4
14384 91 0
14385 85 4
14386 96 3
14387 120 2
14390 62 0
14392 47 2
14393 82 0
14395 50 1
14397 44 1
14398 23 6
14400 120 3
14402 70 1
14403 47 4
14404 72 2
14405 56 0
14409 142 1
14410 72 4
14411 105 1
14412 50 3
14414 48 1
14415 120 3
14417 42 1
14419 36 3
14421 72 4
14422 96 4
14423 79 3
14424 69 2
14425 67 1
14426 119 1
14427 99 2
14428 71 0
14429 100 1
14432 24 4
14433 15 2
14434 70 5
14435 120 2
14436 71 0
14437 86 3
14438 72 4
14439 48 2
14440 72 0
14441 67 0
14442 42 3
14443 71 1
14444 36 4
14445 100 4
14446 96 2
14447 48 2
14448 32 3
14449 53 0
14450 48 4
14451 121 1
14452 72 2
14453 50 3
14455 144 1
14457 70 3
14458 75 1
14459 48 0
14462 63 4
14463 72 2
14466 48 2
14469 70 3
14470 72 1
14471 61 1
14472 25 6
14473 72 2
14474 92 3
14475 96 1
14476 139 1
14477 59 4
14480 144 1
14481 48 4
14482 96 1
14483 55 5
14484 96 0
14485 79 3
14486 65 3
14487 28 4
14488 70 1
14490 35 1
14491 95 4
14494 48 0
14495 51 5
14496 70 1
14497 60 3
14498 60 0
14499 72 3
14500 24 3
14501 73 4
14503 62 1
14505 48 0
14506 72 0
14507 118 3
14508 48 2
14509 73 4
14512 96 1
14513 77 3
14514 84 4
14515 39 3
14517 41 4
14518 163 1
14519 46 3
14520 40 6
14521 96 3
14522 53 0
14523 95 2
14524 68 6
14525 80 3
14527 48 2
14528 71 2
14529 90 1
14530 50 4
14531 31 4
14532 66 3
14533 48 4
14534 20 4
14536 75 6
14537 48 2
14538 43 5
14539 103 0
14541 48 0
14542 225 1
14545 42 6
14547 75 2
14548 45 2
14549 122 6
14551 72 0
14552 72 0
14553 47 6
14554 70 3
14556 72 2
14557 120 2
14558 72 0
14561 38 2
14562 99 2
14563 96 1
14565 125 6
14566 48 4
14567 167 6
14568 47 0
14569 143 0
14571 47 4
14573 47 4
14574 48 1
14575 48 2
14576 48 6
14577 48 0
14578 55 2
14580 82 3
14583 59 4
14585 48 0
14587 36 2
14589 23 0
14591 48 1
14592 23 4
14593 72 0
14594 120 1
14597 52 0
14600 67 6
14601 123 1
14603 50 0
14605 38 4
14606 71 1
14607 95 2
14608 120 2
14610 96 0
14611 48 2
14612 48 2
14613 95 6
14615 72 2
14616 72 3
14617 71 1
14618 50 0
14619 48 4
14620 48 0
14621 94 4
14622 54 0
14623 31 2
14624 36 4
14625 70 2
14627 72 0
14629 72 2
14630 166 4
14631 48 2
14634 41 3
14635 74 3
14636 83 0
14637 48 4
14639 151 3
14640 102 3
14641 43 0
14642 72 2
14643 65 3
14644 102 1
14645 71 2
14646 48 3
14647 48 3
14648 96 1
14649 57 6
14650 72 4
14652 95 4
14653 57 3
14654 96 2
14656 119 0
14657 120 2
14658 72 2
14659 118 3
14660 30 0
14662 72 0
14663 45 2
14664 72 2
14665 104 2
14667 29 0
14669 72 2
14670 48 6
14671 83 3
14672 48 0
14673 102 0
14676 24 4
14678 216 1
14680 55 0
14682 72 2
14683 78 4
14684 50 3
14685 99 1
14687 48 4
14688 48 4
14692 120 0
14694 48 6
14698 50 3
14699 92 3
14700 48 4
14702 72 0
14704 54 3
14705 118 2
14707 95 2
14708 48 4
14710 226 2
14711 107 1
14712 72 2
14713 29 2
14714 45 4
14715 119 2
14717 51 4
14718 36 6
14719 48 4
14720 60 0
14721 27 6
14722 86 3
14723 57 2
14724 44 0
14725 72 1
14726 53 3
14729 119 1
14730 96 0
14731 72 2
14734 72 1
14735 72 2
14736 72 4
14739 50 4
14740 62 2
14742 135 0
14744 60 3
14746 43 2
14747 68 4
14748 36 2
14749 82 3
14750 48 3
14752 72 3
14753 52 2
14754 131 2
14755 57 2
14756 48 4
14757 71 3
14759 51 3
14760 24 4
14761 176 2
14762 47 2
14764 95 3
14765 48 0
14767 96 3
14768 64 1
14769 166 0
14770 57 4
14771 47 4
14772 71 2
14775 114 2
14776 72 0
14777 95 5
14778 111 1
14780 88 1
14781 59 0
14783 120 1
14784 94 2
14785 96 2
14786 113 1
14787 47 0
14788 37 4
14789 60 0
14790 53 0
14791 72 0
14792 96 4
14793 27 3
14794 71 0
14795 120 2
14796 95 3
14797 48 3
14798 50 4
14799 149 1
14800 95 0
14801 79 4
14802 55 1
14803 238 3
14804 36 5
14808 81 1
14809 72 0
14810 72 0
14811 48 3
14812 25 4
14813 75 2
14814 72 3
14815 74 0
14818 80 0
14820 48 0
14821 48 0
14824 71 4
14825 92 0
14826 48 6
14827 72 3
14829 60 1
14830 142 1
14832 48 6
14833 72 2
14834 48 5
14836 232 2
14837 48 2
14839 25 6
14840 150 1
14842 167 2
14844 39 0
14845 51 2
14846 120 3
14848 62 3
14849 38 4
14851 48 4
14853 56 3
14856 48 3
14858 71 3
14859 57 1
14861 93 2
14862 120 0
14863 58 3
14864 69 3
14865 123 3
14866 72 0
14867 119 0
14868 48 2
14870 38 6
14871 229 1
14873 95 1
14874 48 2
14877 46 4
14878 96 3
14880 67 3
14882 50 4
14884 43 2
14885 50 4
14886 104 2
14890 91 3
14892 35 2
14893 48 4
14894 119 3
14895 71 1
14897 90 3
14899 60 0
14900 47 0
14902 88 6
14903 37 0
14904 71 1
14906 27 1
14907 119 1
14909 46 4
14910 80 3
14912 51 1
14913 119 3
14914 64 2
14919 72 2
14920 25 4
14923 42 6
14924 59 0
14926 147 4
14927 72 1
14928 96 1
14929 79 6
14930 122 4
14931 82 0
14932 70 3
14933 48 2
14937 95 0
14938 24 5
14939 47 2
14940 72 2
14941 48 2
14942 48 3
14944 78 2
14945 48 3
14947 72 0
14948 112 2
14949 72 2
14950 71 3
14951 24 0
14956 168 3
14957 72 0
14958 46 5
14960 25 0
14961 48 4
14962 72 1
14963 48 3
14965 48 1
14966 46 3
14967 103 1
14968 89 1
14969 62 3
14970 96 2
14971 72 0
14972 72 0
14973 61 3
14974 144 2
14975 77 2
14976 48 1
14977 72 6
14979 71 0
14981 48 2
14984 44 1
14985 48 2
14986 32 0
14990 75 0
14992 105 1
14995 74 2
14997 215 2
14998 116 3
14999 49 2
15001 72 2
15004 72 0
15005 48 1
15006 48 1
15007 72 2
15008 48 4
15010 52 2
15014 60 3
15015 48 3
15016 48 2
15017 71 2
15018 142 1
15020 51 1
15021 48 0
15022 72 4
15023 72 0
15024 78 2
15025 48 2
15027 87 4
15028 120 3
15029 249 1
15031 43 4
15032 168 3
15034 50 2
15035 48 0
15036 39 0
15037 61 1
15038 58 0
15039 96 2
15040 83 2
15041 72 0
15042 149 3
15043 168 1
15044 29 0
15045 58 3
15046 48 4
15047 24 0
15048 72 2
15049 48 0
15050 86 0
15051 41 4
15052 61 2
15053 24 6
15055 88 4
15057 120 1
15058 191 1
15061 82 0
15064 90 3
15065 51 6
15066 35 4
15067 65 3
15068 47 2
15069 143 1
15071 72 3
15074 72 1
15076 46 4
15078 47 1
15081 191 1
15082 72 2
15083 41 1
15084 74 1
15085 96 4
15087 107 4
15088 84 1
15090 48 2
15092 63 3
15093 48 4
15094 144 1
15095 103 4
15096 52 4
15098 24 4
15099 72 4
15101 30 6
15104 48 3
15106 75 2
15107 285 3
15113 72 2
15114 35 3
15115 77 1
15117 72 3
15118 24 0
15119 442 1
15120 47 0
15121 72 2
15122 72 2
15123 95 3
15124 93 3
15125 95 0
15126 24 0
15129 96 1
15130 75 0
15131 75 4
15134 35 6
15136 29 3
15137 118 3
15140 68 3
15141 96 2
15142 107 3
15143 48 1
15145 132 3
15146 47 4
15147 59 4
15150 100 3
15151 48 4
15153 96 1
15154 144 1
15155 80 2
15157 68 2
15159 96 2
15160 46 2
15162 48 3
15163 33 0
15164 64 3
15165 48 2
15166 96 3
15167 98 3
15170 311 2
15172 49 0
15173 65 3
15175 71 3
15176 83 3
15178 72 0
15179 96 2
15180 48 0
15182 143 1
15183 41 6
15184 148 6
15185 48 4
15187 45 4
15188 72 0
15189 41 2
15190 48 2
15191 75 2
15192 74 5
15194 143 0
15195 71 3
15199 47 0
15200 108 1
15201 56 4
15202 55 2
15203 165 2
15204 51 4
15206 81 0
15207 126 1
15208 91 3
15209 40 1
15210 48 0
15211 95 0
15212 48 3
15213 38 3
15214 144 2
15216 72 0
15217 72 2
15218 50 2
15219 72 2
15221 100 3
15222 62 2
15224 62 0
15226 55 3
15227 71 0
15228 96 1
15229 48 2
15230 96 0
15233 109 4
15234 77 3
15235 303 2
15236 59 3
15238 80 1
15239 55 6
15242 24 4
15244 48 5
15245 58 3
15246 96 3
15247 48 3
15248 75 1
15250 48 1
15251 136 0
15252 58 4
15254 72 3
15255 478 2
15256 105 4
15257 24 3
15258 71 6
15259 92 0
15260 47 2
15265 88 4
15266 48 3
15267 49 3
15268 99 1
15272 148 2
15274 28 0
15275 50 6
15276 48 4
15277 52 5
15279 197 2
15280 64 3
15282 67 2
15283 89 4
15284 118 1
15285 72 3
15286 46 2
15289 72 0
15290 72 2
15291 80 1
15292 46 2
15297 72 0
15300 48 1
15301 165 3
15302 120 2
15303 98 6
15305 72 0
15306 48 2
15307 72 2
15308 78 1
15310 72 1
15313 59 4
15314 46 2
15315 87 1
15318 142 0
15320 262 4
15321 73 1
15322 25 4
15323 52 0
15327 47 4
15328 34 4
15329 58 2
15330 53 4
15332 57 3
15333 111 1
15334 66 2
15335 24 4
15337 48 2
15339 113 1
15341 47 1
15342 47 0
15343 62 3
15344 96 0
15345 157 2
15346 112 3
15347 84 3
15348 69 3
15349 48 3
15350 72 0
15351 114 0
15352 143 2
15354 50 6
15357 25 1
15359 84 3
15361 72 2
15362 72 0
15363 30 3
15364 96 1
15365 96 2
15366 48 2
15367 81 0
15368 120 0
15369 89 1
15370 48 2
15371 119 0
15373 60 2
15375 95 1
15378 96 2
15380 60 3
15381 47 6
15382 68 2
15383 96 6
15385 47 1
15386 62 6
15387 44 4
15389 82 3
15391 95 4
15393 239 1
15394 72 4
15395 200 2
15398 48 6
15399 124 6
15400 47 0
15402 157 0
15403 115 1
15404 60 1
15405 96 6
15406 214 3
15409 48 4
15411 48 6
15412 47 1
15413 48 4
15415 56 6
15416 72 2
15417 47 4
15418 98 4
15419 92 1
15420 59 0
15421 48 3
15422 48 2
15423 72 2
15424 48 0
15425 45 3
15426 68 3
15427 72 3
15428 48 6
15429 38 4
15430 72 4
15431 94 3
15432 52 0
15433 75 2
15435 72 0
15436 148 3
15437 154 3
15438 71 1
15439 120 2
15442 59 4
15443 146 1
15444 155 1
15445 48 4
15446 71 1
15447 95 1
15449 143 0
15451 47 3
15452 40 4
15455 50 4
15456 70 2
15457 96 3
15458 72 0
15460 103 4
15461 66 2
15463 125 2
15464 66 6
15467 47 6
15468 68 1
15469 95 3
15471 95 2
15472 36 3
15476 51 1
15478 72 1
15480 48 4
15482 75 3
15484 35 3
15485 69 0
15486 168 2
15487 24 5
15489 72 2
15490 95 4
15491 78 2
15493 76 3
15495 96 2
15496 88 0
15498 74 0
15500 25 6
15502 48 1
15503 41 1
15505 90 4
15506 30 5
15507 48 0
15509 89 3
15510 56 0
15512 48 0
15514 38 4
15519 48 2
15520 64 3
15524 107 3
15525 49 4
15527 64 3
15531 52 3
15532 118 2
15533 48 4
15535 66 0
15536 68 6
15538 65 0
15539 48 0
15540 48 4
15541 47 3
15542 49 4
15543 48 3
15546 53 2
15548 48 4
15549 75 2
15550 36 4
15551 47 6
15553 64 0
15556 48 0
15557 57 0
15558 178 3
15559 143 1
15560 71 0
15561 59 3
15562 79 3
15563 72 2
15564 72 1
15565 45 3
15566 47 2
15567 48 4
15568 70 3
15570 95 2
15572 47 2
15573 68 6
15574 24 6
15578 58 3
15579 101 3
15580 42 4
15581 48 4
15582 71 3
15583 35 6
15584 91 1
15587 48 0
15589 72 2
15590 62 0
15591 90 3
15592 69 4
15593 144 2
15594 48 6
15595 68 3
15596 95 1
15599 23 6
15600 86 2
15602 58 2
15603 29 6
15604 64 0
15605 48 2
15606 55 3
15607 48 1
15608 70 2
15609 71 3
15610 50 5
15611 72 3
15614 38 4
15616 23 6
15617 92 3
15622 45 1
15623 24 3
15627 77 4
15630 65 0
15631 63 3
15632 72 3
15634 95 2
15635 96 2
15637 122 1
15638 99 1
15639 48 2
15640 71 2
15641 48 2
15643 93 3
15645 83 2
15650 144 2
15651 119 2
15653 239 1
15654 89 3
15657 59 0
15659 50 4
15660 92 3
15662 95 4
15663 90 2
15664 96 4
15665 40 0
15666 59 3
15667 72 3
15668 25 3
15670 52 3
15672 86 2
15674 40 6
15675 131 1
15677 117 4
15678 72 0
15679 129 0
15680 89 2
15681 71 1
15684 48 4
15685 132 0
15688 57 1
15690 62 6
15693 72 1
15694 120 0
15695 72 1
15696 62 1
15697 48 1
15699 72 1
15701 48 1
15703 47 0
15704 72 2
15705 71 1
15706 36 3
15707 60 3
15708 48 0
15709 59 0
15711 90 1
15714 42 3
15715 59 0
15716 69 1
15717 49 3
15718 47 2
15719 71 3
15721 56 1
15724 71 2
15725 48 0
15727 72 3
15728 116 2
15729 102 3
15730 72 1
15731 48 0
15732 72 2
15734 92 3
15736 48 0
15737 72 2
15738 239 2
15739 71 0
15740 72 4
15741 47 3
15742 72 1
15743 50 3
15745 48 1
15746 41 2
15747 67 2
15748 120 1
15750 230 1
15751 47 2
15752 47 0
15755 79 4
15756 29 1
15757 81 2
15758 48 2
15759 216 2
15760 119 2
15761 63 4
15762 95 2
15764 71 2
15767 96 1
15770 48 2
15771 201 1
15773 57 4
15774 70 4
15778 101 2
15779 48 2
15781 205 3
15782 47 2
15783 40 1
15784 48 2
15785 70 0
15786 24 4
15787 96 2
15788 144 1
15790 113 0
15791 71 2
15792 48 0
15794 72 4
15795 34 0
15796 50 2
15797 48 3
15798 93 0
15800 50 2
15801 48 3
15802 50 1
15803 120 5
15804 67 4
15805 40 5
15806 36 1
15807 48 3
15809 72 0
15810 72 2
15811 48 3
15815 78 6
15816 119 2
15817 72 2
15818 83 0
15820 128 6
15821 50 0
15822 72 2
15823 125 2
15824 72 2
15825 68 4
15826 48 4
15827 120 1
15829 72 2
15832 38 1
15833 38 4
15834 50 2
15835 72 0
15838 99 2
15841 48 3
15842 95 1
15843 72 0
15846 120 2
15847 38 3
15848 41 0
15849 62 2
15851 100 1
15853 23 3
15854 50 2
15855 34 3
15856 47 3
15860 125 2
15861 215 2
15862 72 2
15863 143 0
15864 36 0
15865 143 0
15866 48 0
15869 72 3
15870 48 6
15871 47 2
15872 92 0
15873 96 3
15874 25 4
15875 72 1
15877 72 2
15879 48 4
15881 48 1
15883 71 2
15884 48 6
15885 47 0
15886 54 1
15887 48 4
15888 75 2
15889 144 1
15891 93 1
15892 38 3
15893 117 2
15895 47 0
15896 67 3
15898 48 2
15902 48 0
15903 68 0
15904 24 3
15906 66 4
15907 143 6
15909 34 2
15910 96 1
15912 47 6
15914 48 2
15915 70 0
15918 41 0
15919 49 3
15920 75 3
15921 63 4
15922 155 2
15924 47 4
15925 48 1
15927 83 0
15928 48 4
15932 50 5
15933 91 1
15934 48 6
15935 111 2
15939 67 2
15940 288 1
15941 57 4
15942 111 2
15945 55 0
15947 50 0
15948 24 3
15950 50 0
15954 116 6
15955 143 1
15958 74 4
15961 72 2
15962 64 6
15964 75 2
15965 48 4
15966 59 2
15967 165 4
15968 84 2
15969 52 0
15970 46 3
15972 72 2
15973 54 0
15976 51 6
15977 95 0
15978 47 1
15979 72 2
15980 49 3
15982 75 4
15983 144 1
15984 36 4
15986 78 0
15988 48 0
15989 70 2
15990 71 3
15992 78 0
15995 48 2
15996 31 6
15997 275 1
15998 126 2
15999 50 3
16000 80 4
16001 48 3
16002 72 4
16003 66 3
16004 64 4
16005 47 3
16007 72 2
16008 82 2
16009 96 4
16010 121 2
16011 48 2
16012 55 0
16013 48 0
16015 21 3
16016 47 0
16017 39 1
16021 49 3
16023 115 3
16024 117 2
16026 99 1
16027 68 6
16028 96 0
16029 96 0
16030 48 2
16031 170 3
16032 71 2
16033 48 1
16034 48 2
16035 48 0
16036 67 0
16037 48 4
16038 95 2
16040 144 1
16042 53 4
16043 46 2
16044 108 2
16046 57 4
16047 48 2
16048 48 3
16049 72 1
16051 120 2
16053 49 3
16054 72 2
16055 64 1
16057 95 0
16058 115 0
16059 144 1
16060 72 2
16061 66 1
16062 34 0
16063 69 3
16064 48 2
16065 108 2
16066 96 0
16067 67 0
16068 74 0
16069 62 1
16070 63 5
16073 57 2
16076 72 2
16077 70 4
16078 65 0
16079 72 0
16080 48 1
16082 66 0
16084 38 3
16085 47 2
16086 37 2
16087 48 0
16091 40 3
16092 53 4
16093 109 2
16095 120 2
16096 53 0
16097 167 2
16099 46 0
16100 72 1
16101 143 1
16102 48 0
16103 48 3
16104 48 0
16105 126 1
16106 155 3
16107 72 1
16108 39 6
16110 63 1
16111 96 1
16114 168 1
16115 55 1
16116 96 4
16117 165 3
16118 50 2
16119 49 3
16120 142 0
16121 81 2
16122 48 2
16125 48 6
16126 106 3
16127 168 0
16129 57 2
16130 72 2
16131 72 2
16133 335 2
16134 53 2
16136 85 3
16137 86 3
16139 48 0
16144 95 2
16145 48 0
16146 93 3
16147 102 3
16149 75 3
16150 120 0
16151 120 0
16153 70 6
16154 74 1
16155 48 3
16156 48 0
16158 53 3
16159 72 0
16160 96 3
16162 43 4
16164 71 2
16166 74 6
16167 48 0
16168 75 3
16169 36 3
16170 144 3
16171 237 1
16172 252 1
16174 50 6
16176 56 3
16177 48 4
16181 94 1
16182 174 1
16184 72 3
16186 62 3
16187 48 2
16188 100 3
16189 61 0
16192 59 5
16193 48 0
16196 96 0
16197 48 3
16198 96 1
16200 31 6
16202 65 0
16204 72 2
16208 24 4
16209 42 3
16210 48 2
16212 48 0
16213 189 3
16214 48 3
16215 48 1
16216 47 3
16217 47 1
16219 72 2
16220 38 3
16222 84 2
16223 50 1
16224 59 3
16225 100 3
16226 71 1
16228 61 0
16229 104 2
16234 42 0
16236 48 4
16237 31 6
16238 45 4
16239 71 2
16240 48 0
16242 48 3
16243 69 3
16244 168 0
16245 105 2
16246 71 2
16247 58 2
16248 48 2
16249 72 2
16250 72 2
16251 80 1
16253 60 6
16254 72 2
16255 127 1
16256 67 0
16257 48 2
16258 72 2
16259 48 3
16260 71 2
16261 29 6
16262 67 3
16263 25 4
16264 72 3
16265 95 1
16266 105 3
16267 72 3
16269 120 3
16270 48 3
16272 137 1
16273 48 2
16274 24 6
16275 95 3
16276 30 3
16279 72 2
16280 86 2
16281 61 1
16283 35 6
16286 67 2
16287 48 2
16288 81 1
16291 72 2
16292 174 2
16294 60 3
16295 48 1
16298 48 1
16299 55 5
16300 75 6
16302 96 0
16305 72 0
16306 45 0
16309 24 6
16310 42 6
16311 88 3
16314 117 3
16315 44 2
16316 53 4
16317 72 3
16320 48 0
16321 65 4
16322 72 4
16323 72 1
16324 51 2
16325 119 3
16328 46 6
16331 71 0
16333 81 1
16334 48 2
16335 48 3
16337 102 2
16338 118 1
16339 120 2
16342 59 6
16346 55 0
16347 95 1
16348 32 2
16353 39 4
16354 56 4
16355 96 2
16356 147 4
16357 83 0
16359 51 0
16360 47 0
16361 48 4
16362 81 1
16363 145 1
16364 99 6
16365 100 2
16366 72 4
16367 48 1
16368 71 3
16370 65 2
16371 48 0
16372 22 6
