02522 66 5
02536 65 5
02578 51 6
02581 27 5
02588 48 6
02595 60 5
02630 71 6
02636 91 6
02638 35 6
02661 97 6
02675 72 6
02677 55 6
02681 48 5
02702 106 6
02724 47 6
02771 67 6
02772 53 6
02779 36 6
02818 170 6
02854 72 5
02860 72 6
02895 104 6
02900 112 6
02905 62 6
02925 39 6
02950 37 6
03030 35 5
03060 167 6
03093 94 6
03096 52 6
03099 73 6
03135 96 6
03138 143 3
03145 56 3
03164 48 6
03178 168 3
03187 96 3
03188 37 6
03191 52 6
03192 48 6
03194 63 3
03202 81 6
03204 50 3
03213 65 6
03230 30 6
03233 174 3
03234 48 3
03235 38 3
03238 65 3
03241 72 3
03250 47 3
03257 48 6
03259 106 5
03267 54 3
03271 96 0
03279 96 3
03281 72 0
03282 136 6
03284 37 0
03285 89 5
03287 44 6
03292 185 3
03295 120 6
03297 215 5
03298 75 3
03300 46 0
03304 36 0
03308 72 6
03310 50 0
03312 191 0
03315 124 6
03316 72 0
03317 47 3
03322 35 0
03325 37 6
03330 240 0
03331 60 0
03332 62 0
03338 48 3
03341 36 0
03343 108 1
03344 69 3
03347 79 3
03349 14 5
03351 42 6
03352 96 1
03353 48 6
03354 72 3
03357 120 1
03359 71 1
03361 43 6
03366 48 1
03367 96 1
03371 90 1
03372 111 0
03373 96 1
03374 93 6
03375 42 6
03376 148 1
03377 48 6
03379 96 3
03381 85 5
03383 60 3
03384 88 1
03385 42 0
03386 24 1
03387 126 6
03388 75 6
03391 70 0
03392 24 3
03393 47 3
03394 144 1
03395 74 1
03396 71 0
03397 107 1
03398 72 0
03401 72 0
03403 207 1
03405 85 1
03410 47 6
03415 97 0
03419 48 3
03422 92 0
03423 72 3
03424 120 3
03425 48 6
03426 111 0
03428 75 0
03429 111 1
03432 96 0
03434 48 0
03438 94 1
03439 50 1
03441 248 1
03443 72 0
03444 79 1
03445 68 1
03447 48 3
03448 72 0
03450 82 1
03452 68 3
03455 48 0
03462 48 3
03465 38 3
03466 56 3
03467 76 3
03469 72 6
03471 72 6
03472 95 1
03474 52 6
03477 131 1
03478 96 3
03479 72 0
03481 74 1
03482 39 6
03483 89 0
03484 139 3
03485 96 0
03486 48 6
03487 96 0
03490 64 3
03497 24 0
03498 78 0
03499 119 1
03501 76 1
03504 48 0
03507 48 3
03510 48 1
03511 64 0
03514 46 1
03516 77 3
03517 60 0
03518 48 1
03520 58 3
03523 139 1
03528 48 3
03529 70 0
03530 48 0
03536 114 6
03537 88 1
03538 48 3
03539 48 0
03540 71 0
03541 48 1
03542 116 0
03543 48 0
03546 82 3
03548 94 1
03550 72 3
03551 47 3
03552 30 3
03556 154 1
03557 56 6
03559 60 3
03560 84 3
03561 100 0
03563 186 0
03564 72 1
03566 48 0
03567 96 0
03569 24 3
03571 120 1
03572 72 1
03573 111 3
03580 36 6
03581 40 3
03588 86 0
03589 133 3
03590 48 2
03591 143 0
03592 72 2
03593 72 1
03594 72 2
03597 96 0
03598 96 0
03602 29 3
03603 120 0
03604 48 6
03605 25 2
03606 95 3
03609 47 0
03610 72 2
03613 105 2
03614 48 0
03615 96 1
03616 78 1
03617 24 1
03618 34 2
03620 48 0
03622 48 0
03623 71 6
03625 35 6
03626 144 1
03628 62 1
03629 96 2
03632 36 0
03633 146 6
03635 90 1
03636 377 3
03637 60 2
03638 124 6
03639 120 0
03641 62 1
03642 96 3
03644 119 2
03646 59 0
03648 47 2
03650 82 0
03652 75 3
03655 209 1
03658 48 2
03659 61 3
03661 62 2
03663 48 6
03664 70 0
03665 119 1
03666 23 2
03667 45 3
03669 102 1
03670 48 1
03671 51 6
03672 48 1
03673 48 2
03674 117 1
03675 26 6
03677 103 1
03678 24 0
03679 25 6
03683 48 1
03684 95 1
03685 24 6
03686 24 3
03692 243 3
03693 119 1
03694 72 3
03696 64 6
03697 144 1
03699 76 1
03700 48 1
03703 72 0
03704 59 2
03705 26 6
03706 72 1
03710 48 2
03711 47 3
03712 96 2
03715 72 3
03717 60 0
03718 36 3
03719 72 3
03723 66 2
03727 168 0
03730 45 0
03731 176 2
03732 70 1
03733 71 0
03734 96 3
03735 44 0
03736 65 3
03737 96 1
03739 59 1
03740 47 2
03741 65 6
03742 48 2
03743 52 0
03745 88 3
03749 48 2
03750 75 6
03753 48 1
03756 72 0
03758 46 3
03760 48 0
03761 68 0
03763 120 1
03764 70 3
03767 153 0
03768 72 2
03769 96 2
03772 95 3
03773 120 1
03775 86 3
03776 51 1
03777 41 3
03778 215 6
03779 60 6
03780 47 3
03781 47 2
03782 72 2
03784 72 1
03785 67 1
03786 58 1
03787 48 1
03788 120 1
03789 63 0
03793 59 3
03794 26 3
03797 48 6
03798 72 0
03799 169 6
03800 48 0
03801 241 2
03803 48 0
03804 66 1
03807 48 2
03810 119 0
03811 71 2
03812 92 1
03815 56 6
03816 96 3
03817 109 6
03818 61 1
03819 110 0
03820 46 0
03821 71 3
03822 72 3
03824 80 3
03826 47 0
03828 50 1
03830 52 2
03832 47 2
03833 58 6
03835 96 0
03836 72 3
03837 111 1
03840 71 0
03841 48 1
03842 48 3
03843 48 0
03845 45 0
03846 36 6
03848 96 0
03849 72 1
03853 68 2
03854 48 1
03855 112 3
03857 46 2
03858 85 0
03859 48 2
03860 161 3
03861 49 2
03862 83 2
03863 147 2
03864 189 2
03865 90 1
03867 60 0
03868 48 2
03869 48 2
03870 46 1
03872 35 2
03873 71 2
03876 48 3
03878 96 2
03880 96 2
03882 200 2
03883 35 5
03888 143 2
03893 68 2
03894 48 3
03896 67 3
03897 48 0
03900 36 2
03901 42 1
03902 50 1
03903 73 2
03904 83 0
03905 103 3
03906 40 3
03907 49 3
03909 47 2
03910 46 1
03911 88 1
03917 48 0
03919 168 2
03920 48 2
03922 72 0
03925 75 2
03926 96 3
03927 48 1
03928 72 3
03932 116 0
03936 75 6
03940 55 0
03941 96 2
03942 48 0
03943 48 3
03945 20 6
03947 50 0
03949 64 3
03951 120 2
03954 103 2
03955 144 0
03956 48 0
03960 120 1
03961 48 2
03964 36 3
03966 58 3
03968 88 1
03970 48 2
03971 46 6
03972 143 1
03973 72 2
03974 173 1
03976 82 2
03977 72 2
03979 32 6
03981 71 0
03983 48 1
03984 36 6
03985 96 2
03987 216 1
03988 59 2
03989 176 0
03990 147 1
03991 119 1
03992 50 1
03993 62 0
03995 60 2
03996 47 0
03997 48 1
03998 48 2
03999 64 3
04000 35 2
04002 66 6
04004 120 0
04007 119 1
04008 96 2
04009 74 0
04010 71 0
04011 71 2
04014 50 6
04016 73 2
04021 83 2
04022 119 0
04023 96 2
04024 98 3
04025 72 1
04026 56 0
04028 42 0
04029 72 2
04030 72 2
04032 50 0
04033 74 1
04037 168 2
04040 63 1
04041 48 6
04043 72 3
04046 120 3
04047 48 1
04048 52 6
04049 180 3
04052 52 1
04055 48 2
04056 50 0
04057 47 3
04059 48 6
04060 96 2
04063 96 1
04064 60 0
04065 60 0
04067 72 1
04068 91 3
04069 24 1
04070 96 2
04071 120 2
04072 48 6
04074 94 3
04075 83 1
04077 74 2
04078 48 3
04079 119 2
04080 48 2
04082 46 6
04083 140 2
04084 119 0
04085 96 2
04088 69 1
04089 217 1
04090 61 1
04091 144 3
04097 48 0
04098 53 0
04100 47 3
04102 49 0
04103 48 6
04104 40 6
04105 56 0
04106 46 0
04107 110 1
04108 96 0
04109 35 0
04110 72 3
04113 33 3
04114 59 3
04116 49 6
04119 115 1
04120 119 0
04121 60 6
04122 144 6
04124 65 2
04125 104 2
04126 47 2
04127 24 0
04129 24 3
04130 96 2
04131 23 3
04132 144 3
04134 72 2
04135 311 0
04137 72 2
04139 58 6
04140 96 1
04144 69 0
04145 48 3
04147 48 0
04149 48 3
04150 259 6
04151 58 3
04153 48 0
04154 66 0
04155 48 0
04156 39 6
04157 44 6
04158 74 3
04159 71 3
04160 69 6
04161 48 2
04162 72 2
04163 72 1
04164 47 2
04165 48 1
04166 33 1
04168 91 0
04169 68 2
04171 48 2
04173 73 3
04174 95 1
04175 149 0
04176 89 1
04180 48 0
04182 72 1
04185 144 2
04189 48 0
04191 56 1
04192 47 6
04193 48 3
04194 38 6
04196 48 0
04198 17 6
04199 61 6
04202 72 6
04204 83 0
04205 66 6
04207 47 6
04208 24 1
04209 120 2
04211 48 6
04212 45 6
04216 60 1
04218 144 2
04219 71 2
04221 47 2
04223 74 2
04224 71 3
04234 96 1
04235 61 0
04237 94 0
04238 78 6
04239 48 2
04240 130 1
04241 140 3
04244 72 6
04245 34 1
04246 71 2
04248 71 0
04251 72 0
04253 60 0
04255 144 1
04257 78 3
04259 48 0
04261 210 2
04263 82 3
04267 122 2
04268 106 1
04274 63 1
04278 130 2
04279 94 2
04280 191 2
04282 79 1
04283 62 0
04289 24 3
04293 72 6
04294 46 0
04295 48 2
04297 58 2
04299 78 3
04300 72 2
04301 144 2
04303 95 1
04305 100 3
04307 47 3
04309 77 2
04310 70 0
04314 71 0
04315 95 1
04316 69 2
04317 94 1
04318 54 0
04319 50 3
04320 60 3
04322 72 0
04325 32 0
04326 52 3
04328 121 0
04330 120 1
04331 237 1
04332 72 1
04334 69 0
04335 38 3
04336 48 1
04337 60 0
04338 72 1
04340 96 0
04341 59 0
04343 96 3
04344 48 2
04345 135 0
04348 70 2
04350 48 2
04352 93 0
04353 168 3
04356 96 3
04357 58 4
04358 144 2
04359 90 1
04360 136 1
04362 96 0
04364 86 4
04365 73 2
04367 168 3
04369 72 2
04370 60 4
04372 117 2
04376 68 4
04377 71 0
04378 89 0
04380 47 2
04381 64 0
04382 64 2
04384 72 3
04385 95 1
04387 79 0
04388 47 2
04389 121 2
04391 72 3
04392 72 6
04395 48 2
04398 48 3
04399 72 4
04400 75 1
04401 76 0
04402 48 3
04403 47 2
04404 70 3
04405 142 4
04406 95 1
04407 100 4
04408 36 3
04409 48 0
04410 126 1
04411 48 3
04412 47 2
04413 47 0
04414 96 0
04415 72 0
04417 95 4
04418 96 0
04420 48 2
04421 89 1
04423 86 3
04424 36 1
04425 48 3
04427 153 6
04429 18 3
04436 48 0
04437 125 1
04438 47 0
04439 57 0
04440 120 0
04447 106 3
04448 119 3
04449 44 3
04450 59 0
04451 144 4
04452 82 0
04453 83 3
04454 68 2
04455 144 1
04456 195 1
04457 70 6
04458 72 0
04459 178 1
04460 72 0
04461 48 3
04462 48 4
04464 64 2
04468 144 1
04469 47 0
04470 19 3
04471 213 1
04473 48 2
04474 72 1
04475 48 1
04476 44 3
04477 48 2
04478 48 0
04480 106 3
04481 24 6
04482 60 2
04483 34 0
04486 105 4
04487 55 3
04488 86 2
04491 50 3
04492 48 2
04493 82 0
04494 76 0
04495 192 2
04497 92 2
04498 72 2
04499 135 1
04500 72 2
04501 46 4
04502 71 6
04503 70 3
04504 47 1
04505 65 0
04507 17 3
04508 72 4
04510 47 0
04511 48 4
04512 64 3
04513 71 1
04516 53 1
04517 216 1
04518 72 1
04519 84 2
04521 87 4
04522 47 2
04524 48 4
04525 95 2
04526 51 4
04527 72 3
04528 144 6
04533 216 1
04535 48 4
04536 66 1
04537 41 2
04540 48 1
04541 114 0
04542 72 0
04543 48 0
04544 72 2
04546 48 3
04547 47 1
04548 96 1
04549 48 1
04550 48 1
04552 55 3
04554 96 3
04555 18 1
04556 48 2
04557 96 2
04558 48 3
04559 119 5
04560 72 3
04561 11 0
04562 71 2
04563 149 3
04564 101 2
04566 47 2
04567 59 0
04569 71 0
04570 99 2
04571 94 4
04572 87 4
04573 96 0
04574 48 0
04575 72 2
04576 48 6
04577 77 0
04578 98 2
04580 29 2
04581 64 0
04584 68 3
04585 50 3
04586 48 6
04587 66 3
04588 48 1
04589 120 2
04590 86 2
04592 105 4
04593 48 2
04595 72 3
04597 35 1
04598 73 2
04599 87 1
04600 56 2
04601 96 3
04602 56 2
04605 190 1
04606 81 3
04607 48 3
04610 46 3
04611 38 2
04612 48 0
04615 49 3
04616 95 1
04617 96 3
04618 48 3
04619 144 2
04620 108 2
04621 48 0
04623 79 0
04624 75 0
04625 161 2
04626 64 0
04627 85 4
04628 48 3
04629 85 0
04630 129 1
04632 50 0
04633 175 1
04634 70 1
04635 46 6
04636 124 4
04642 48 0
04644 162 1
04646 32 4
04647 121 3
04649 84 3
04650 51 6
04651 58 4
04652 100 0
04654 110 0
04656 85 2
04657 72 4
04658 67 2
04659 72 2
04660 96 1
04661 86 3
04662 51 4
04664 72 3
04665 73 0
04666 48 2
04667 100 3
04668 145 0
04669 141 3
04670 24 4
04671 95 4
04672 96 3
04673 50 0
04674 69 0
04678 50 2
04679 124 0
04680 63 1
04681 46 0
04684 72 0
04685 72 3
04686 46 3
04687 43 6
04688 64 0
04692 72 1
04693 96 6
04694 48 0
04695 46 2
04699 47 4
04701 47 1
04702 72 0
04704 48 0
04705 43 0
04706 47 2
04708 72 2
04709 72 4
04710 48 2
04713 71 0
04719 48 1
04720 61 0
04721 48 2
04722 47 3
04723 96 0
04724 72 2
04725 48 2
04727 52 3
04728 39 3
04729 72 0
04730 72 4
04732 72 2
04733 45 6
04734 70 1
04737 87 2
04738 72 1
04739 47 4
04743 98 0
04744 71 6
04745 91 2
04746 60 3
04748 40 6
04749 72 1
04750 96 2
04753 48 4
04754 53 3
04755 37 0
04756 93 0
04757 143 0
04759 80 3
04760 82 0
04761 233 0
04762 120 2
04763 48 2
04764 47 3
04768 55 1
04769 119 0
04771 38 1
04772 96 3
04773 48 2
04776 167 2
04777 23 1
04778 95 2
04779 42 4
04781 200 0
04784 48 0
04786 75 6
04787 168 2
04789 84 2
04790 40 0
04791 47 3
04792 82 0
04795 119 1
04796 72 2
04797 48 5
04798 225 0
04799 200 2
04800 48 3
04801 59 6
04802 50 0
04803 55 6
04804 120 2
04805 77 2
04806 48 4
04807 48 6
04808 75 1
04809 168 0
04810 113 6
04811 96 0
04812 47 1
04813 56 2
04815 59 3
04817 57 6
04818 67 1
04819 61 0
04822 191 1
04824 104 3
04825 69 6
04827 82 1
04829 72 4
04830 72 6
04832 48 2
04833 95 0
04835 94 3
04836 72 2
04837 71 1
04839 129 1
04841 70 1
04843 24 3
04844 71 3
04845 95 3
04846 72 1
04849 120 3
04850 38 0
04851 48 4
04853 48 3
04855 146 2
04858 48 0
04859 48 4
04860 73 2
04861 30 6
04863 53 0
04864 74 2
04866 24 3
04867 24 2
04868 72 4
04872 48 0
04873 90 0
04874 94 0
04875 70 0
04876 119 6
04877 84 2
04878 72 0
04879 84 6
04882 40 2
04883 39 3
04884 96 3
04885 144 2
04888 48 3
04889 45 0
04890 48 0
04891 142 2
04892 45 4
04893 96 3
04894 72 0
04896 94 3
04897 96 0
04898 48 2
04899 94 0
04900 84 1
04901 72 0
04903 167 2
04904 71 2
04905 192 1
04906 72 4
04909 43 2
04910 48 0
04912 38 4
04915 192 0
04916 72 2
04917 72 2
04918 78 4
04919 45 4
04920 72 1
04922 72 4
04923 57 0
04924 46 4
04925 96 2
04927 40 6
04928 47 4
04930 72 3
04931 234 3
04933 48 2
04934 48 0
04935 72 1
04936 48 0
04937 74 3
04938 95 2
04939 129 6
04940 96 4
04941 23 6
04942 72 2
04943 48 2
04944 78 6
04945 77 3
04947 48 0
04948 47 2
04949 201 1
04950 74 3
04951 48 4
04952 100 0
04953 24 4
04954 131 1
04956 69 0
04957 81 3
04958 96 4
04959 71 0
04960 48 3
04961 72 0
04962 96 2
04966 54 6
04967 167 1
04969 44 0
04971 19 5
04972 48 0
04974 81 3
04975 43 4
04978 95 2
04980 28 6
04981 23 5
04982 159 3
04983 48 2
04984 39 6
04985 47 0
04986 96 1
04989 69 3
04991 168 0
04992 58 6
04993 73 2
04995 118 3
04996 119 2
04997 48 2
04998 50 6
04999 40 1
05000 96 0
05001 48 4
05002 71 0
05006 47 2
05007 96 3
05008 34 3
05010 72 2
05013 120 1
05014 96 4
05016 47 0
05017 51 2
05022 168 2
05023 70 0
05024 28 6
05025 48 0
05028 216 0
05029 48 0
05033 30 6
05035 100 3
05036 96 0
05037 144 1
05038 92 4
05042 96 3
05044 48 3
05046 96 0
05047 93 2
05049 72 1
05050 72 3
05051 59 3
05054 72 0
05055 94 3
05057 43 4
05060 52 0
05061 48 0
05063 47 1
05064 33 3
05065 120 1
05066 72 1
05067 96 0
05068 48 4
05069 84 3
05070 192 0
05072 48 3
05073 69 1
05074 168 0
05077 63 4
05078 74 3
05079 46 2
05080 47 3
05082 262 1
05083 84 3
05084 58 6
05085 96 6
05087 146 2
05088 81 6
05089 48 4
05090 71 0
05091 71 1
05092 144 2
05094 77 3
05095 72 1
05096 44 1
05097 55 6
05098 58 0
05099 68 4
05101 126 2
05103 48 3
05104 71 3
05105 100 2
05107 48 2
05108 48 2
05109 48 4
05110 70 3
05111 166 0
05112 72 2
05113 46 4
05114 30 6
05115 48 3
05118 96 3
05120 67 3
05121 51 3
05122 72 3
05123 48 2
05125 45 6
05126 48 0
05128 191 1
05129 48 3
05130 196 1
05131 95 3
05132 48 0
05133 100 0
05134 71 4
05137 83 1
05139 194 0
05141 62 6
05142 72 1
05143 40 1
05144 41 0
05147 66 0
05148 77 6
05149 68 0
05150 78 4
05151 120 3
05152 84 4
05154 69 1
05155 48 3
05156 108 1
05157 498 0
05158 75 4
05161 48 1
05162 56 4
05164 48 2
05166 54 0
05168 95 0
05170 72 0
05171 216 3
05172 72 0
05173 114 2
05175 50 6
05176 50 6
05180 65 0
05181 168 2
05182 69 3
05183 135 3
05184 48 0
05185 285 1
05186 48 3
05187 38 6
05188 48 6
05189 75 3
05190 48 2
05191 24 4
05192 60 2
05193 62 1
05194 24 1
05196 42 0
05197 83 0
05199 47 4
05201 167 0
05202 47 2
05204 61 4
05206 50 0
05207 48 4
05209 35 6
05210 21 4
05211 48 4
05213 75 3
05214 96 0
05216 56 5
05217 61 3
05218 81 3
05219 110 2
05220 168 2
05221 71 1
05222 96 1
05223 39 3
05224 90 2
05226 72 2
05227 407 1
05228 46 0
05229 83 2
05230 148 1
05232 51 0
05233 48 1
05234 72 0
05235 69 4
05236 62 6
05237 48 1
05238 66 1
05239 80 5
05241 80 4
05242 47 2
05243 95 4
05244 46 4
05245 75 2
05246 48 3
05247 69 6
05248 75 3
05249 71 2
05250 67 6
05251 48 2
05253 66 3
05254 48 2
05255 86 1
05256 93 3
05259 120 4
05261 90 2
05263 72 6
05264 94 2
05265 96 6
05268 46 1
05270 48 4
05272 264 1
05273 48 2
05274 97 3
05275 48 4
05278 144 1
05279 66 1
05280 118 1
05281 71 2
05282 48 3
05283 63 1
05284 48 3
05285 72 0
05286 22 6
05288 100 4
05290 23 4
05291 27 2
05292 39 3
05294 72 1
05297 48 6
05299 76 3
05300 42 0
05301 48 1
05303 27 4
05304 53 6
05306 97 1
05307 115 0
05308 57 0
05310 59 3
05311 48 0
05312 75 4
05313 50 3
05315 48 2
05316 47 4
05318 148 4
05319 72 1
05320 96 0
05321 47 4
05322 39 6
05323 50 1
05324 114 3
05325 59 3
05326 48 5
05327 93 6
05328 46 1
05329 48 0
05331 48 1
05332 144 1
05334 75 2
05335 62 4
05336 141 3
05337 55 4
05339 125 2
05340 72 2
05341 35 6
05342 190 4
05344 72 0
05345 48 0
05346 71 2
05349 24 6
05350 106 1
05354 34 4
05355 53 6
05356 168 2
05357 25 0
05358 72 4
05360 72 3
05362 100 3
05363 54 3
05364 47 4
05366 96 2
05369 42 4
05370 144 1
05371 40 0
05372 31 1
05373 59 1
05374 65 2
05375 95 1
05376 54 1
05378 24 4
05379 167 2
05380 72 1
05381 62 2
05383 47 4
05385 48 1
05386 66 3
05389 80 2
05390 24 4
05392 72 3
05393 144 3
05395 48 3
05396 149 0
05400 97 1
05402 51 0
05403 117 3
05404 104 4
05405 83 0
05406 96 0
05407 69 0
05408 120 2
05411 72 3
05414 71 6
05416 72 0
05417 89 3
05418 134 1
05419 81 1
05421 72 0
05422 71 4
05423 75 0
05425 72 2
05426 48 4
05427 98 1
05428 144 3
05429 168 1
05430 48 3
05431 96 1
05432 72 2
05433 96 0
05434 60 0
05435 47 3
05436 48 2
05437 120 4
05438 48 4
05439 46 0
05440 95 0
05441 70 4
05442 47 3
05443 48 1
05444 48 3
05445 72 3
05448 33 4
05449 94 2
05450 88 0
05452 80 0
05453 72 2
05454 108 1
05455 23 0
05456 33 4
05457 72 2
05459 71 4
05460 87 0
05461 26 3
05462 48 3
05463 41 2
05464 120 6
05465 60 5
05466 34 0
05467 48 3
05468 89 1
05469 96 1
05471 73 2
05472 96 3
05473 143 2
05475 47 4
05477 102 0
05478 103 1
05480 170 2
05482 199 6
05486 70 2
05487 47 4
05488 72 0
05490 60 4
05491 42 0
05494 24 6
05495 66 2
05497 104 3
05499 72 2
05500 126 2
05501 207 1
05503 95 1
05505 48 2
05507 46 3
05508 48 4
05509 78 3
05510 48 3
05511 72 4
05513 192 2
05514 29 2
05516 62 0
05517 110 1
05518 147 2
05519 42 3
05520 73 0
05521 46 1
05522 96 0
05523 123 3
05526 128 3
05527 47 2
05529 71 3
05530 120 3
05531 60 6
05532 71 1
05533 68 2
05534 48 4
05535 96 2
05536 52 0
05537 71 4
05539 48 2
05540 48 2
05541 96 0
05542 24 3
05543 97 1
05544 137 4
05545 48 3
05546 64 2
05547 119 0
05548 51 3
05549 58 0
05550 100 4
05551 72 0
05552 146 5
05553 48 4
05554 25 0
05555 48 0
05556 117 5
05557 96 0
05559 48 4
05561 57 3
05563 83 0
05564 56 2
05565 71 3
05566 173 6
05567 127 1
05568 59 6
05571 71 2
05572 59 0
05574 62 0
05575 76 6
05576 168 3
05577 48 2
05578 47 3
05579 455 1
05581 144 0
05582 47 3
05583 48 4
05584 44 2
05585 110 3
05587 72 1
05588 94 2
05591 120 2
05592 48 3
05594 88 1
05595 72 1
05596 25 4
05598 50 3
05599 118 4
05600 96 2
05601 120 3
05602 48 0
05603 72 0
05605 48 0
05606 96 2
05608 48 3
05609 51 0
05610 46 1
05611 54 4
05612 72 2
05613 80 0
05614 70 0
05615 66 4
05616 55 0
05617 48 1
05619 72 2
05621 144 0
05622 119 0
05623 50 4
05624 125 3
05628 60 2
05631 97 0
05632 48 1
05636 119 1
05638 167 2
05639 117 0
05640 120 2
05641 48 0
05642 50 3
05643 72 4
05644 71 0
05645 72 3
05647 95 0
05648 116 3
05649 24 4
05650 67 4
05651 57 6
05653 48 2
05654 72 0
05656 40 6
05657 72 2
05660 32 6
05661 118 2
05662 48 2
05663 48 1
05664 171 1
05665 134 3
05667 76 3
05668 39 4
05669 48 6
05670 48 4
05671 28 0
05673 50 2
05674 165 3
05675 119 2
05676 71 2
05678 48 0
05680 52 4
05681 120 1
05682 72 0
05683 98 6
05685 114 6
05688 51 0
05689 95 4
05690 63 2
05691 96 2
05692 48 4
05693 74 4
05694 48 2
05695 91 3
05696 120 0
05697 152 1
05698 48 3
05699 17 3
05702 50 4
05704 48 2
05705 63 4
05706 45 3
05708 96 1
05709 44 2
05710 48 3
05711 125 1
05712 40 3
05713 120 6
05714 48 4
05715 71 4
05717 62 6
05718 47 4
05719 168 3
05721 32 3
05723 67 0
05724 75 2
05725 54 3
05726 120 1
05727 62 4
05728 48 3
05729 72 1
05730 71 2
05732 115 0
05733 143 1
05734 48 0
05735 46 1
05736 54 0
05737 51 4
05738 89 4
05739 72 2
05741 133 1
05742 81 6
05743 88 0
05746 100 2
05747 24 6
05748 192 0
05749 95 0
05753 48 6
05754 56 3
05755 168 2
05756 119 3
05757 43 0
05760 175 3
05761 39 0
05763 72 3
05764 65 4
05765 40 1
05766 72 3
05767 159 6
05769 58 2
05770 120 0
05772 71 2
05774 96 2
05775 48 0
05778 71 3
05779 51 3
05780 57 0
05781 48 1
05782 87 5
05785 71 3
05786 72 3
05788 72 0
05789 65 6
05790 33 5
05791 45 3
05792 48 0
05793 65 1
05795 47 2
05796 101 4
05797 72 0
05798 94 4
05799 24 1
05800 75 0
05801 48 2
05803 45 0
05804 24 6
05805 72 2
05806 71 1
05808 72 2
05810 74 6
05812 72 2
05813 64 3
05816 71 0
05817 72 0
05819 152 6
05820 41 6
05822 143 1
05823 33 3
05828 83 1
05829 60 4
05831 96 1
05832 47 2
05833 71 2
05834 72 2
05835 25 3
05836 86 2
05837 96 1
05838 35 0
05841 48 2
05843 47 2
05844 48 2
05845 48 6
05846 59 0
05847 118 1
05848 55 4
05850 64 0
05851 48 6
05853 48 0
05854 48 1
05855 44 0
05856 87 0
05858 77 1
05859 72 2
05861 76 5
05862 41 3
05863 48 2
05865 72 1
05867 48 2
05868 35 4
05869 107 0
05870 238 3
05871 50 1
05873 65 2
05874 48 1
05875 115 3
05877 120 3
05878 75 4
05879 48 6
05880 72 2
05881 48 4
05882 45 6
05885 100 2
05886 93 3
05887 48 4
05888 47 2
05889 42 5
05890 72 3
05891 72 0
05892 48 0
05893 169 0
05894 75 2
05896 147 1
05898 72 3
05899 48 2
05900 119 2
05901 168 2
05902 152 2
05903 93 0
05904 60 6
05905 31 1
05906 60 1
05907 48 0
05908 48 3
05909 48 0
05910 87 1
05912 50 2
05913 86 0
05914 119 2
05915 48 0
05916 53 0
05917 70 3
05919 79 6
05920 51 2
05921 48 3
05922 110 3
05923 38 3
05925 96 0
05927 96 3
05929 83 3
05930 48 0
05931 140 1
05932 72 0
05934 109 4
05935 41 2
05936 72 1
05937 48 2
05938 43 6
05940 145 3
05942 74 3
05944 36 6
05945 72 3
05946 48 1
05948 69 1
05952 145 3
05953 48 4
05954 35 4
05955 96 2
05958 43 3
05960 122 2
05961 48 0
05963 72 3
05964 73 6
05966 47 0
05967 72 4
05968 73 2
05969 93 2
05970 72 0
05972 80 2
05973 72 0
05974 120 0
05976 66 0
05977 103 3
05978 86 6
05980 119 1
05981 48 3
05984 48 0
05985 48 2
05986 42 3
05987 72 3
05988 36 6
05989 96 2
05991 51 6
05992 71 6
05994 48 2
05995 24 4
05997 60 0
05998 48 2
05999 48 0
06001 44 3
06002 96 1
06003 23 2
06004 131 2
06006 35 4
06008 131 3
06009 72 3
06011 43 6
06012 48 4
06013 37 3
06014 96 0
06015 60 2
06016 326 2
06017 65 0
06018 96 0
06019 29 3
06022 48 0
06023 112 3
06025 72 0
06026 48 0
06028 47 0
06029 43 3
06030 60 0
06031 72 2
06032 64 2
06033 72 0
06035 50 2
06036 71 3
06037 63 4
06039 119 2
06040 60 1
06041 66 3
06042 74 2
06043 72 1
06044 48 2
06045 72 0
06046 75 4
06048 48 2
06049 72 0
06051 166 2
06052 50 0
06053 24 6
06054 239 0
06055 96 1
06057 98 3
06058 119 3
06060 72 0
06062 96 3
06064 61 3
06065 72 2
06069 91 1
06071 104 0
06072 192 2
06074 120 3
06075 72 3
06076 47 4
06077 72 0
06078 160 3
06079 112 3
06081 48 6
06082 48 3
06083 97 1
06084 52 1
06085 72 3
06087 48 0
06088 116 1
06089 33 1
06090 40 1
06091 99 1
06094 76 0
06095 84 2
06096 48 3
06097 67 4
06098 48 2
06099 52 2
06100 24 2
06101 120 1
06102 68 3
06103 75 2
06104 60 0
06105 96 1
06106 70 3
06107 144 4
06108 87 4
06109 60 2
06110 46 3
06111 55 0
06113 57 3
06114 72 1
06115 47 3
06116 52 4
06117 75 4
06118 96 2
06119 72 3
06120 48 5
06121 72 6
06122 48 1
06123 96 6
06124 46 2
06125 49 0
06126 49 6
06127 74 6
06128 42 0
06130 68 6
06131 96 0
06132 96 0
06133 72 3
06134 48 2
06137 153 1
06139 96 0
06140 48 4
06142 72 0
06143 95 1
06144 39 4
06146 167 3
06147 62 2
06148 72 3
06149 47 2
06151 161 3
06152 42 3
06153 94 2
06155 307 0
06156 59 4
06157 40 6
06158 84 2
06159 53 0
06160 144 1
06161 48 2
06162 44 0
06163 93 1
06165 28 3
06166 39 4
06168 134 1
06169 68 1
06170 60 5
06171 48 0
06173 50 3
06174 39 4
06176 166 0
06177 50 3
06178 96 2
06180 42 6
06182 96 3
06183 144 1
06184 107 6
06185 102 1
06186 72 3
06187 27 6
06188 96 2
06189 133 1
06190 90 0
06191 46 0
06192 137 0
06193 30 5
06195 72 3
06196 146 1
06198 70 1
06200 48 5
06201 48 6
06202 46 3
06203 71 3
06204 32 6
06206 72 0
06207 167 3
06208 44 6
06209 143 1
06210 75 2
06211 59 0
06212 61 3
06213 186 1
06214 25 6
06215 58 3
06216 76 4
06217 57 0
06218 54 0
06220 90 0
06221 95 2
06222 96 1
06223 125 1
06224 50 1
06226 71 1
06227 71 0
06230 24 3
06231 83 3
06232 125 1
06233 29 3
06235 98 3
06236 76 6
06238 24 6
06239 95 1
06240 36 0
06241 47 2
06242 126 3
06243 137 1
06244 47 3
06246 694 0
06247 120 0
06248 71 6
06249 178 3
06250 71 2
06251 111 1
06252 119 1
06253 80 3
06254 60 4
06255 72 3
06256 25 2
06257 96 3
06258 79 3
06259 61 4
06260 48 1
06263 59 2
06264 48 5
06265 84 4
06267 47 0
06268 72 0
06269 48 1
06270 94 3
06271 94 4
06273 48 0
06274 72 0
06275 87 4
06276 48 0
06277 75 3
06278 50 1
06279 142 2
06280 72 2
06281 70 0
06282 55 1
06283 137 1
06284 170 3
06286 49 4
06287 50 3
06288 85 3
06289 79 6
06290 45 4
06291 48 3
06292 96 4
06293 48 2
06295 81 6
06296 97 2
06297 120 3
06298 61 0
06299 34 6
06300 143 4
06301 106 4
06302 47 2
06303 71 1
06305 58 1
06307 71 2
06308 72 4
06309 96 1
06310 119 2
06311 98 6
06313 100 1
06314 68 0
06315 71 3
06316 70 6
06317 150 3
06318 24 2
06319 48 1
06320 96 2
06321 78 1
06322 120 2
06323 143 2
06324 94 2
06325 62 1
06326 168 1
06328 30 4
06329 74 2
06331 73 2
06332 84 1
06335 89 4
06336 120 2
06337 35 0
06338 53 0
06340 162 3
06341 24 2
06343 58 0
06344 124 3
06345 102 2
06346 39 4
06347 48 6
06349 92 2
06351 72 4
06352 86 3
06353 46 6
06354 92 3
06355 65 2
06356 43 0
06357 43 4
06358 58 6
06359 48 1
06360 96 4
06361 72 2
06362 72 3
06363 144 0
06364 55 3
06365 40 0
06366 48 1
06367 71 3
06368 72 2
06370 45 3
06372 71 0
06373 126 3
06375 275 0
06377 27 6
06378 91 1
06380 48 0
06381 48 6
06382 143 4
06383 47 2
06385 166 1
06387 68 0
06389 47 4
06391 72 1
06392 119 4
06394 48 2
06396 72 2
06397 111 0
06399 57 6
06400 50 3
06402 48 2
06403 187 2
06404 56 2
06405 48 2
06406 48 0
06409 188 1
06410 70 3
06411 144 2
06412 72 2
06413 96 4
06414 185 1
06415 41 6
06416 48 2
06417 48 5
06418 96 1
06419 88 1
06420 72 6
06421 72 1
06423 47 4
06424 95 6
06425 72 2
06426 95 3
06427 120 3
06428 120 0
06429 173 2
06430 86 2
06433 40 0
06434 70 1
06435 263 1
06436 187 1
06441 71 0
06442 48 3
06443 60 0
06445 43 3
06446 62 6
06447 89 0
06448 113 3
06450 100 4
06451 168 3
06452 48 2
06454 120 2
06456 189 1
06457 48 3
06458 72 2
06459 93 1
06460 71 0
06462 72 2
06463 261 4
06464 48 2
06465 77 4
06467 124 3
06470 96 1
06471 72 4
06472 95 0
06474 47 3
06475 111 0
06476 47 5
06478 40 4
06479 58 3
06480 87 1
06481 48 0
06482 47 0
06483 39 2
06484 70 1
06486 45 2
06488 48 4
06489 48 5
06490 704 1
06491 80 6
06492 163 1
06493 47 1
06494 84 1
06496 48 2
06497 61 3
06498 72 2
06499 96 6
06500 82 1
06501 87 1
06502 45 4
06503 63 1
06504 72 2
06505 68 0
06506 239 2
06507 96 2
06508 149 3
06509 47 2
06510 82 3
06511 72 5
06512 48 3
06513 48 2
06514 72 0
06515 48 3
06516 96 0
06517 48 0
06518 285 3
06519 96 6
06520 120 2
06521 72 0
06522 48 2
06523 118 3
06524 72 1
06525 48 6
06526 36 6
06527 48 0
06528 48 3
06530 96 2
06531 119 0
06533 48 4
06535 29 3
06537 72 2
06538 47 3
06541 48 4
06542 49 3
06544 72 0
06545 48 3
06546 71 2
06548 99 1
06549 82 3
06550 48 0
06553 62 3
06554 43 0
06555 48 0
06556 50 2
06558 100 1
06559 49 5
06560 122 6
06561 92 4
06564 37 6
06565 34 0
06566 55 1
06567 56 4
06568 48 0
06569 86 1
06570 120 2
06571 94 2
06572 82 2
06573 84 6
06574 61 2
06577 71 0
06578 96 2
06580 64 3
06581 32 3
06582 60 0
06583 48 3
06585 46 2
06586 72 3
06587 65 0
06588 108 0
06589 85 3
06590 49 0
06591 309 4
06592 41 4
06593 51 0
06594 48 4
06595 93 6
06596 57 2
06597 67 6
06600 35 2
06603 81 0
06604 60 3
06605 65 3
06607 128 2
06608 120 4
06609 140 1
06610 155 0
06611 72 3
06612 71 0
06614 72 2
06615 71 2
06616 48 0
06617 65 2
06618 48 6
06619 94 3
06620 48 2
06621 72 3
06622 119 2
06624 59 4
06625 72 3
06626 52 1
06627 48 2
06628 63 0
06631 68 3
06632 51 3
06633 30 3
06634 48 1
06635 89 3
06636 48 2
06637 72 3
06638 33 1
06639 69 1
06640 48 0
06642 72 0
06643 36 5
06644 120 1
06645 48 0
06646 51 0
06648 48 2
06649 96 3
06650 46 3
06651 24 2
06652 72 2
06653 36 2
06654 48 3
06656 62 0
06658 48 2
06659 47 2
06660 100 0
06661 53 6
06662 72 2
06664 47 2
06667 24 3
06668 75 6
06669 48 0
06671 60 3
06672 72 2
06673 38 0
06674 96 1
06675 48 3
06677 74 1
06678 43 0
06680 100 1
06681 48 1
06682 119 1
06683 48 3
06684 36 3
06685 59 0
06687 96 4
06690 70 2
06692 72 0
06694 75 3
06695 72 6
06696 63 1
06697 57 3
06699 48 2
06700 48 2
06701 50 3
06706 58 0
06707 44 3
06708 39 2
06711 91 6
06712 62 2
06715 262 1
06716 80 2
06717 235 1
06718 96 0
06719 48 1
06721 48 4
06722 71 1
06723 59 2
06725 48 2
06728 34 4
06729 45 6
06730 70 2
06731 71 1
06733 26 4
06736 142 2
06737 14 2
06738 148 3
06741 58 1
06742 50 0
06743 46 3
06744 71 3
06746 72 2
06747 48 3
06749 72 3
06750 141 2
06751 71 0
06752 48 3
06754 71 2
06755 47 0
06756 95 2
06757 61 1
06758 75 0
06760 48 2
06761 144 0
06762 166 0
06763 108 6
06765 62 0
06766 24 6
06769 71 0
06770 72 3
06772 81 3
06773 47 0
06774 48 2
06775 107 4
06776 111 4
06777 92 1
06778 47 0
06779 71 4
06780 96 2
06781 56 2
06782 53 0
06783 119 2
06785 91 0
06786 96 1
06787 60 3
06788 48 0
06789 92 0
06790 48 2
06791 36 3
06792 29 4
06793 103 0
06797 96 2
06798 86 1
06799 72 2
06800 76 5
06801 43 2
06802 48 0
06803 48 0
06805 120 1
06806 35 3
06810 53 1
06811 127 2
06815 48 3
06817 144 1
06818 62 0
06820 60 3
06822 68 2
06824 337 1
06825 47 2
06827 48 2
06829 130 0
06831 58 3
06832 71 0
06833 48 2
06835 69 0
06836 61 3
06837 71 0
06838 48 1
06840 67 2
06843 91 3
06844 48 3
06846 41 3
06847 48 2
06848 53 0
06849 72 2
06850 90 4
06851 72 0
06853 72 0
06854 74 6
06855 72 3
06856 145 1
06857 124 3
06858 150 1
06859 49 6
06860 48 2
06861 41 3
06862 48 0
06863 65 3
06864 67 0
06865 67 0
06866 72 0
06868 96 4
06870 48 2
06873 120 0
06874 60 3
06875 96 0
06879 263 2
06880 118 1
06881 95 3
06882 36 4
06883 44 3
06884 297 1
06885 121 2
06886 72 1
06887 43 1
06888 47 2
06891 26 4
06892 191 2
06893 74 1
06894 24 6
06895 48 1
06897 120 3
06898 72 4
06899 48 3
06900 144 4
06902 48 2
06903 111 3
06904 171 1
06905 48 0
06906 100 1
06907 142 0
06910 24 4
06911 84 0
06912 38 1
06914 46 3
06916 72 2
06917 48 2
06918 91 2
06919 24 4
06921 70 0
06923 270 0
06924 96 2
06926 48 4
06927 48 0
06928 166 2
06930 45 4
06932 75 2
06933 61 1
06934 72 3
06935 48 1
06936 72 2
06937 48 3
06938 101 0
06940 60 0
06941 45 3
06943 47 2
06944 70 2
06945 71 0
06946 120 4
06947 24 1
06948 142 4
06949 41 2
06950 71 0
06951 46 2
06952 47 4
06953 96 0
06954 29 2
06955 72 1
06958 132 6
06960 47 2
06961 107 0
06963 98 0
06966 120 2
06969 144 0
06970 46 1
06971 24 3
06972 64 0
06975 24 2
06976 26 4
06977 64 3
06979 125 3
06980 100 0
06982 38 1
06984 48 1
06987 47 4
06989 58 2
06990 130 3
06991 119 1
06992 24 2
06994 91 3
06995 116 2
06996 36 0
06997 48 2
06998 60 3
06999 48 0
07000 48 4
07002 24 4
07004 61 3
07005 132 1
07006 36 2
07007 53 6
07009 67 0
07010 96 0
07011 46 4
07013 37 2
07014 76 6
07015 93 4
07016 72 3
07018 72 2
07019 70 2
07020 118 4
07021 25 3
07022 41 6
07023 96 1
07024 76 3
07025 49 0
07026 135 1
07027 60 5
07029 56 4
07031 224 2
07033 62 6
07034 119 2
07035 100 4
07036 31 3
07037 48 2
07039 39 2
07040 24 4
07041 60 0
07042 67 3
07045 120 2
07046 48 6
07048 63 1
07049 69 2
07050 53 2
07053 60 3
07055 46 0
07056 48 0
07057 96 1
07058 96 2
07059 72 3
07060 78 6
07061 23 3
07063 72 2
07064 58 2
07065 46 6
07067 72 2
07068 79 4
07069 72 2
07071 48 2
07073 60 4
07074 24 5
07075 52 3
07077 96 0
07079 68 0
07081 47 6
07085 120 4
07086 49 3
07087 75 3
07088 115 3
07089 88 3
07090 66 0
07091 115 1
07092 116 0
07093 168 2
07095 158 3
07097 96 2
07100 82 6
07102 48 4
07103 49 4
07104 32 5
07105 144 0
07106 24 4
07107 96 1
07108 60 1
07109 144 2
07111 66 0
07112 33 0
07113 70 4
07114 68 3
07115 120 0
07118 96 1
07120 46 1
07121 66 5
07122 158 3
07124 112 0
07125 48 4
07127 95 1
07128 64 3
07129 96 2
07130 50 3
07132 57 0
07133 107 4
07134 97 0
07136 72 1
07139 48 3
07140 74 3
07141 80 3
07142 96 3
07143 68 2
07144 36 0
07145 72 0
07147 96 2
07148 124 1
07150 52 2
07151 48 0
07152 48 2
07153 72 1
07154 70 2
07155 71 0
07156 32 0
07157 95 2
07159 134 3
07161 47 4
07163 96 1
07164 95 1
07166 60 4
07167 72 2
07169 48 3
07170 105 4
07171 81 2
07172 81 1
07173 90 0
07174 95 3
07175 48 4
07176 47 2
07177 48 1
07178 37 2
07179 24 4
07180 96 2
07181 50 3
07182 89 1
07183 75 3
07185 47 4
07186 72 2
07187 166 3
07188 119 2
07189 48 2
07190 23 3
07192 72 2
07193 350 3
07194 115 6
07195 50 4
07196 48 2
07197 72 3
07199 120 2
07200 90 1
07202 48 0
07203 95 1
07205 85 2
07206 48 6
07207 48 2
07208 96 2
07209 109 3
07210 36 6
07211 28 5
07213 72 0
07214 48 3
07216 99 6
07217 48 3
07219 48 0
07220 145 2
07222 72 6
07223 48 4
07224 72 2
07226 85 2
07227 72 2
07228 48 3
07230 38 3
07231 48 3
07232 51 2
07233 72 2
07236 66 3
07237 48 3
07239 48 2
07240 66 1
07241 60 4
07242 84 6
07243 64 3
07244 72 3
07245 71 2
07246 72 4
07247 72 3
07249 72 2
07250 50 2
07252 48 4
07254 57 2
07255 27 6
07256 45 0
07257 96 6
07259 59 4
07260 48 1
07261 60 0
07263 89 3
07264 46 2
07266 61 1
07267 24 6
07269 72 4
07270 92 3
07272 30 4
07273 96 2
07275 43 4
07276 239 1
07277 48 6
07280 36 6
07281 49 4
07282 169 0
07283 66 0
07284 53 2
07285 201 1
07286 48 2
07287 80 0
07288 95 0
07290 48 0
07293 72 2
07295 85 1
07298 46 0
07299 74 0
07300 36 2
07301 48 3
07302 45 2
07303 48 4
07305 153 3
07306 96 0
07309 51 2
07311 62 3
07312 120 1
07313 89 2
07315 48 3
07316 96 2
07317 48 2
07319 72 2
07320 29 0
07321 72 3
07322 72 0
07323 85 1
07324 160 0
07326 120 2
07327 185 3
07328 84 3
07329 47 6
07330 331 4
07331 32 2
07332 96 0
07333 37 2
07334 53 0
07335 71 3
07336 72 0
07337 48 4
07338 71 0
07339 43 3
07341 36 5
07342 72 4
07343 48 4
07344 24 3
07345 24 4
07348 69 2
07349 45 0
07350 50 3
07351 94 2
07352 47 2
07353 154 0
07354 60 1
07355 96 3
07356 191 1
07357 192 2
07358 72 4
07359 67 4
07361 130 3
07362 65 0
07364 72 0
07365 58 6
07366 27 3
07368 120 0
07369 38 4
07370 77 0
07374 95 2
07376 34 4
07377 93 4
07378 65 3
07379 119 2
07380 49 0
07383 48 0
07384 68 0
07385 48 3
07386 71 0
07387 175 1
07388 53 3
07390 48 2
07393 108 0
07394 96 3
07395 61 0
07396 24 4
07397 72 1
07399 72 6
07400 70 0
07401 48 0
07402 71 2
07404 89 0
07405 72 4
07407 39 6
07408 120 3
07409 120 1
07410 48 1
07411 72 2
07412 86 3
07413 264 3
07414 72 2
07415 80 2
07417 63 4
07418 39 1
07419 96 2
07420 96 1
07421 48 1
07423 47 2
07424 83 1
07425 31 3
07426 48 3
07427 76 4
07428 70 6
07429 238 3
07430 42 3
07431 168 2
07432 46 1
07433 48 3
07434 77 6
07436 119 2
07438 95 0
07439 42 2
07440 48 4
07442 95 4
07443 95 2
07447 71 0
07449 113 3
07450 48 0
07451 104 3
07452 47 4
07457 197 0
07458 47 2
07459 96 4
07460 48 1
07461 50 0
07462 71 2
07465 72 2
07466 119 2
07468 88 1
07469 49 6
07470 109 6
07472 72 4
07473 72 4
07475 119 1
07476 82 3
07477 72 2
07478 112 1
07480 72 2
07481 56 4
07482 167 1
07483 134 3
07484 48 6
07485 47 1
07486 143 1
07487 46 2
07488 90 2
07489 48 1
07492 87 2
07497 48 2
07498 36 3
07499 120 0
07500 97 2
07501 106 3
07502 24 6
07503 48 3
07504 48 0
07505 95 2
07506 90 2
07507 95 0
07508 77 3
07510 72 0
07511 34 3
07512 51 2
07514 48 0
07515 142 2
07517 39 3
07518 72 1
07520 124 1
07522 120 2
07526 61 2
07529 40 4
07530 70 0
07532 56 0
07533 48 3
07534 95 2
07535 65 1
07536 46 5
07539 191 1
07540 240 4
07541 74 4
07542 72 0
07543 48 0
07544 48 0
07547 70 1
07549 72 2
07550 49 5
07551 95 2
07552 96 0
07553 43 4
07554 106 4
07555 48 3
07557 62 3
07558 73 4
07559 48 2
07560 72 2
07561 47 0
07562 90 3
07563 134 3
07564 88 0
07566 95 4
07567 24 3
07568 75 2
07569 72 2
07572 52 2
07573 53 4
07574 93 2
07575 24 1
07576 119 1
07577 48 1
07578 48 0
07579 24 3
07581 72 0
07582 111 0
07583 38 6
07584 143 2
07586 69 4
07587 68 1
07590 72 4
07591 44 5
07593 47 0
07594 72 0
07595 49 0
07596 39 3
07597 155 3
07598 87 2
07599 110 0
07600 73 2
07601 71 0
07604 136 0
07605 41 2
07606 115 2
07608 72 1
07609 48 2
07610 48 6
07611 48 0
07612 71 3
07615 48 0
07616 123 2
07617 60 6
07619 46 2
07620 20 6
07621 24 4
07622 72 2
07623 40 1
07624 48 2
07625 25 6
07627 96 2
07628 49 2
07629 48 0
07630 171 1
07631 99 2
07632 48 0
07634 144 1
07636 47 0
07637 96 1
07640 69 2
07641 48 4
07643 48 2
07644 72 2
07645 51 0
07646 72 4
07647 65 6
07648 39 0
07650 114 2
07651 46 0
07652 74 3
07658 24 1
07662 85 4
07664 67 1
07665 72 0
07666 48 3
07667 71 0
07668 48 0
07669 41 6
07670 54 0
07671 114 1
07673 74 0
07674 46 1
07675 59 0
07677 48 4
07678 72 0
07679 66 0
07680 111 6
07681 96 0
07684 72 0
07685 94 3
07686 44 2
07687 69 0
07688 71 3
07690 94 0
07691 96 6
07692 168 2
07694 83 3
07696 144 3
07697 239 1
07698 172 1
07699 72 1
07700 96 0
07702 120 2
07705 100 2
07706 120 2
07708 24 4
07709 50 3
07710 48 2
07711 69 3
07712 72 2
07713 72 2
07716 66 0
07717 50 3
07719 38 4
07720 53 3
07721 47 0
07722 80 3
07725 66 3
07726 189 4
07727 119 0
07729 95 2
07730 24 3
07731 48 4
07735 101 3
07736 52 6
07737 106 0
07738 32 3
07743 36 3
07744 107 4
07745 84 0
07747 48 2
07749 72 3
07750 100 6
07751 48 4
07752 141 3
07753 48 6
07754 90 1
07755 58 1
07756 72 2
07758 170 1
07759 48 0
07761 96 2
07762 72 3
07763 24 4
07764 95 1
07765 39 4
07766 168 1
07767 86 3
07768 59 4
07769 95 2
07770 62 0
07771 24 6
07772 57 4
07774 103 1
07777 72 0
07778 130 2
07779 72 3
07780 68 0
07783 90 3
07787 91 4
07788 48 2
07789 106 0
07790 100 2
07791 42 3
07792 51 2
07793 42 4
07795 96 2
07796 380 0
07797 48 4
07798 47 4
07801 131 2
07802 20 1
07804 19 3
07805 68 3
07807 215 2
07808 60 6
07810 120 0
07811 72 0
07812 175 2
07814 144 0
07815 78 1
07816 28 1
07817 30 4
07818 71 5
07819 110 6
07821 72 3
07822 36 3
07823 71 4
07824 47 4
07825 68 6
07827 64 4
07830 168 2
07832 96 1
07834 48 0
07838 27 2
07839 261 4
07840 64 0
07841 49 0
07842 125 2
07843 53 3
07844 35 6
07845 48 6
07848 75 3
07849 48 2
07850 47 2
07851 71 6
07852 72 4
07853 94 5
07854 100 4
07855 117 3
07856 95 4
07857 48 4
07858 190 2
07859 52 1
07862 72 3
07864 81 0
07865 71 2
07866 45 0
07867 57 5
07868 72 2
07869 96 0
07870 120 6
07872 37 0
07873 95 2
07876 57 2
07877 128 3
07878 53 4
07879 54 0
07880 96 2
07882 30 4
07883 47 2
07884 48 2
07885 48 2
07887 48 0
07888 70 2
07890 48 0
07891 142 2
07892 54 1
07893 31 1
07894 101 3
07895 48 4
07896 55 2
07897 31 4
07898 107 1
07899 100 1
07900 141 4
07901 67 1
07905 48 0
07906 58 0
07907 71 2
07908 79 6
07909 84 0
07910 95 0
07911 48 3
07912 48 6
07913 72 0
07914 48 0
07917 72 4
07918 68 0
07920 47 2
07921 56 2
07923 21 1
07924 38 2
07926 47 3
07927 48 0
07928 95 6
07929 48 2
07930 373 1
07931 90 0
07932 47 3
07933 19 3
07934 60 2
07935 24 6
07936 63 1
07937 48 1
07938 49 1
07939 175 1
07940 50 2
07943 96 1
07944 32 3
07945 119 2
07946 44 1
07947 48 4
07948 71 2
07949 51 4
07950 96 6
07951 46 6
07952 71 2
07955 101 2
07956 96 2
07961 96 0
07963 27 0
07965 51 6
07966 71 1
07968 115 1
07969 71 3
07970 107 0
07972 96 2
07973 94 1
07974 48 4
07975 75 4
07976 72 2
07977 86 1
07978 75 4
07979 42 3
07980 47 3
07982 50 1
07983 67 1
07984 96 2
07985 72 1
07986 41 1
07987 95 3
07989 168 0
07991 94 0
07993 113 0
07996 216 1
07997 26 4
07998 48 0
08000 72 2
08002 72 0
08005 72 3
08007 81 6
08008 80 4
08010 48 2
08012 48 1
08015 71 0
08016 119 0
08017 83 4
08018 72 0
08019 75 1
08021 48 2
08022 66 0
08023 147 1
08024 46 3
08025 72 4
08026 68 0
08027 24 6
08028 98 2
08030 46 0
08031 69 3
08032 75 1
08033 29 6
08034 125 2
08035 47 3
08038 12 4
08040 53 0
08042 94 0
08043 94 4
08045 48 1
08047 60 3
08048 72 0
08049 66 4
08050 89 0
08051 71 0
08052 70 0
08053 32 4
08055 48 2
08056 31 3
08057 48 3
08059 87 0
08060 101 2
08061 89 2
08062 65 2
08064 48 1
08065 53 2
08066 72 3
08069 143 3
08071 84 3
08072 40 6
08074 48 2
08076 48 2
08077 30 3
08078 94 3
08079 96 3
08082 48 4
08084 111 4
08085 144 4
08086 64 6
08087 167 1
08088 264 0
08089 72 0
08090 24 0
08091 94 0
08092 71 3
08093 41 0
08094 48 0
08095 95 1
08096 48 1
08097 96 6
08098 48 4
08099 109 2
08100 119 0
08101 174 0
08104 73 3
08105 42 5
08106 72 3
08107 72 2
08108 55 6
08109 67 3
08113 39 3
08116 79 0
08117 61 0
08118 87 4
08120 56 3
08121 69 4
08122 69 4
08123 48 0
08125 100 2
08128 48 0
08129 144 1
08132 47 3
08133 48 0
08134 48 0
08135 48 0
08136 240 1
08137 48 1
08138 63 4
08139 39 3
08140 68 3
08141 37 4
08142 67 3
08144 72 6
08146 86 3
08147 125 0
08148 72 0
08151 72 3
08152 84 1
08155 174 2
08156 76 3
08157 116 1
08158 51 4
08160 72 2
08161 191 3
08162 83 3
08163 25 4
08166 35 4
08167 72 0
08168 169 2
08169 47 2
08170 77 0
08171 95 2
08174 99 1
08175 75 2
08176 62 3
08177 72 2
08178 168 1
08179 79 3
08180 71 0
08181 95 2
08185 48 2
08186 105 4
08187 48 2
08188 108 1
08190 100 3
08191 24 3
08192 36 4
08194 50 0
08195 71 2
08197 96 3
08199 143 6
08200 48 0
08203 48 1
08204 65 0
08205 48 4
08208 45 2
08209 92 2
08210 94 0
08213 96 1
08214 186 3
08215 43 2
08216 95 2
08217 95 1
08218 48 4
08219 24 4
08220 48 0
08221 95 1
08222 118 0
08223 120 0
08224 158 1
08225 46 2
08226 72 2
08228 80 4
08229 48 1
08231 69 0
08232 119 6
08233 95 2
08234 70 0
08235 120 4
08236 60 0
08238 47 4
08239 52 1
08240 59 4
08241 67 2
08242 86 3
08243 108 4
08245 96 1
08247 29 3
08250 91 0
08252 90 2
08253 110 0
08254 48 2
08255 73 1
08256 72 5
08258 54 3
08259 71 4
08260 71 1
08261 70 3
08263 43 0
08264 72 1
08265 63 2
08266 119 2
08269 60 3
08270 48 1
08272 72 2
08275 48 0
08276 67 1
08277 72 0
08278 72 0
08279 146 0
08282 63 4
08284 71 3
08285 87 6
08286 24 4
08289 40 6
08290 39 4
08291 143 2
08292 48 2
08293 28 4
08294 78 0
08297 48 1
08298 41 0
08299 48 1
08301 72 1
08303 48 0
08304 72 6
08305 72 2
08306 91 6
08307 70 3
08309 48 0
08310 59 0
08311 48 0
08312 80 3
08313 45 0
08316 96 2
08317 72 2
08319 86 3
08320 196 3
08321 48 1
08323 55 6
08325 47 3
08327 48 1
08328 78 3
08330 159 0
08331 24 1
08332 48 3
08334 72 2
08336 72 4
08337 60 4
08339 28 3
08340 48 1
08342 48 0
08343 47 2
08345 72 1
08346 190 1
08347 48 0
08348 55 0
08351 92 1
08352 225 3
08353 32 2
08355 72 0
08356 85 3
08357 98 2
08358 48 0
08359 117 2
08360 72 2
08361 76 3
08362 125 0
08363 54 6
08365 48 0
08367 141 2
08368 95 3
08371 48 2
08372 15 6
08373 55 3
08375 96 0
08376 60 6
08377 137 0
08378 75 0
08379 56 4
08381 65 2
08382 120 0
08383 71 3
08384 120 3
08386 72 3
08388 36 4
08389 75 1
08391 67 2
08392 47 0
08394 45 2
08395 96 1
08398 72 3
08399 95 1
08401 48 0
08403 86 2
08404 52 0
08406 86 6
08408 144 2
08409 48 2
08410 76 2
08412 65 3
08413 48 0
08414 38 1
08415 50 3
08416 56 2
08417 47 5
08418 125 2
08419 48 2
08420 31 6
08422 85 3
08423 35 3
08424 48 4
08425 47 2
08427 53 1
08428 48 4
08432 34 0
08434 58 6
08437 71 0
08438 72 1
08439 212 0
08442 48 0
08443 62 0
08444 121 4
08446 287 1
08447 48 4
08449 45 3
08452 90 2
08454 23 0
08455 73 2
08456 93 2
08459 119 1
08460 60 3
08461 47 6
08462 120 3
08463 162 1
08464 48 2
08465 100 6
08467 56 4
08468 48 4
08469 47 2
08470 125 1
08471 96 0
08473 55 3
08475 28 3
08476 96 2
08477 48 3
08478 118 1
08480 72 3
08481 72 1
08483 167 1
08484 95 2
08486 106 3
08487 143 2
08489 47 0
08491 38 2
08493 48 4
08494 27 1
08495 47 6
08496 78 2
08498 48 2
08499 160 3
08500 55 3
08501 48 0
08503 145 1
08505 69 3
08507 123 1
08508 48 1
08510 76 1
08512 48 6
08514 27 2
08515 37 3
08517 72 4
08518 120 0
08519 68 0
08521 110 0
08523 167 1
08524 48 2
08526 48 0
08531 48 0
08532 72 0
08533 72 2
08534 71 0
08537 89 1
08539 51 6
08540 150 1
08542 66 2
08543 72 4
08544 155 3
08545 48 6
08546 118 1
08547 72 1
08548 47 2
08549 132 1
08550 96 2
08551 96 2
08552 48 3
08553 55 2
08554 78 1
08558 83 0
08559 45 2
08560 55 4
08561 94 1
08563 27 4
08564 51 3
08565 96 2
08566 52 6
08567 108 6
08568 48 3
08569 70 4
08570 48 0
08574 26 1
08575 35 1
08576 69 4
08577 70 3
08578 58 4
08580 110 2
08581 56 2
08582 119 3
08583 50 3
08584 73 2
08585 48 2
08588 48 0
08589 91 4
08592 191 4
08593 48 0
08594 72 1
08596 168 3
08598 29 0
08600 59 4
08605 86 2
08606 96 1
08607 133 3
08608 27 1
08610 36 4
08611 68 3
08612 48 1
08613 60 3
08614 75 6
08618 38 4
08620 48 0
08621 72 0
08622 48 0
08623 60 1
08625 123 0
08626 89 4
08627 71 1
08628 77 6
08631 47 1
08632 124 2
08634 80 1
08635 97 0
08636 100 4
08637 32 4
08638 75 3
08639 98 0
08640 48 0
08641 120 0
08643 25 3
08644 48 2
08645 75 0
08647 119 2
08649 145 1
08650 70 0
08651 49 1
08652 60 3
08653 95 2
08654 48 0
08656 48 3
08657 200 2
08658 48 6
08660 48 1
08662 84 2
08663 24 4
08665 72 2
08669 120 4
08670 50 3
08671 303 1
08672 96 2
08673 48 6
08677 36 4
08678 46 6
08679 72 2
08680 48 4
08681 49 0
08682 111 4
08683 190 2
08684 69 5
08685 47 6
08686 115 5
08687 47 4
08688 47 3
08689 45 2
08690 72 4
08692 44 0
08697 53 0
08698 98 3
08699 145 2
08701 71 3
08702 119 2
08703 71 6
08704 48 2
08706 32 4
08707 43 4
08708 47 3
08709 95 0
08710 257 3
08711 48 3
08713 110 4
08714 119 2
08715 96 2
08717 70 1
08718 41 0
08719 36 4
08720 74 0
08721 66 3
08723 72 2
08724 48 3
08726 140 6
08727 48 4
08728 146 1
08729 71 3
08730 53 6
08731 48 2
08732 144 2
08733 72 2
08734 44 2
08735 48 1
08738 48 2
08739 72 2
08741 72 0
08742 72 4
08746 72 0
08747 36 2
08748 34 1
08749 72 3
08750 48 2
08752 47 2
08755 72 3
08758 71 1
08759 72 0
08760 141 1
08761 47 5
08762 72 0
08763 59 2
08765 48 0
08766 38 4
08767 95 1
08768 96 2
08769 122 1
08770 32 3
08773 168 0
08774 72 0
08779 74 0
08780 48 2
08782 166 1
08783 100 0
08784 62 1
08785 54 4
08786 23 3
08788 48 0
08789 70 1
08790 81 2
08791 84 0
08794 47 0
08795 49 6
08796 24 3
08797 77 1
08799 32 4
08800 129 2
08801 47 4
08802 96 1
08803 113 3
08804 52 4
08805 71 2
08806 47 4
08807 72 2
08809 45 6
08810 72 2
08812 98 2
08813 54 2
08814 36 6
08816 68 3
08817 96 0
08818 25 4
08819 62 6
08821 55 4
08822 85 3
08823 72 1
08824 48 0
08825 144 2
08826 48 2
08827 95 2
08828 96 1
08829 63 6
08830 48 4
08832 72 0
08833 71 3
08834 120 2
08835 54 4
08837 96 3
08838 96 1
08839 24 4
08840 48 0
08841 48 3
08842 177 1
08843 103 2
08844 126 2
08845 48 0
08846 107 0
08847 95 2
08848 52 3
08850 71 2
08851 72 0
08852 72 3
08853 46 2
08854 118 2
08856 75 3
08858 72 0
08860 71 2
08861 68 4
08862 48 2
08863 49 2
08866 125 1
08867 32 1
08868 24 4
08869 72 1
08870 172 2
08871 50 0
08872 143 2
08874 98 2
08875 48 6
08876 72 3
08877 72 2
08880 71 1
08881 91 0
08882 135 3
08883 48 2
08885 48 2
08886 72 2
08887 149 3
08888 53 2
08889 48 4
08891 35 3
08892 144 2
08894 72 1
08896 96 1
08897 36 6
08899 48 0
08901 120 1
08902 72 1
08904 48 1
08905 65 4
08906 145 6
08907 60 0
08908 48 0
08912 72 2
08916 72 2
08919 24 2
08920 48 2
08921 71 2
08922 48 2
08924 48 2
08925 143 0
08926 144 2
08929 74 1
08930 144 0
08931 95 0
08932 72 2
08933 55 2
08934 143 2
08937 95 2
08938 144 1
08940 30 2
08942 28 6
08944 133 1
08946 48 2
08947 47 1
08948 17 4
08949 69 3
08951 72 0
08952 47 4
08958 101 0
08959 144 1
08960 47 1
08961 48 1
08962 119 3
08964 60 0
08965 60 2
08967 46 4
08968 80 1
08969 57 4
08970 71 0
08971 112 1
08972 114 2
08974 36 6
08976 48 2
08982 90 3
08984 81 2
08985 107 4
08986 48 1
08987 48 3
08989 143 2
08990 198 4
08991 24 0
08992 72 2
08994 47 0
08996 48 2
08998 274 1
09000 71 1
09001 199 1
09003 24 4
09005 46 3
09006 120 0
09007 24 4
09008 191 0
09009 54 2
09010 97 6
09011 95 0
09012 60 0
09013 57 4
09015 96 1
09017 47 3
09020 41 3
09021 120 3
09023 48 0
09024 82 0
09025 59 1
09026 23 2
09028 64 3
09030 52 3
09033 59 2
09034 47 1
09037 96 3
09038 238 2
09039 72 3
09040 94 1
09041 47 3
09042 72 4
09043 191 2
09044 48 0
09045 72 2
09046 72 3
09047 48 2
09049 47 4
09050 200 1
09052 72 0
09053 90 3
09054 96 2
09055 46 3
09056 48 1
09057 44 3
09058 96 2
09059 71 2
09061 72 4
09062 104 0
09063 54 3
09065 96 3
09066 60 0
09068 110 2
09069 89 2
09070 95 2
09071 74 3
09072 144 3
09073 72 3
09074 48 3
09075 73 3
09076 48 3
09077 71 0
09079 48 0
09082 73 0
09084 47 0
09086 62 0
09087 68 6
09088 95 2
09089 48 0
09090 36 2
09091 215 2
09092 40 1
09095 53 3
09097 48 4
09098 109 1
09099 46 3
09100 65 0
09103 48 2
09104 194 5
09105 103 3
09106 72 3
09107 134 4
09110 96 1
09111 82 3
09112 120 4
09113 72 1
09115 47 2
09116 74 0
09117 83 0
09118 167 2
09119 47 4
09120 100 4
09121 96 0
09122 70 1
09123 78 3
09124 48 0
09125 47 2
09126 55 1
09127 85 0
09129 228 1
09130 48 3
09131 95 2
09133 35 3
09135 52 0
09136 43 6
09137 35 0
09138 48 1
09141 120 1
09142 96 3
09144 191 2
09145 50 1
09146 96 2
09153 45 3
09155 73 6
09156 47 0
09157 49 4
09158 70 0
09159 48 0
09162 126 1
09163 91 0
09164 39 4
09166 72 4
09167 72 4
09168 52 0
09169 41 0
09170 48 2
09173 48 2
09174 72 2
09175 70 2
09176 88 3
09179 109 0
09180 152 1
09182 70 2
09184 162 1
09185 72 0
09186 50 1
09187 105 0
09188 69 1
09189 75 2
09190 69 4
09192 52 4
09193 75 3
09194 53 1
09195 64 0
09196 48 0
09197 50 4
09199 84 4
09202 72 4
09203 48 0
09204 96 2
09205 144 2
09206 48 4
09207 56 3
09209 43 1
09210 39 0
09211 72 2
09212 94 1
09216 47 1
09217 24 0
09220 72 5
09221 192 1
09222 38 3
09223 69 6
09224 28 3
09225 56 4
09228 72 1
09229 48 0
09230 49 2
09231 74 4
09232 47 2
09233 59 0
09236 99 4
09237 116 1
09242 109 3
09244 72 1
09245 72 2
09247 113 1
09250 47 1
09251 48 4
09252 75 1
09255 37 3
09256 120 0
09258 64 0
09259 48 2
09260 71 0
09261 65 6
09262 68 4
09263 31 2
09265 48 6
09266 95 2
09268 48 4
09269 143 0
09271 59 1
09272 72 2
09274 187 4
09275 90 0
09277 47 0
09278 119 1
09280 96 2
09281 48 1
09283 54 2
09284 32 4
09285 69 3
09286 72 0
09287 120 4
09289 48 1
09291 587 3
09292 26 2
09293 96 0
09294 100 4
09295 61 1
09297 58 4
09298 60 3
09299 59 2
09300 167 1
09301 48 1
09302 138 6
09303 72 0
09304 48 2
09305 47 6
09306 229 1
09307 100 0
09308 40 2
09309 33 0
09310 36 3
09311 48 1
09312 30 1
09313 32 0
09314 48 3
09315 57 3
09318 72 1
09320 47 5
09321 71 3
09323 48 1
09324 36 4
09325 58 4
09326 32 3
09327 71 0
09329 48 1
09330 72 2
09331 66 1
09332 25 3
09333 106 1
09334 48 3
09340 45 6
09342 48 4
09343 24 0
09344 48 2
09345 116 2
09346 71 2
09347 96 1
09348 72 2
09349 48 2
09352 62 3
09353 47 1
09354 72 0
09355 77 4
09356 47 4
09357 124 4
09360 72 0
09362 72 2
09363 96 4
09364 95 2
09365 118 0
09366 62 0
09367 75 0
09368 60 3
09369 20 1
09370 72 1
09371 140 3
09372 138 2
09373 61 3
09374 71 2
09376 63 2
09377 50 2
09378 175 1
09379 72 1
09380 47 2
09381 84 4
09383 70 4
09384 48 3
09385 72 2
09386 71 0
09387 48 2
09388 63 0
09389 44 3
09390 72 2
09391 144 3
09392 48 6
09393 91 2
09394 48 2
09395 45 4
09396 51 0
09397 75 2
09399 48 0
09400 63 2
09401 71 3
09402 48 0
09403 96 2
09404 35 0
09405 48 2
09406 71 2
09407 95 3
09408 68 4
09409 48 0
09411 160 2
09413 72 1
09418 95 0
09419 96 2
09420 50 6
09422 48 0
09423 20 3
09424 40 3
09425 48 0
09426 62 2
09427 71 2
09430 80 2
09433 48 3
09434 70 2
09436 61 4
09438 61 3
09439 48 2
09440 26 6
09441 49 1
09443 48 2
09444 80 0
09446 37 0
09448 48 3
09450 72 1
09451 48 3
09454 47 2
09455 152 1
09456 126 1
09457 50 6
09458 48 1
09459 71 2
09462 48 0
09463 72 2
09465 79 2
09466 72 6
09467 139 1
09469 72 0
09470 48 0
09471 96 2
09472 46 0
09473 60 6
09474 117 2
09475 48 4
09476 95 4
09477 72 2
09478 85 0
09480 144 4
09482 48 2
09484 214 2
09485 48 4
09487 89 4
09488 72 3
09489 144 2
09490 48 2
09491 72 2
09492 56 3
09493 119 2
09494 153 6
09495 72 2
09496 110 4
09499 72 2
09501 75 1
09503 161 2
09504 166 0
09505 96 0
09506 60 4
09507 168 2
09508 160 3
09509 72 2
09510 102 3
09511 72 0
09512 41 4
09513 71 2
09516 168 4
09517 96 2
09518 62 0
09519 48 0
09520 72 1
09521 47 0
09522 41 6
09523 67 4
09524 72 1
09526 140 2
09531 48 2
09533 50 2
09534 144 3
09536 46 2
09539 76 4
09541 71 2
09542 99 0
09543 78 3
09544 144 4
09545 66 1
09546 48 2
09547 90 1
09548 119 0
09549 51 6
09550 141 2
09551 120 2
09552 72 2
09553 96 3
09554 47 0
09558 53 4
09559 159 2
09562 116 3
09563 79 0
09565 90 1
09567 70 0
09568 75 2
09569 48 0
09571 60 6
09572 24 4
09573 101 3
09574 120 1
09575 94 2
09576 48 3
09577 72 4
09578 52 2
09580 72 4
09583 87 1
09584 50 3
09585 79 2
09590 55 6
09591 24 5
09594 79 3
09595 140 0
09596 47 3
09597 92 6
09598 64 3
09599 166 4
09600 48 4
09601 65 0
09602 96 0
09603 167 3
09604 84 0
09605 48 4
09606 120 0
09608 194 2
09609 137 1
09610 23 1
09613 75 2
09614 146 2
09618 100 3
09619 95 0
09621 56 2
09622 96 0
09623 72 2
09624 72 0
09625 86 4
09626 85 1
09629 55 4
09630 100 3
09632 187 3
09633 96 2
09634 108 3
09636 48 0
09639 95 0
09640 59 0
09641 49 0
09642 66 2
09643 72 3
09644 47 6
09645 70 6
09646 92 2
09648 48 0
09649 45 0
09651 58 2
09652 72 1
09653 71 1
09654 48 3
09655 96 0
09656 32 6
09660 72 0
09661 69 2
09662 48 0
09664 60 0
09665 119 3
09667 191 4
09669 86 3
09670 23 2
09671 46 4
09672 48 2
09674 106 4
09676 48 4
09678 48 4
09681 44 1
09682 155 1
09683 48 1
09684 72 2
09685 81 2
09686 66 0
09687 40 4
09688 108 2
09689 48 2
09690 96 3
09691 25 2
09693 48 2
09696 119 2
09697 72 3
09699 72 0
09700 211 1
09701 75 2
09702 150 0
09703 123 3
09705 48 4
09706 96 3
09707 119 1
09708 37 6
09712 143 3
09713 120 2
09714 48 3
09715 47 2
09716 26 4
09717 64 6
09718 83 0
09719 72 1
09720 48 2
09721 117 3
09722 95 0
09725 72 3
09726 142 0
09727 143 0
09728 96 6
09729 43 3
09730 72 2
09733 86 2
09735 19 4
09736 51 3
09737 61 4
09739 310 0
09741 72 0
09742 86 1
09744 56 0
09745 29 3
09746 47 5
09747 48 0
09749 40 3
09750 72 2
09751 71 2
09752 47 0
09753 133 1
09754 72 0
09755 119 3
09756 48 4
09757 24 3
09759 120 1
09761 72 2
09762 72 2
09763 101 0
09765 57 0
09767 97 1
09768 94 3
09769 48 2
09770 48 4
09771 158 0
09776 72 0
09778 43 0
09779 48 3
09780 67 0
09781 24 2
09782 59 2
09783 47 0
09785 57 4
09786 72 2
09787 24 3
09788 54 3
09791 48 2
09794 48 2
09795 47 6
09796 44 2
09798 24 0
09799 121 6
09800 24 3
09801 96 3
09802 47 2
09803 72 2
09804 119 1
09807 72 4
09808 48 4
09809 65 2
09811 45 3
09812 29 4
09813 63 3
09814 84 2
09816 48 0
09817 72 3
09819 144 3
09820 143 1
09821 118 3
09822 200 0
09823 83 3
09826 119 0
09827 61 4
09828 48 0
09830 119 6
09831 109 0
09832 48 2
09833 167 2
09834 48 4
09835 45 6
09836 43 6
09838 96 3
09839 50 0
09841 53 0
09842 38 1
09843 51 1
09847 89 2
09848 56 3
09849 39 3
09850 135 0
09851 50 4
09854 132 2
09855 70 2
09857 48 3
09858 48 3
09859 96 2
09862 120 2
09863 122 3
09864 48 2
09866 73 0
09867 127 1
09868 68 3
09869 52 2
09870 82 3
09873 48 3
09877 71 2
09878 96 2
09880 120 2
09881 48 1
09882 120 2
09883 48 2
09884 72 0
09885 94 2
09888 96 0
09889 63 6
09890 72 2
09892 253 1
09893 79 1
09894 41 6
09896 163 2
09900 81 4
09902 94 4
09903 63 3
09904 47 3
09905 48 4
09906 96 1
09907 68 0
09908 48 0
09909 23 5
09910 106 2
09911 108 3
09912 72 0
09914 66 0
09915 72 0
09916 56 2
09917 71 0
09918 99 1
09920 48 0
09921 104 2
09922 66 2
09923 84 2
09924 44 0
09925 96 0
09926 48 6
09927 96 2
09929 48 2
09930 50 4
09932 95 3
09933 52 3
09934 73 4
09935 48 0
09936 48 2
09937 40 6
09938 33 3
09939 124 3
09940 72 2
09941 96 3
09942 48 0
09943 57 0
09945 52 4
09946 48 2
09947 48 0
09951 43 0
09952 68 2
09953 72 2
09954 60 2
09955 79 0
09957 96 4
09958 44 6
09959 48 3
09962 86 6
09964 119 2
09965 27 3
09967 72 3
09970 111 0
09971 50 0
09972 48 2
09973 46 1
09974 84 1
09975 108 0
09976 48 2
09977 70 1
09979 52 4
09982 46 2
09985 48 0
09987 48 1
09988 65 2
09990 76 3
09992 107 6
09993 38 1
09995 48 0
09996 72 6
09997 88 1
09998 40 1
09999 79 6
10001 120 2
10002 71 0
10003 136 2
10005 47 3
10006 95 2
10007 48 0
10008 70 3
10010 78 4
10011 47 1
10012 71 2
10014 48 3
10016 67 4
10017 48 2
10018 71 3
10020 48 4
10022 129 0
10024 38 2
10025 77 2
10026 48 0
10027 62 3
10028 65 2
10029 95 0
10030 83 2
10031 67 2
10032 60 3
10033 47 1
10034 72 3
10035 75 3
10036 48 3
10038 79 3
10039 180 2
10040 71 0
10041 71 0
10042 263 1
10043 48 4
10044 85 6
10045 24 4
10046 48 3
10047 87 2
10048 40 3
10049 60 0
10051 72 0
10054 64 6
10056 35 0
10057 52 3
10058 96 3
10060 54 1
10062 95 2
10063 48 3
10064 96 3
10065 48 3
10066 66 1
10068 71 0
10069 61 3
10071 47 1
10072 24 6
10073 120 3
10074 58 1
10075 83 0
10076 65 2
10078 48 1
10080 50 3
10081 50 3
10082 197 3
10083 120 2
10084 48 0
10085 78 2
10086 24 2
10087 72 0
10088 77 1
10089 75 1
10091 62 0
10092 72 3
10093 46 4
10095 90 0
10096 59 1
10098 119 0
10099 46 2
10100 96 2
10101 72 0
10102 24 2
10103 52 2
10105 71 0
10106 48 2
10107 135 0
10110 80 1
10111 48 3
10113 48 2
10114 72 2
10115 192 2
10116 48 4
10117 55 2
10119 79 2
10120 72 1
10122 215 3
10123 95 0
10125 96 1
10126 72 1
10127 120 0
10132 72 2
10135 41 0
10136 86 3
10140 41 0
10141 76 3
10142 153 1
10143 94 1
10144 39 0
10146 48 6
10148 101 4
10149 38 3
10150 111 2
10151 90 0
10152 72 2
10153 46 1
10155 169 1
10156 96 0
10157 94 4
10159 143 1
10160 56 3
10161 43 4
10162 64 2
10163 168 2
10164 32 6
10166 67 0
10167 72 3
10168 24 2
10169 68 0
10170 48 3
10171 48 0
10173 137 0
10174 96 3
10176 67 0
10177 66 2
10179 38 0
10180 68 3
10181 33 0
10182 219 3
10184 72 3
10185 48 6
10186 43 5
10187 578 2
10189 48 4
10190 51 4
10191 120 0
10192 70 2
10193 58 3
10194 48 2
10195 70 0
10196 63 2
10198 72 3
10199 92 4
10200 35 6
10201 48 4
10202 48 4
10203 47 3
10204 84 2
10205 48 0
10207 37 3
10209 36 5
10211 48 3
10212 84 2
10213 120 4
10215 48 2
10216 42 2
10217 108 2
10218 72 2
10220 287 1
10222 96 0
10223 117 2
10224 72 1
10225 39 3
10226 49 4
10228 49 6
10229 45 0
10230 129 2
10232 72 2
10233 72 2
10234 50 1
10235 44 3
10236 50 2
10237 96 2
10240 48 4
10241 72 2
10243 41 0
10244 48 0
10245 47 4
10247 75 3
10248 191 3
10249 36 2
10251 48 2
10252 96 6
10254 60 4
10255 47 3
10256 120 2
10257 64 3
10258 62 1
10262 30 2
10263 71 2
10264 120 2
10265 61 4
10267 48 2
10268 71 3
10273 72 3
10274 48 1
10276 60 4
10277 86 1
10279 82 4
10280 39 4
10282 37 0
10284 36 6
10285 43 2
10287 75 4
10288 48 4
10290 77 3
10292 72 3
10294 318 1
10296 46 2
10297 321 1
10298 48 2
10299 72 1
10300 47 3
10303 127 0
10304 71 0
10307 79 0
10308 37 0
10309 193 0
10310 63 3
10311 72 0
10312 26 6
10313 90 1
10314 72 0
10317 847 1
10318 69 2
10319 62 3
10320 95 1
10321 48 2
10324 38 0
10325 96 2
10327 72 1
10328 60 2
10330 57 2
10331 96 4
10332 70 3
10333 90 0
10334 100 4
10336 106 4
10337 48 3
10340 58 1
10341 70 1
10343 120 2
10344 175 4
10345 72 4
10346 26 0
10347 48 0
10349 74 3
10350 96 3
10351 95 4
10352 120 2
10353 132 4
10354 83 1
10355 40 0
10356 112 3
10357 48 3
10358 48 1
10359 93 2
10361 72 1
10362 48 0
10365 48 0
10366 24 4
10367 36 2
10368 48 3
10369 95 2
10372 48 1
10374 96 2
10378 96 3
10380 165 2
10381 48 0
10382 48 4
10383 104 0
10384 48 0
10387 72 3
10388 103 0
10389 38 4
10390 64 6
10391 120 0
10392 24 4
10393 68 2
10394 140 0
10395 172 1
10397 50 3
10398 72 4
10399 19 3
10401 48 0
10402 179 1
10403 71 4
10404 75 1
10405 134 1
10406 375 0
10407 48 3
10408 68 2
10409 57 0
10410 72 3
10411 70 2
10412 50 4
10414 47 2
10415 71 4
10416 96 2
10417 67 2
10418 112 0
10420 90 2
10421 71 1
10422 50 4
10424 120 0
10425 72 2
10426 96 0
10427 72 3
10428 504 3
10429 48 1
10431 50 2
10432 167 0
10434 42 2
10435 47 0
10437 150 2
10438 47 2
10440 119 3
10442 42 1
10444 94 3
10445 144 4
10446 48 3
10447 48 3
10449 72 2
10450 71 2
10451 35 2
10452 48 1
10453 48 2
10454 72 2
10456 48 4
10457 150 6
10458 120 2
10459 47 6
10461 65 6
10462 126 2
10463 119 2
10464 119 2
10465 71 2
10467 130 2
10468 48 0
10469 108 0
10471 63 0
10472 89 0
10474 73 6
10475 141 3
10476 30 5
10477 118 2
10479 48 3
10480 97 4
10482 47 4
10483 48 0
10484 48 1
10486 55 1
10487 263 2
10488 72 3
10489 48 0
10490 107 2
10491 41 0
10492 95 1
10494 124 3
10495 250 0
10496 71 2
10497 48 2
10499 121 3
10501 72 2
10502 95 1
10503 48 4
10504 72 1
10505 59 0
10506 79 3
10508 64 6
10509 57 4
10510 78 4
10511 167 1
10512 72 0
10513 72 0
10515 61 4
10516 47 0
10517 47 6
10518 72 0
10519 72 1
10520 88 1
10521 72 0
10522 86 1
10525 250 2
10526 47 1
10528 120 1
10530 96 1
10531 50 2
10532 111 4
10534 40 2
10535 24 2
10537 72 2
10538 49 3
10539 84 1
10540 96 3
10541 318 4
10542 72 2
10545 72 2
10546 24 3
10547 108 3
10548 71 2
10549 44 3
10550 72 6
10551 35 3
10552 60 0
10553 53 0
10554 48 0
10555 95 0
10556 60 4
10557 72 2
10558 96 2
10559 71 1
10561 120 4
10562 50 1
10564 31 0
10565 47 6
10566 44 3
10567 71 6
10569 41 0
10570 35 3
10572 48 2
10573 96 3
10574 69 0
10575 87 6
10576 30 6
10578 48 0
10579 48 4
10580 96 0
10581 24 3
10582 47 4
10583 92 1
10584 124 6
10585 48 2
10586 139 1
10587 45 0
10588 24 6
10589 50 0
10591 120 0
10592 46 2
10594 25 3
10595 71 6
10596 25 0
10597 72 3
10598 239 0
10599 48 6
10601 48 3
10602 198 2
10603 58 2
10604 38 4
10606 44 4
10607 43 2
10608 101 1
10613 71 3
10615 48 0
10616 82 2
10620 96 4
10621 48 2
10622 57 2
10623 73 3
10625 76 3
10626 72 6
10627 31 6
10628 83 1
10629 55 4
10632 63 4
10633 48 2
10634 96 2
10635 48 0
10636 72 3
10637 72 2
10638 93 0
10639 62 3
10640 174 0
10642 71 2
10643 60 4
10644 49 1
10645 119 1
10646 551 1
10647 96 2
10648 24 3
10650 75 1
10651 48 4
10652 75 0
10653 96 2
10654 89 1
10655 32 1
10658 47 2
10659 232 1
10661 72 0
10662 95 3
10664 72 3
10665 88 2
10666 96 2
10668 71 4
10669 70 4
10670 72 4
10671 191 2
10672 48 0
10673 45 5
10674 48 3
10677 39 0
10678 48 1
10680 56 3
10681 96 2
10683 96 2
10685 72 2
10686 74 6
10688 48 3
10693 53 4
10694 48 1
10696 26 0
10697 95 1
10698 34 3
10699 120 2
10700 78 3
10701 47 4
10704 24 4
10705 47 2
10707 35 1
10708 29 1
10709 77 4
10710 41 4
10712 44 0
10713 71 1
10715 58 3
10716 90 2
10717 24 3
10718 72 4
10719 47 2
10722 95 6
10723 40 2
10724 167 0
10726 91 2
10728 48 1
10729 40 4
10730 37 2
10732 71 2
10734 48 2
10736 48 4
10737 70 1
10739 38 1
10741 48 2
10742 190 1
10743 70 0
10745 48 3
10746 48 2
10747 45 0
10748 134 2
10749 71 3
10750 73 6
10751 63 2
10753 49 2
10755 115 2
10756 56 3
10757 130 3
10758 48 2
10759 63 3
10760 96 2
10762 72 2
10763 48 0
10764 271 3
10766 92 3
10767 48 1
10768 192 2
10769 214 2
10770 99 4
10771 98 3
10772 44 6
10773 47 1
10775 57 0
10778 48 3
10779 158 1
10780 95 1
10784 72 0
10785 51 1
10786 72 3
10787 50 3
10788 128 1
10789 119 1
10791 117 0
10793 99 1
10794 72 0
10795 70 1
10796 29 2
10797 51 3
10798 131 6
10799 61 0
10800 47 4
10802 68 2
10804 110 2
10805 89 3
10806 143 4
10808 216 6
10809 64 3
10810 50 4
10811 61 3
10813 48 0
10814 61 2
10815 141 6
10816 47 0
10817 47 2
10818 48 1
10820 95 1
10821 94 1
10825 71 2
10826 48 1
10828 75 1
10829 71 0
10831 52 3
10832 120 4
10833 48 4
10834 71 2
10835 95 2
10836 120 2
10837 41 1
10838 48 0
10839 48 0
10841 75 0
10842 15 6
10843 47 4
10844 72 3
10845 72 2
10847 118 0
10848 96 6
10849 96 2
10850 78 2
10852 44 0
10855 14 6
10856 43 4
10857 48 3
10858 121 1
10859 95 0
10860 44 6
10862 72 1
10863 130 1
10865 49 4
10866 24 3
10867 144 1
10869 48 0
10870 46 0
10871 84 3
10872 56 6
10873 96 2
10875 96 2
10876 96 2
10877 84 2
10880 191 2
10881 48 2
10882 47 3
10883 113 4
10884 48 0
10885 96 3
10888 72 1
10889 143 2
10890 72 4
10892 73 1
10893 96 2
10895 50 6
10896 48 2
10897 50 6
10898 95 4
10900 207 1
10901 143 1
10902 71 4
10905 95 3
10906 91 5
10907 35 2
10908 146 5
10909 61 0
10910 144 2
10911 35 0
10913 64 1
10915 38 3
10917 72 3
10918 48 0
10921 94 6
10922 114 2
10923 97 2
10924 39 3
10925 48 0
10927 69 2
10928 25 6
10929 48 4
10930 31 4
10931 24 4
10932 123 1
10933 95 1
10934 90 2
10936 38 2
10937 96 1
10938 67 3
10939 72 2
10940 90 0
10941 56 2
10942 71 0
10943 111 2
10946 47 4
10947 123 5
10949 43 0
10950 48 3
10951 48 2
10955 83 3
10956 96 2
10958 48 2
10959 96 2
10961 48 4
10962 48 1
10963 72 3
10964 46 6
10965 131 3
10968 92 3
10969 54 0
10970 50 0
10971 48 6
10973 72 0
10974 72 4
10976 29 2
10978 72 2
10980 48 2
10981 51 4
10983 144 2
10984 96 2
10985 37 0
10986 86 1
10987 72 0
10988 48 4
10989 36 3
10990 125 2
10991 62 0
10992 72 3
10994 178 0
10995 56 0
10997 178 0
10999 48 6
11000 48 3
11002 143 3
11003 48 4
11004 200 2
11005 72 4
11006 48 0
11007 46 0
11009 44 3
11010 48 2
11011 45 3
11012 25 3
11013 48 4
11014 32 0
11015 71 0
11016 46 4
11017 34 1
11020 48 2
11021 51 2
11022 46 0
11024 61 1
11025 55 3
11026 408 1
11027 81 4
11028 48 2
11030 48 4
11033 48 0
11034 84 0
11035 84 3
11037 100 1
11039 48 0
11040 166 2
11041 127 1
11043 72 2
11044 162 4
11045 50 6
11046 62 4
11047 134 3
11048 43 2
11049 156 4
11050 96 0
11051 50 6
11055 24 3
11058 109 1
11059 65 0
11060 48 2
11061 118 0
11062 144 2
11063 215 2
11064 50 0
11065 78 2
11068 142 2
11069 86 3
11072 60 4
11073 143 2
11075 58 6
11076 75 0
11077 100 1
11078 70 2
11079 120 3
11080 59 0
11081 48 2
11082 48 5
11084 119 2
11085 65 3
11086 48 0
11087 75 6
11089 72 3
11090 69 1
11094 48 1
11095 72 2
11096 100 2
11097 76 0
11099 96 4
11100 68 1
11102 47 0
11103 48 2
11104 96 1
11107 72 3
11108 72 1
11111 48 1
11113 67 0
11116 17 4
11117 58 4
11118 34 4
11119 48 2
11120 72 1
11121 60 2
11122 48 2
11123 48 2
11126 59 3
11127 84 1
11128 95 1
11129 48 4
11130 18 6
11131 46 3
11132 168 1
11134 72 0
11138 189 2
11139 93 0
11141 72 4
11142 105 2
11143 120 2
11145 54 0
11147 155 0
11148 72 1
11151 144 3
11152 70 0
11155 47 1
11156 48 2
11158 32 3
11159 70 0
11160 23 4
11161 60 2
11162 96 0
11164 48 1
11165 48 1
11166 121 2
11167 112 2
11169 95 1
11172 69 0
11173 80 0
11174 72 6
11175 50 4
11176 82 2
11177 107 0
11179 47 0
11180 48 0
11181 24 3
11185 50 4
11186 72 2
11187 39 0
11188 50 3
11191 66 3
11192 100 2
11193 77 3
11195 96 0
11197 48 4
11198 48 0
11199 48 2
11202 77 1
11203 49 4
11204 95 6
11206 24 0
11207 48 0
11208 64 2
11211 48 2
11212 24 0
11213 72 0
11214 36 2
11216 72 0
11217 56 2
11218 82 1
11220 56 3
11221 93 6
11223 95 1
11224 96 3
11225 95 0
11226 49 0
11229 167 1
11230 105 3
11231 62 0
11232 99 4
11233 60 1
11234 70 3
11236 168 4
11237 48 2
11238 72 1
11239 192 6
11241 67 3
11242 75 3
11243 36 6
11244 59 4
11246 48 2
11248 44 4
11250 48 2
11251 69 2
11252 23 4
11253 47 4
11254 119 2
11255 72 2
11256 95 4
11257 72 2
11258 264 0
11259 48 1
11260 48 1
11261 88 1
11262 85 1
11263 48 1
11264 32 3
11265 142 0
11266 48 2
11267 39 4
11268 77 0
11269 72 2
11270 72 1
11271 69 2
11272 68 0
11273 48 0
11274 120 0
11276 96 4
11277 55 2
11279 36 6
11280 48 2
11281 50 4
11282 59 3
11283 71 2
11285 46 0
11287 192 2
11288 62 2
11289 48 3
11290 108 2
11292 42 3
11293 48 2
11295 84 2
11296 47 0
11297 64 0
11299 80 1
11300 48 2
11301 165 1
11302 48 6
11303 47 6
11306 48 3
11307 63 1
11308 52 0
11309 46 4
11312 72 1
11315 142 2
11317 48 0
11318 48 3
11319 59 2
11321 96 3
11322 144 3
11324 84 2
11325 48 2
11326 73 2
11327 50 4
11331 28 1
11333 167 1
11336 72 6
11339 475 0
11340 46 3
11341 84 4
11342 119 2
11344 120 1
11345 48 1
11347 72 4
11348 168 1
11349 175 2
11350 48 4
11351 72 6
11353 108 4
11354 45 4
11356 113 0
11357 95 2
11358 60 0
11359 48 3
11363 50 0
11364 94 1
11365 115 4
11366 30 0
11367 32 4
11368 96 3
11369 96 2
11370 299 4
11371 37 3
11372 40 2
11373 24 4
11374 48 0
11376 48 2
11377 67 1
11378 72 1
11379 125 2
11383 60 0
11384 96 0
11385 57 6
11386 38 0
11387 48 4
11389 72 1
11390 40 2
11395 47 3
11396 24 2
11400 27 4
11401 29 4
11402 72 1
11404 67 4
11405 59 4
11406 150 2
11407 72 3
11408 15 4
11409 74 0
11410 72 0
11411 63 2
11412 48 0
11413 95 1
11414 51 2
11415 119 0
11418 47 2
11419 48 3
11421 37 2
11422 72 0
11423 96 2
11424 41 4
11425 72 2
11426 87 6
11428 190 1
11429 95 3
11430 135 1
11432 86 1
11434 37 0
11435 48 2
11436 72 2
11437 82 3
11438 133 0
11439 72 2
11441 71 0
11444 78 1
11445 72 3
11447 118 1
11450 94 1
11451 68 0
11452 36 2
11453 47 1
11454 182 2
11455 41 1
11456 71 0
11457 48 2
11458 62 3
11459 126 3
11460 84 1
11461 94 0
11464 43 0
11465 48 2
11466 50 1
11467 60 0
11468 138 1
11469 48 2
11472 48 1
11473 71 0
11474 24 2
11475 72 0
11476 54 4
11477 41 2
11478 99 3
11479 33 4
11481 47 2
11482 168 2
11483 52 3
11484 65 2
11485 123 1
11487 96 3
11489 72 3
11490 71 3
11491 25 2
11492 95 1
11494 124 0
11495 64 6
11496 84 4
11497 75 1
11499 119 1
11500 48 0
11501 100 1
11503 48 2
11504 70 2
11506 79 2
11507 48 0
11508 72 1
11509 96 0
11510 34 6
11512 69 6
11517 172 1
11520 50 3
11521 340 1
11522 72 4
11523 72 2
11525 72 1
11526 48 2
11528 72 1
11529 95 2
11530 42 3
11533 56 3
11535 72 3
11537 173 0
11538 120 0
11539 69 2
11540 72 2
11541 96 3
11543 72 4
11544 47 1
11545 57 4
11546 48 4
11547 49 0
11548 79 2
11549 48 1
11550 94 2
11551 48 0
11552 58 3
11553 88 6
11554 38 0
11555 165 1
11556 72 3
11557 35 3
11558 48 2
11559 44 6
11560 58 4
11563 133 6
11564 95 0
11565 48 3
11566 96 4
11567 144 2
11568 96 0
11569 96 0
11570 103 1
11571 100 0
11575 109 6
11576 48 2
11578 82 1
11579 26 4
11580 95 3
11581 57 2
11582 96 3
11583 50 0
11584 62 1
11585 38 4
11586 215 1
11588 48 1
11589 72 1
11590 133 3
11591 88 1
11592 48 4
11593 33 1
11594 48 3
11596 72 3
11599 122 6
11601 25 4
11604 48 0
11607 120 0
11608 47 3
11609 71 0
11610 48 3
11611 69 0
11613 120 1
11614 71 2
11615 53 0
11616 40 4
11617 72 2
11619 48 3
11620 47 4
11621 78 1
11622 48 3
11623 39 3
11626 50 4
11627 51 1
11629 72 2
11631 72 1
11632 47 4
11634 35 0
11636 48 1
11637 142 3
11638 72 1
11639 72 0
11640 72 0
11641 72 4
11642 72 3
11643 52 6
11645 104 0
11647 48 3
11648 47 2
11649 40 4
11650 47 3
11652 72 2
11654 71 3
11655 47 2
11656 24 4
11657 161 1
11658 80 0
11659 95 3
11660 144 0
11661 48 4
11663 134 1
11666 48 2
11667 72 0
11670 67 0
11671 48 2
11672 107 2
11673 38 6
11675 96 3
11676 48 1
11677 72 0
11678 84 3
11680 239 1
11682 48 2
11683 24 4
11684 96 0
11685 21 3
11686 48 0
11687 72 3
11689 54 0
11691 96 3
11692 143 3
11693 96 0
11694 85 2
11696 48 4
11697 49 3
11699 72 0
11701 47 3
11704 24 6
11705 98 1
11706 47 1
11707 46 3
11708 47 0
11710 50 4
11711 72 2
11712 54 1
11713 37 4
11714 41 3
11716 48 2
11718 48 1
11720 48 0
11721 48 6
11722 72 0
11724 48 2
11725 79 4
11727 49 3
11728 48 1
11729 96 2
11731 60 4
11733 445 2
11734 83 1
11735 192 1
11736 111 0
11738 143 3
11739 54 4
11740 68 4
11741 106 1
11742 96 0
11743 48 4
11745 36 3
11747 72 6
11748 96 2
11749 36 4
11751 46 3
11752 95 2
11753 68 4
11755 72 1
11756 88 0
11757 96 4
11758 80 2
11760 71 3
11761 215 3
11762 50 4
11765 63 4
11766 67 3
11767 144 2
11769 48 4
11770 102 1
11771 34 4
11772 59 6
11773 64 4
11774 38 3
11775 48 2
11776 48 3
11777 48 2
11779 53 0
11781 60 2
11782 71 0
11783 85 6
11784 48 3
11785 93 2
11786 99 1
11787 77 3
11789 48 1
11790 47 4
11791 72 4
11792 96 3
11796 48 2
11797 117 1
11798 48 0
11800 72 0
11801 72 2
11803 98 3
11804 72 2
11805 36 6
11806 24 4
11807 239 2
11808 72 1
11809 225 1
11810 119 1
11813 41 0
11814 24 0
11815 72 1
11816 76 3
11817 48 4
11818 152 3
11820 67 0
11821 142 3
11822 117 0
11823 86 1
11824 47 3
11825 102 3
11826 41 6
11827 120 3
11828 43 6
11830 96 2
11831 72 2
11832 75 0
11833 70 2
11834 72 1
11835 48 0
11838 83 0
11839 48 3
11840 47 2
11841 96 2
11842 72 2
11844 94 4
11845 46 0
11846 62 3
11848 71 2
11849 48 2
11853 118 0
11854 42 3
11855 117 1
11856 90 0
11857 33 1
11858 113 5
11859 100 2
11861 70 2
11862 75 1
11863 48 0
11865 36 4
11866 50 0
11867 72 2
11868 30 3
11869 52 3
11872 59 0
11873 96 3
11874 63 4
11875 71 3
11876 109 1
11877 239 1
11878 66 1
11879 95 0
11880 96 4
11882 223 1
11883 72 1
11888 42 0
11890 96 4
11891 24 0
11892 72 4
11893 72 0
11894 72 1
11895 29 4
11896 46 4
11897 48 2
11898 87 6
11900 47 2
11901 120 0
11902 79 0
11903 120 3
11905 78 6
11906 37 4
11908 120 3
11911 30 6
11912 77 4
11914 60 2
11916 99 4
11917 108 2
11918 36 3
11920 48 3
11921 81 4
11923 48 2
11924 64 1
11925 72 1
11929 48 0
11931 48 4
11932 20 4
11933 25 3
11934 68 1
11936 68 3
11940 48 1
11942 65 3
11945 96 0
11946 72 2
11947 48 2
11948 29 4
11950 48 0
11951 50 3
11954 29 2
11956 71 0
11957 48 4
11958 72 1
11959 382 2
11961 96 4
11962 104 1
11964 145 1
11966 72 2
11967 186 2
11968 119 4
11971 136 1
11973 57 3
11974 215 0
11975 47 0
11976 48 2
11977 94 1
11978 96 3
11980 71 2
11981 155 3
11982 52 6
11984 37 0
11985 141 0
11986 229 2
11988 62 0
11989 51 4
11991 46 4
11992 96 1
11993 70 3
11995 48 1
11997 65 6
11999 100 3
12001 95 2
12004 48 2
12005 95 3
12006 72 6
12007 52 3
12009 33 2
12012 72 4
12013 71 3
12014 31 4
12015 125 0
12017 48 2
12019 72 2
12020 24 4
12021 109 6
12022 96 2
12023 48 0
12025 48 4
12026 82 0
12028 48 0
12029 167 0
12032 41 4
12033 48 3
12034 72 1
12036 40 2
12038 96 0
12039 72 1
12040 96 4
12041 142 0
12042 60 6
12043 328 1
12044 120 0
12045 48 4
12047 57 1
12048 72 4
12049 46 2
12051 72 6
12053 48 2
12055 135 1
12057 68 0
12058 83 4
12059 48 6
12060 69 2
12062 47 2
12063 71 4
12066 96 1
12067 119 2
12068 73 0
12069 118 4
12071 86 1
12072 48 0
12074 48 1
12075 72 4
12077 95 6
12078 98 1
12079 68 3
12080 47 3
12081 51 3
12083 132 1
12084 120 3
12085 66 0
12086 72 1
12087 72 4
12088 48 0
12089 72 6
12090 84 2
12091 39 0
12092 47 4
12093 55 6
12094 72 0
12095 72 3
12096 72 3
12097 47 0
12098 57 2
12099 32 3
12101 105 0
12102 72 1
12103 157 1
12104 69 1
12105 48 0
12107 60 6
12108 116 1
12109 48 0
12111 105 0
12113 48 1
12114 48 0
12115 95 6
12117 55 4
12118 56 2
12119 108 1
12120 63 1
12121 72 1
12122 96 0
12125 56 6
12127 46 4
12129 56 6
12131 48 0
12132 59 3
12136 119 2
12138 141 2
12139 72 1
12141 74 6
12142 48 2
12143 48 0
12144 96 4
12145 120 4
12146 53 2
12147 35 3
12148 50 3
12149 48 4
12150 47 6
12151 81 1
12152 70 2
12153 155 0
12156 48 0
12157 72 2
12158 48 2
12159 66 4
12160 80 0
12161 72 0
12162 55 3
12166 101 4
12168 76 1
12169 110 1
12170 69 6
12173 62 0
12174 48 5
12175 50 3
12176 60 6
12177 96 0
12178 37 2
12179 103 2
12180 69 0
12182 48 0
12183 62 0
12185 120 1
12186 48 3
12187 36 1
12189 82 3
12191 118 3
12192 72 2
12193 48 6
12195 143 2
12196 96 3
12199 168 0
12200 72 2
12201 220 1
12203 47 4
12204 48 0
12205 143 2
12206 42 5
12207 72 1
12208 48 3
12209 120 2
12210 100 6
12212 74 4
12213 48 3
12214 44 1
12215 143 2
12217 91 0
12218 191 1
12220 96 2
12221 48 0
12222 50 3
12223 96 4
12224 475 0
12226 150 0
12228 59 2
12229 48 1
12230 65 3
12231 96 1
12232 156 1
12234 71 4
12236 59 0
12237 110 6
12239 40 1
12240 91 1
12241 95 0
12242 48 0
12243 239 3
12244 165 3
12245 48 0
12246 72 0
12247 33 4
12248 102 3
12249 72 5
12250 44 3
12251 110 0
12252 48 3
12253 48 2
12254 48 4
12255 96 2
12256 111 0
12258 96 2
12259 48 6
12260 96 2
12261 75 6
12262 48 0
12263 64 0
12264 40 0
12265 215 1
12266 86 2
12268 83 3
12271 120 2
12272 82 1
12273 144 0
12275 85 3
12276 72 1
12277 72 3
12279 77 1
12280 72 2
12281 72 6
12283 48 4
12285 48 0
12286 59 0
12288 48 1
12290 48 4
12291 48 3
12293 48 3
12294 191 2
12296 43 3
12297 96 0
12299 23 3
12300 48 0
12301 48 0
12302 72 0
12303 113 1
12305 72 0
12306 119 0
12307 96 2
12308 78 0
12310 64 3
12311 80 4
12312 118 1
12313 74 3
12314 76 2
12315 50 3
12316 79 4
12317 120 0
12318 47 6
12319 286 0
12320 48 6
12321 72 1
12322 65 1
12324 143 2
12325 95 0
12326 171 0
12327 72 1
12328 40 0
12329 72 1
12331 72 3
12333 48 4
12335 23 3
12337 84 2
12338 48 1
12339 62 0
12340 65 2
12341 96 1
12342 48 3
12343 24 4
12345 73 0
12346 74 1
12347 48 2
12348 50 1
12349 72 4
12350 55 2
12352 39 3
12353 72 6
12354 40 2
12355 48 2
12356 139 1
12359 56 1
12360 119 3
12363 51 1
12364 75 1
12365 120 1
12366 38 0
12368 43 6
12369 277 1
12371 119 3
12373 69 4
12375 45 0
12376 72 3
12378 100 1
12379 96 2
12381 47 0
12382 48 4
12383 24 0
12384 96 4
12385 44 3
12387 79 4
12388 71 0
12389 137 3
12390 44 1
12391 81 2
12392 83 4
12393 196 1
12394 74 5
12395 70 4
12396 48 2
12397 144 1
12398 74 4
12399 96 2
12401 144 1
12402 79 0
12403 100 1
12404 36 4
12406 48 0
12408 69 3
12409 72 0
12410 72 4
12413 81 1
12414 48 0
12415 182 3
12416 54 2
12417 90 1
12418 102 3
12419 133 1
12420 71 4
12422 122 1
12423 89 0
12424 96 2
12425 72 0
12426 92 0
12427 120 6
12428 98 4
12429 46 2
12430 96 2
12431 76 0
12432 120 3
12434 48 4
12435 199 0
12436 48 3
12437 239 2
12438 31 2
12439 150 0
12442 48 3
12443 63 2
12445 85 0
12446 192 0
12447 48 3
12448 96 2
12450 132 0
12451 226 1
12453 24 6
12454 75 1
12455 119 1
12456 37 1
12457 46 3
12459 72 3
12460 48 1
12461 56 4
12463 31 2
12464 48 3
12467 96 1
12468 38 4
12469 48 1
12470 120 0
12471 86 3
12472 53 3
12473 72 2
12474 72 1
12475 63 6
12476 98 0
12477 167 2
12478 24 1
12479 72 0
12480 166 2
12481 48 3
12482 48 1
12484 67 3
12485 45 3
12487 22 6
12488 65 5
12489 74 4
12490 72 2
12491 85 2
12492 72 0
12494 72 1
12495 75 2
12496 48 0
12498 100 0
12499 48 1
12501 76 2
12502 72 4
12503 72 0
12505 89 1
12506 143 4
12507 25 1
12508 85 3
12510 43 0
12511 44 2
12513 36 6
12516 65 0
12517 71 1
12518 72 3
12519 96 4
12520 175 0
12521 41 4
12522 49 0
12523 48 4
12525 34 6
12526 72 1
12527 70 2
12529 120 2
12530 96 6
12531 85 0
12532 86 4
12533 42 3
12535 72 2
12536 96 0
12537 55 2
12538 48 2
12539 188 1
12540 48 3
12541 96 1
12543 172 3
12547 48 6
12549 48 0
12550 71 6
12551 48 2
12553 72 0
12554 48 2
12555 44 0
12557 71 1
12558 52 4
12559 52 2
12562 48 3
12564 175 1
12565 71 0
12567 48 6
12570 75 4
12571 26 4
12573 90 2
12574 45 1
12575 74 1
12576 120 2
12577 96 0
12579 74 3
12581 70 0
12582 72 0
12583 101 6
12585 125 6
12586 47 4
12588 106 1
12590 48 4
12591 53 5
12593 17 3
12594 28 1
12595 65 6
12597 42 2
12598 48 2
12600 48 4
12601 31 2
12602 46 4
12603 24 2
12604 73 3
12605 40 3
12608 94 2
12609 58 1
12610 78 1
12612 87 3
12613 47 3
12614 48 0
12617 31 1
12618 71 0
12619 107 1
12620 237 6
12621 96 4
12623 48 1
12625 24 2
12626 39 3
12627 65 2
12628 72 0
12629 48 3
12631 115 3
12632 240 4
12634 96 6
12635 120 4
12636 48 4
12637 48 6
12638 48 4
12639 72 1
12642 95 0
12643 46 0
12645 87 6
12646 191 1
12647 71 2
12649 48 1
12650 136 3
12651 12 3
12652 214 6
12655 69 4
12658 72 6
12659 48 3
12662 48 3
12664 48 0
12665 51 3
12667 96 4
12669 66 6
12671 192 1
12672 120 2
12673 120 0
12675 48 4
12676 71 3
12678 75 3
12679 140 3
12681 65 1
12682 90 2
12683 38 3
12684 141 0
12685 72 2
12687 48 0
12688 107 0
12691 48 1
12693 44 1
12696 35 2
12698 74 3
12699 47 2
12701 47 4
12703 66 0
12704 48 1
12705 166 0
12706 108 3
12708 119 1
12709 49 4
12710 72 0
12711 37 6
12712 30 6
12713 66 0
12714 48 2
12715 80 3
12717 115 4
12718 48 6
12719 46 4
12720 59 6
12721 71 2
12722 48 3
12723 50 0
12725 119 3
12726 70 4
12727 58 0
12729 48 0
12730 48 0
12731 48 0
12732 72 0
12733 40 0
12734 48 2
12736 47 4
12738 48 3
12740 94 3
12741 72 2
12742 134 3
12744 53 0
12745 72 1
12746 43 4
12747 61 3
12748 119 1
12751 24 1
12752 114 1
12753 48 2
12754 96 1
12755 96 2
12756 72 2
12757 47 0
12758 63 4
12760 48 1
12761 60 3
12762 72 4
12765 48 2
12766 171 2
12767 47 2
12768 48 2
12769 71 2
12771 167 1
12772 95 0
12774 52 0
12775 37 4
12776 72 2
12777 48 4
12778 70 1
12779 48 4
12780 78 0
12781 94 1
12783 59 4
12784 68 0
12786 46 4
12787 72 1
12788 96 1
12790 49 3
12792 137 2
12793 96 0
12794 74 1
12795 72 4
12796 47 4
12797 31 4
12798 454 1
12799 47 3
12800 81 3
12801 72 0
12803 36 1
12804 84 1
12805 129 1
12806 71 4
12807 72 2
12808 48 1
12809 144 4
12810 48 5
12812 94 0
12813 38 1
12814 48 4
12815 50 1
12816 120 1
12817 48 0
12818 48 6
12821 50 2
12822 71 4
12823 91 2
12824 70 2
12825 48 3
12826 119 0
12827 48 2
12828 72 3
12829 32 5
12830 72 2
12831 489 1
12832 191 1
12834 47 4
12835 96 2
12836 47 2
12837 49 4
12838 89 2
12841 36 1
12842 50 4
12843 179 3
12844 170 6
12845 72 1
12846 48 4
12847 117 6
12848 72 0
12849 71 2
12851 45 2
12853 72 2
12854 72 3
12855 48 2
12856 60 0
12859 74 5
12860 48 4
12862 63 0
12863 80 4
12864 96 3
12865 205 2
12866 49 0
12867 28 0
12870 108 0
12873 47 2
12874 37 6
12875 48 4
12877 47 2
12879 48 2
12881 144 6
12882 71 2
12886 72 3
12887 58 4
12889 62 3
12890 90 5
12891 72 0
12893 120 3
12898 141 2
12899 48 0
12900 72 4
12902 51 6
12903 141 1
12904 48 0
12905 76 1
12908 48 3
12909 48 1
12910 72 2
12911 48 2
12913 68 0
12915 66 4
12916 81 4
12917 71 2
12918 55 4
12919 72 3
12922 48 4
12924 47 3
12925 86 2
12926 70 4
12927 35 6
12928 72 6
12931 72 0
12932 83 0
12933 85 0
12934 48 0
12935 48 6
12936 48 2
12937 48 0
12938 95 1
12939 100 2
12940 82 0
12941 48 1
12942 64 3
12943 78 6
12944 48 4
12945 120 1
12947 82 4
12949 105 6
12950 77 0
12952 72 0
12953 36 0
12956 120 0
12957 62 2
12958 60 6
12961 72 4
12962 48 0
12963 48 6
12964 72 2
12965 58 3
12966 72 1
12967 48 4
12968 82 4
12969 48 0
12970 167 4
12971 48 4
12972 87 0
12974 96 3
12977 72 3
12978 143 2
12980 71 4
12982 69 6
12983 96 0
12984 96 2
12985 102 0
12986 48 1
12988 32 4
12990 96 0
12991 72 1
12992 71 0
12993 120 0
12994 48 0
12995 71 0
12997 72 6
12998 124 0
12999 96 1
13000 192 1
13003 75 4
13005 160 2
13006 74 5
13008 61 4
13009 47 2
13011 63 4
13013 64 4
13015 72 3
13016 96 4
13017 24 6
13019 85 2
13022 120 0
13023 94 0
13024 72 0
13025 58 4
13026 126 4
13029 50 1
13030 46 3
13031 70 3
13032 90 0
13033 81 2
13034 98 2
13035 72 0
13037 47 0
13038 60 0
13039 96 4
13040 50 6
13041 72 0
13042 48 2
13043 48 0
13044 47 4
13045 72 2
13047 38 4
13049 48 1
13050 48 0
13054 141 1
13055 48 2
13056 120 0
13058 59 2
13060 72 1
13061 101 2
13062 50 6
13063 48 3
13065 68 1
13066 72 2
13069 164 4
13070 72 2
13071 53 0
13072 48 2
13073 48 2
13074 65 2
13076 48 0
13077 75 4
13078 24 2
13079 72 0
13080 63 3
13081 46 2
13082 36 3
13083 90 4
13084 35 0
13085 52 4
13088 72 1
13090 53 1
13091 48 0
13092 24 1
13093 60 2
13094 71 0
13095 72 2
13096 49 4
13098 48 3
13099 65 0
13100 33 0
13101 72 4
13102 50 1
13104 119 5
13105 47 0
13106 82 6
13107 87 2
13109 48 2
13110 98 4
13112 64 3
13115 72 2
13116 20 4
13117 196 3
13118 92 2
13120 95 0
13121 60 4
13122 49 1
13123 48 0
13124 90 0
13125 95 2
13127 48 0
13128 57 4
13129 57 6
13131 63 1
13132 69 0
13134 71 4
13135 71 4
13137 72 1
13138 72 0
13139 69 2
13140 48 2
13141 48 0
13143 119 2
13144 48 0
13145 72 0
13148 175 2
13149 130 1
13151 95 1
13152 62 6
13153 96 1
13155 51 5
13156 72 3
13157 72 1
13158 120 4
13160 69 3
13162 63 3
13163 62 2
13164 48 0
13165 63 2
13166 36 1
13169 179 0
13170 47 1
13171 31 2
13172 66 2
13173 60 0
13174 66 0
13175 83 0
13176 80 2
13177 48 0
13178 119 4
13179 54 6
13180 48 1
13181 81 3
13182 85 0
13183 45 4
13186 49 1
13188 72 0
13190 58 2
13191 143 2
13192 62 2
13193 36 3
13194 168 1
13195 29 4
13196 154 2
13197 38 4
13199 48 4
13201 55 2
13203 50 0
13204 48 0
13205 82 2
13206 48 3
13207 48 0
13208 154 3
13210 119 1
13211 71 1
13212 132 2
13213 48 4
13215 48 2
13216 59 1
13220 48 4
13221 48 4
13222 47 4
13224 214 6
13228 100 6
13229 63 1
13230 47 2
13231 36 1
13232 48 3
13233 88 3
13235 118 4
13237 96 3
13240 46 3
13242 120 1
13243 48 2
13244 72 2
13245 107 1
13246 58 3
13248 48 2
13249 48 4
13250 92 0
13252 71 0
13254 110 0
13255 66 2
13256 47 6
13257 144 1
13258 144 2
13259 185 0
13260 66 0
13262 120 3
13263 32 6
13264 111 1
13267 72 2
13269 48 2
13271 72 0
13272 85 0
13274 48 0
13276 70 0
13277 95 6
13279 144 2
13280 66 6
13281 93 3
13282 60 3
13285 81 6
13286 48 4
13288 48 2
13290 144 0
13291 32 4
13294 74 0
13295 69 6
13296 72 0
13297 48 3
13298 96 0
13299 72 3
13301 46 3
13302 47 0
13305 141 2
13309 48 3
13310 72 0
13311 39 6
13312 41 0
13313 100 0
13316 72 3
13317 71 2
13318 95 3
13319 86 0
13321 71 3
13322 47 1
13327 72 1
13329 150 2
13330 48 2
13331 48 2
13332 120 2
13333 48 2
13334 95 0
13335 24 6
13336 47 0
13337 113 2
13338 47 0
13339 63 3
13340 119 2
13341 60 1
13342 66 0
13343 48 2
13346 67 2
13349 60 0
13351 120 4
13353 48 6
13356 24 2
13358 72 4
13359 96 4
13361 45 3
13362 48 0
13363 47 4
13364 95 2
13365 78 0
13367 166 4
13368 95 5
13370 96 0
13372 95 0
13373 120 2
13374 48 2
13375 48 0
13376 162 2
13377 168 2
13378 55 2
13380 48 0
13381 23 0
13383 69 3
13384 49 0
13385 48 2
13386 59 3
13387 48 0
13388 72 2
13390 74 1
13394 24 4
13396 56 2
13397 192 3
13398 83 0
13399 81 6
13401 48 3
13405 120 2
13406 76 4
13407 26 4
13408 72 0
13410 107 4
13411 86 3
13412 80 0
13413 45 0
13416 39 4
13417 43 3
13418 48 0
13421 60 3
13423 48 3
13426 96 0
13427 77 0
13430 35 3
13431 112 6
13432 120 0
13433 71 2
13434 99 2
13435 90 3
13440 120 1
13442 48 4
13443 38 0
13445 48 0
13447 58 0
13449 47 6
13450 72 0
13452 32 3
13453 142 3
13454 81 2
13455 48 2
13458 54 2
13459 86 4
13461 81 0
13463 63 2
13464 48 1
13465 64 0
13467 82 1
13468 138 3
13469 53 2
13470 72 2
13471 72 1
13472 60 3
13473 44 0
13474 24 0
13475 72 0
13476 144 3
13477 75 0
13478 47 0
13480 72 2
13481 72 0
13482 89 1
13484 72 3
13485 50 2
13488 70 2
13490 75 4
13492 48 2
13493 144 3
13494 62 6
13495 192 2
13496 24 0
13497 75 2
13498 37 4
13499 117 0
13500 38 0
13501 120 1
13502 72 4
13503 48 3
13504 156 3
13505 48 1
13506 60 2
13507 48 2
13510 82 1
13511 48 2
13512 118 3
13513 72 0
13514 125 2
13516 68 6
13519 58 3
13520 72 1
13523 86 1
13525 87 0
13526 96 2
13527 37 6
13528 62 5
13529 47 2
13530 118 2
13532 94 0
13533 59 0
13535 56 6
13536 71 4
13537 94 2
13538 106 3
13539 25 4
13540 110 1
13541 123 2
13542 65 0
13543 88 0
13544 48 3
13545 46 0
13546 122 4
13547 72 0
13549 72 0
13550 96 0
13552 89 2
13553 63 6
13556 96 1
13557 73 1
13558 48 6
13559 46 6
13560 124 2
13561 96 4
13562 72 0
13564 80 3
13565 180 3
13566 169 1
13567 69 3
13569 37 1
13570 72 0
13571 122 4
13572 72 4
13573 96 4
13574 89 3
13575 48 2
13576 102 3
13577 96 4
13578 66 3
13579 48 0
13580 60 4
13581 48 5
13582 72 3
13583 72 2
13584 46 2
13585 71 2
13586 143 4
13587 24 3
13588 24 1
13589 48 0
13590 48 2
13591 82 2
13592 146 1
13593 119 0
13594 104 3
13595 87 0
13596 49 0
13597 96 0
13598 48 0
13600 95 2
13601 63 3
13603 72 0
13604 72 0
13605 48 4
13606 95 3
13607 76 4
13608 183 2
13609 75 0
13612 71 0
13614 96 3
13615 96 5
13616 96 1
13617 90 1
13618 100 3
13619 55 0
13620 36 6
13622 37 1
13624 70 0
13625 72 0
13628 72 2
13630 72 1
13631 77 6
13632 71 0
13634 163 0
13635 234 1
13638 72 2
13639 65 2
13640 48 4
13641 72 2
13642 71 0
13643 24 4
13644 49 0
13646 97 4
13648 25 4
13649 24 3
13652 96 3
13653 90 1
13654 48 4
13655 120 2
13656 84 3
13657 45 1
13661 75 2
13662 71 3
13663 48 1
13664 92 2
13666 85 3
13667 57 4
13668 48 3
13670 64 0
13671 24 1
13673 56 0
13677 72 2
13678 48 2
13679 149 3
13680 48 4
13681 48 0
13682 48 1
13686 48 2
13688 100 1
13690 48 3
13691 36 1
13692 101 4
13693 72 2
13694 48 0
13695 65 0
13696 72 3
13698 59 2
13699 78 0
13702 46 3
13703 34 1
13704 48 2
13705 115 6
13707 57 6
13708 143 3
13710 121 4
13711 71 4
13712 48 2
13713 37 2
13714 22 2
13716 47 0
13717 48 3
13718 48 3
13719 94 2
13720 72 1
13721 71 2
13722 72 2
13724 48 2
13729 72 3
13730 72 0
13731 59 2
13732 24 4
13733 48 3
13734 94 2
13735 44 3
13736 191 1
13739 68 0
13740 120 0
13742 54 2
13743 24 4
13745 42 3
13746 48 1
13748 120 2
13749 72 3
13750 48 6
13751 60 3
13752 72 2
13753 47 4
13754 48 6
13756 69 3
13757 124 2
13758 56 0
13760 72 2
13761 72 0
13762 136 0
13763 71 1
13768 48 1
13769 72 2
13771 48 0
13772 88 2
13773 27 0
13775 96 0
13778 47 5
13779 72 3
13780 96 0
13781 120 2
13782 86 6
13785 118 0
13786 72 2
13787 262 1
13788 53 2
13789 71 2
13790 95 3
13791 48 2
13792 41 0
13793 127 2
13794 72 4
13797 86 0
13798 221 4
13801 48 0
13802 48 2
13804 33 3
13805 48 0
13806 45 3
13807 59 0
13808 105 1
13809 47 6
13810 39 4
13812 72 2
13813 24 6
13814 103 6
13815 144 1
13818 85 4
13819 47 1
13820 192 4
13821 33 0
13822 48 0
13823 72 1
13824 44 1
13825 125 0
13826 59 4
13827 249 0
13828 72 0
13829 72 0
13831 43 4
13832 179 2
13833 48 4
13834 48 6
13837 60 3
13840 72 3
13841 190 3
13843 24 0
13845 78 3
13846 126 2
13847 101 1
13848 55 0
13849 23 2
13850 80 0
13854 84 4
13855 37 5
13856 38 3
13857 40 2
13858 91 2
13861 50 1
13862 71 0
13863 48 2
13864 123 0
13865 60 0
13866 47 1
13867 33 3
13870 72 6
13871 48 2
13872 47 3
13875 120 2
13877 48 2
13880 167 1
13881 100 4
13882 70 4
13883 72 1
13884 72 2
13885 124 4
13887 121 0
13888 48 2
13889 48 2
13890 86 4
13891 49 3
13892 48 2
13895 31 5
13896 47 4
13897 48 0
13898 130 3
13900 48 3
13901 119 0
13902 115 6
13905 48 2
13906 50 2
13907 70 1
13908 24 4
13909 47 1
13910 59 3
13912 50 0
13913 144 1
13915 95 2
13916 72 2
13918 43 4
13919 96 2
13922 74 3
13926 72 2
13927 72 3
13928 116 0
13929 79 0
13931 60 6
13933 48 4
13934 57 2
13935 48 2
13936 78 1
13937 48 2
13938 96 1
13939 48 1
13941 32 0
13942 48 4
13943 72 2
13944 48 4
13945 24 4
13947 96 3
13949 96 2
13950 72 3
13953 143 3
13954 48 3
13955 47 2
13957 72 2
13959 96 3
13961 48 1
13964 53 4
13965 96 2
13967 48 0
13968 72 0
13969 60 6
13970 76 3
13972 49 4
13973 57 4
13974 116 1
13975 89 0
13976 24 4
13977 96 1
13978 48 4
13979 82 0
13981 71 4
13983 216 2
13984 79 1
13985 100 3
13986 73 0
13987 74 2
13988 29 3
13989 22 3
13990 74 2
13992 72 2
13994 96 2
13995 120 2
13996 75 2
13997 46 4
14000 47 4
14001 64 1
14002 24 0
14003 49 2
14004 57 3
14005 190 1
14006 59 0
14007 74 0
14008 48 2
14010 48 1
14012 123 6
14013 72 1
14014 41 6
14015 87 3
14016 42 6
14017 39 3
14018 71 3
14019 71 1
14020 48 2
14022 48 4
14023 96 3
14024 89 2
14025 143 1
14026 58 3
14027 13 4
14028 36 4
14030 60 3
14031 84 4
14032 100 1
14034 95 0
14035 48 4
14036 47 0
14037 118 6
14039 17 6
14040 166 3
14042 70 1
14044 25 0
14045 99 4
14046 48 0
14047 119 3
14048 24 1
14050 94 1
14051 48 3
14052 63 2
14053 56 3
14054 96 0
14057 53 5
14058 120 0
14060 143 2
14065 111 2
14067 24 4
14068 96 2
14069 96 6
14071 135 1
14072 47 4
14073 22 3
14074 88 1
14075 96 0
14076 29 4
14077 96 1
14078 168 3
14079 36 4
14080 67 4
14081 48 2
14084 68 4
14085 96 4
14086 48 1
14087 23 6
14088 48 2
14089 72 2
14092 48 2
14093 75 1
14094 95 0
14095 68 1
14096 72 0
14100 66 3
14101 49 2
14102 72 2
14103 123 1
14108 96 2
14109 46 3
14110 71 2
14115 81 1
14116 50 4
14118 51 2
14119 62 6
14120 45 6
14121 67 3
14124 62 3
14127 115 1
14128 147 2
14129 71 2
14130 60 0
14131 131 0
14132 73 0
14133 50 0
14134 125 2
14136 144 4
14137 72 2
14138 143 2
14139 48 2
14140 48 3
14142 48 2
14143 175 1
14144 309 1
14145 95 2
14146 48 0
14149 47 3
14151 44 4
14152 40 4
14153 71 2
14155 96 2
14156 95 0
14158 56 2
14160 96 3
14161 46 1
14162 71 2
14164 48 2
14165 71 2
14166 19 4
14168 144 1
14169 92 0
14170 60 2
14171 267 1
14173 70 1
14174 48 2
14175 38 4
14176 47 0
14177 166 1
14178 96 1
14180 74 1
14181 48 3
14183 77 0
14185 48 6
14186 48 4
14188 47 3
14190 72 3
14192 48 2
14193 36 4
14195 23 1
14196 96 2
14198 96 3
14199 108 3
14202 48 2
14205 48 2
14208 96 0
14210 48 0
14211 85 4
14213 120 0
14215 36 6
14216 50 1
14219 48 2
14221 163 1
14222 95 1
14223 47 3
14224 72 0
14226 38 4
14227 47 2
14228 48 3
14229 143 3
14231 96 3
14232 72 2
14233 73 1
14234 120 0
14235 48 4
14236 31 3
14237 100 1
14239 81 1
14241 48 0
14242 87 3
14245 34 4
14246 107 0
14247 48 0
14248 92 2
14249 46 6
14250 71 2
14251 72 4
14252 48 0
14253 46 1
14254 129 3
14255 68 2
14256 72 0
14257 145 1
14258 75 2
14259 48 2
14261 124 1
14262 115 1
14263 48 2
14266 56 3
14267 96 3
14268 30 1
14269 48 2
14270 117 1
14274 75 3
14275 144 0
14277 68 0
14278 72 0
14279 48 4
14280 48 0
14281 72 6
14282 102 2
14284 71 2
14285 48 0
14286 48 2
14288 162 2
14289 48 5
14292 95 0
14294 56 6
14295 48 2
14296 48 0
14297 24 4
14298 99 2
14299 71 3
14300 143 2
14302 60 6
14303 32 4
14306 48 0
14308 120 3
14310 94 0
14311 96 3
14312 48 0
14313 48 2
14315 54 0
14317 47 0
14318 96 2
14320 48 0
14321 72 1
14322 65 3
14324 90 2
14325 79 2
14326 81 1
14327 100 6
14328 297 1
14329 46 0
14331 101 2
14332 32 3
14333 62 1
14334 63 4
14336 95 2
14337 96 4
14339 72 2
14340 56 6
14341 134 1
14342 42 5
14343 33 0
14344 72 4
14345 34 6
14346 48 2
14348 48 1
14349 72 2
14350 48 2
14351 95 4
14352 144 2
14353 146 4
14354 50 1
14358 55 3
14359 47 3
14360 48 3
14361 143 2
14362 42 3
14365 48 2
14366 122 1
14370 48 0
14371 35 3
14372 43 0
14373 41 4
14374 96 2
14375 36 2
14377 96 2
14378 72 3
14379 24 4
14380 48 2
14381 72 4
14383 25 4
14384 91 0
14385 85 4
14386 96 3
14387 120 2
14390 62 0
14392 47 2
14393 82 0
14395 50 1
14397 44 1
14398 23 6
14400 120 3
14402 70 1
14403 47 4
14404 72 2
14405 56 0
14409 142 1
14410 72 4
14411 105 1
14412 50 3
14414 48 1
14415 120 3
14417 42 1
14419 36 3
14421 72 4
14422 96 4
14423 79 3
14424 69 2
14425 67 1
14426 119 1
14427 99 2
14428 71 0
14429 100 1
14432 24 4
14433 15 2
14434 70 5
14435 120 2
14436 71 0
14437 86 3
14438 72 4
14439 48 2
14440 72 0
14441 67 0
14442 42 3
14443 71 1
14444 36 4
14445 100 4
14446 96 2
14447 48 2
14448 32 3
14449 53 0
14450 48 4
14451 121 1
14452 72 2
14453 50 3
14455 144 1
14457 70 3
14458 75 1
14459 48 0
14462 63 4
14463 72 2
14466 48 2
14469 70 3
14470 72 1
14471 61 1
14472 25 6
14473 72 2
14474 92 3
14475 96 1
14476 139 1
14477 59 4
14480 144 1
14481 48 4
14482 96 1
14483 55 5
14484 96 0
14485 79 3
14486 65 3
14487 28 4
14488 70 1
14490 35 1
14491 95 4
14494 48 0
14495 51 5
14496 70 1
14497 60 3
14498 60 0
14499 72 3
14500 24 3
14501 73 4
14503 62 1
14505 48 0
14506 72 0
14507 118 3
14508 48 2
14509 73 4
14512 96 1
14513 77 3
14514 84 4
14515 39 3
14517 41 4
14518 163 1
14519 46 3
14520 40 6
14521 96 3
14522 53 0
14523 95 2
14524 68 6
14525 80 3
14527 48 2
14528 71 2
14529 90 1
14530 50 4
14531 31 4
14532 66 3
14533 48 4
14534 20 4
14536 75 6
14537 48 2
14538 43 5
14539 103 0
14541 48 0
14542 225 1
14545 42 6
14547 75 2
14548 45 2
14549 122 6
14551 72 0
14552 72 0
14553 47 6
14554 70 3
14556 72 2
14557 120 2
14558 72 0
14561 38 2
14562 99 2
14563 96 1
14565 125 6
14566 48 4
14567 167 6
14568 47 0
14569 143 0
14571 47 4
14573 47 4
14574 48 1
14575 48 2
14576 48 6
14577 48 0
14578 55 2
14580 82 3
14583 59 4
14585 48 0
14587 36 2
14589 23 0
14591 48 1
14592 23 4
14593 72 0
14594 120 1
14597 52 0
14600 67 6
14601 123 1
14603 50 0
14605 38 4
14606 71 1
14607 95 2
14608 120 2
14610 96 0
14611 48 2
14612 48 2
14613 95 6
14615 72 2
14616 72 3
14617 71 1
14618 50 0
14619 48 4
14620 48 0
14621 94 4
14622 54 0
14623 31 2
14624 36 4
14625 70 2
14627 72 0
14629 72 2
14630 166 4
14631 48 2
14634 41 3
14635 74 3
14636 83 0
14637 48 4
14639 151 3
14640 102 3
14641 43 0
14642 72 2
14643 65 3
14644 102 1
14645 71 2
14646 48 3
14647 48 3
14648 96 1
14649 57 6
14650 72 4
14652 95 4
14653 57 3
14654 96 2
14656 119 0
14657 120 2
14658 72 2
14659 118 3
14660 30 0
14662 72 0
14663 45 2
14664 72 2
14665 104 2
14667 29 0
14669 72 2
14670 48 6
14671 83 3
14672 48 0
14673 102 0
14676 24 4
14678 216 1
14680 55 0
14682 72 2
14683 78 4
14684 50 3
14685 99 1
14687 48 4
14688 48 4
14692 120 0
14694 48 6
14698 50 3
14699 92 3
14700 48 4
14702 72 0
14704 54 3
14705 118 2
14707 95 2
14708 48 4
14710 226 2
14711 107 1
14712 72 2
14713 29 2
14714 45 4
14715 119 2
14717 51 4
14718 36 6
14719 48 4
14720 60 0
14721 27 6
14722 86 3
14723 57 2
14724 44 0
14725 72 1
14726 53 3
14729 119 1
14730 96 0
14731 72 2
14734 72 1
14735 72 2
14736 72 4
14739 50 4
14740 62 2
14742 135 0
14744 60 3
14746 43 2
14747 68 4
14748 36 2
14749 82 3
14750 48 3
14752 72 3
14753 52 2
14754 131 2
14755 57 2
14756 48 4
14757 71 3
14759 51 3
14760 24 4
14761 176 2
14762 47 2
14764 95 3
14765 48 0
14767 96 3
14768 64 1
14769 166 0
14770 57 4
14771 47 4
14772 71 2
14775 114 2
14776 72 0
14777 95 5
14778 111 1
14780 88 1
14781 59 0
14783 120 1
14784 94 2
14785 96 2
14786 113 1
14787 47 0
14788 37 4
14789 60 0
14790 53 0
14791 72 0
14792 96 4
14793 27 3
14794 71 0
14795 120 2
14796 95 3
14797 48 3
14798 50 4
14799 149 1
14800 95 0
14801 79 4
14802 55 1
14803 238 3
14804 36 5
14808 81 1
14809 72 0
14810 72 0
14811 48 3
14812 25 4
14813 75 2
14814 72 3
14815 74 0
14818 80 0
14820 48 0
14821 48 0
14824 71 4
14825 92 0
14826 48 6
14827 72 3
14829 60 1
14830 142 1
14832 48 6
14833 72 2
14834 48 5
14836 232 2
14837 48 2
14839 25 6
14840 150 1
14842 167 2
14844 39 0
14845 51 2
14846 120 3
14848 62 3
14849 38 4
14851 48 4
14853 56 3
14856 48 3
14858 71 3
14859 57 1
14861 93 2
14862 120 0
14863 58 3
14864 69 3
14865 123 3
14866 72 0
14867 119 0
14868 48 2
14870 38 6
14871 229 1
14873 95 1
14874 48 2
14877 46 4
14878 96 3
14880 67 3
14882 50 4
14884 43 2
14885 50 4
14886 104 2
14890 91 3
14892 35 2
14893 48 4
14894 119 3
14895 71 1
14897 90 3
14899 60 0
14900 47 0
14902 88 6
14903 37 0
14904 71 1
14906 27 1
14907 119 1
14909 46 4
14910 80 3
14912 51 1
14913 119 3
14914 64 2
14919 72 2
14920 25 4
14923 42 6
14924 59 0
14926 147 4
14927 72 1
14928 96 1
14929 79 6
14930 122 4
14931 82 0
14932 70 3
14933 48 2
14937 95 0
14938 24 5
14939 47 2
14940 72 2
14941 48 2
14942 48 3
14944 78 2
14945 48 3
14947 72 0
14948 112 2
14949 72 2
14950 71 3
14951 24 0
14956 168 3
14957 72 0
14958 46 5
14960 25 0
14961 48 4
14962 72 1
14963 48 3
14965 48 1
14966 46 3
14967 103 1
14968 89 1
14969 62 3
14970 96 2
14971 72 0
14972 72 0
14973 61 3
14974 144 2
14975 77 2
14976 48 1
14977 72 6
14979 71 0
14981 48 2
14984 44 1
14985 48 2
14986 32 0
14990 75 0
14992 105 1
14995 74 2
14997 215 2
14998 116 3
14999 49 2
15001 72 2
15004 72 0
15005 48 1
15006 48 1
15007 72 2
15008 48 4
15010 52 2
15014 60 3
15015 48 3
15016 48 2
15017 71 2
15018 142 1
15020 51 1
15021 48 0
15022 72 4
15023 72 0
15024 78 2
15025 48 2
15027 87 4
15028 120 3
15029 249 1
15031 43 4
15032 168 3
15034 50 2
15035 48 0
15036 39 0
15037 61 1
15038 58 0
15039 96 2
15040 83 2
15041 72 0
15042 149 3
15043 168 1
15044 29 0
15045 58 3
15046 48 4
15047 24 0
15048 72 2
15049 48 0
15050 86 0
15051 41 4
15052 61 2
15053 24 6
15055 88 4
15057 120 1
15058 191 1
15061 82 0
15064 90 3
15065 51 6
15066 35 4
15067 65 3
15068 47 2
15069 143 1
15071 72 3
15074 72 1
15076 46 4
15078 47 1
15081 191 1
15082 72 2
15083 41 1
15084 74 1
15085 96 4
15087 107 4
15088 84 1
15090 48 2
15092 63 3
15093 48 4
15094 144 1
15095 103 4
15096 52 4
15098 24 4
15099 72 4
15101 30 6
15104 48 3
15106 75 2
15107 285 3
15113 72 2
15114 35 3
15115 77 1
15117 72 3
15118 24 0
15119 442 1
15120 47 0
15121 72 2
15122 72 2
15123 95 3
15124 93 3
15125 95 0
15126 24 0
15129 96 1
15130 75 0
15131 75 4
15134 35 6
15136 29 3
15137 118 3
15140 68 3
15141 96 2
15142 107 3
15143 48 1
15145 132 3
15146 47 4
15147 59 4
15150 100 3
15151 48 4
15153 96 1
15154 144 1
15155 80 2
15157 68 2
15159 96 2
15160 46 2
15162 48 3
15163 33 0
15164 64 3
15165 48 2
15166 96 3
15167 98 3
15170 311 2
15172 49 0
15173 65 3
15175 71 3
15176 83 3
15178 72 0
15179 96 2
15180 48 0
15182 143 1
15183 41 6
15184 148 6
15185 48 4
15187 45 4
15188 72 0
15189 41 2
15190 48 2
15191 75 2
15192 74 5
15194 143 0
15195 71 3
15199 47 0
15200 108 1
15201 56 4
15202 55 2
15203 165 2
15204 51 4
15206 81 0
15207 126 1
15208 91 3
15209 40 1
15210 48 0
15211 95 0
15212 48 3
15213 38 3
15214 144 2
15216 72 0
15217 72 2
15218 50 2
15219 72 2
15221 100 3
15222 62 2
15224 62 0
15226 55 3
15227 71 0
15228 96 1
15229 48 2
15230 96 0
15233 109 4
15234 77 3
15235 303 2
15236 59 3
15238 80 1
15239 55 6
15242 24 4
15244 48 5
15245 58 3
15246 96 3
15247 48 3
15248 75 1
15250 48 1
15251 136 0
15252 58 4
15254 72 3
15255 478 2
15256 105 4
15257 24 3
15258 71 6
15259 92 0
15260 47 2
15265 88 4
15266 48 3
15267 49 3
15268 99 1
15272 148 2
15274 28 0
15275 50 6
15276 48 4
15277 52 5
15279 197 2
15280 64 3
15282 67 2
15283 89 4
15284 118 1
15285 72 3
15286 46 2
15289 72 0
15290 72 2
15291 80 1
15292 46 2
15297 72 0
15300 48 1
15301 165 3
15302 120 2
15303 98 6
15305 72 0
15306 48 2
15307 72 2
15308 78 1
15310 72 1
15313 59 4
15314 46 2
15315 87 1
15318 142 0
15320 262 4
15321 73 1
15322 25 4
15323 52 0
15327 47 4
15328 34 4
15329 58 2
15330 53 4
15332 57 3
15333 111 1
15334 66 2
15335 24 4
15337 48 2
15339 113 1
15341 47 1
15342 47 0
15343 62 3
15344 96 0
15345 157 2
15346 112 3
15347 84 3
15348 69 3
15349 48 3
15350 72 0
15351 114 0
15352 143 2
15354 50 6
15357 25 1
15359 84 3
15361 72 2
15362 72 0
15363 30 3
15364 96 1
15365 96 2
15366 48 2
15367 81 0
15368 120 0
15369 89 1
15370 48 2
15371 119 0
15373 60 2
15375 95 1
15378 96 2
15380 60 3
15381 47 6
15382 68 2
15383 96 6
15385 47 1
15386 62 6
15387 44 4
15389 82 3
15391 95 4
15393 239 1
15394 72 4
15395 200 2
15398 48 6
15399 124 6
15400 47 0
15402 157 0
15403 115 1
15404 60 1
15405 96 6
15406 214 3
15409 48 4
15411 48 6
15412 47 1
15413 48 4
15415 56 6
15416 72 2
15417 47 4
15418 98 4
15419 92 1
15420 59 0
15421 48 3
15422 48 2
15423 72 2
15424 48 0
15425 45 3
15426 68 3
15427 72 3
15428 48 6
15429 38 4
15430 72 4
15431 94 3
15432 52 0
15433 75 2
15435 72 0
15436 148 3
15437 154 3
15438 71 1
15439 120 2
15442 59 4
15443 146 1
15444 155 1
15445 48 4
15446 71 1
15447 95 1
15449 143 0
15451 47 3
15452 40 4
15455 50 4
15456 70 2
15457 96 3
15458 72 0
15460 103 4
15461 66 2
15463 125 2
15464 66 6
15467 47 6
15468 68 1
15469 95 3
15471 95 2
15472 36 3
15476 51 1
15478 72 1
15480 48 4
15482 75 3
15484 35 3
15485 69 0
15486 168 2
15487 24 5
15489 72 2
15490 95 4
15491 78 2
15493 76 3
15495 96 2
15496 88 0
15498 74 0
15500 25 6
15502 48 1
15503 41 1
15505 90 4
15506 30 5
15507 48 0
15509 89 3
15510 56 0
15512 48 0
15514 38 4
15519 48 2
15520 64 3
15524 107 3
15525 49 4
15527 64 3
15531 52 3
15532 118 2
15533 48 4
15535 66 0
15536 68 6
15538 65 0
15539 48 0
15540 48 4
15541 47 3
15542 49 4
15543 48 3
15546 53 2
15548 48 4
15549 75 2
15550 36 4
15551 47 6
15553 64 0
15556 48 0
15557 57 0
15558 178 3
15559 143 1
15560 71 0
15561 59 3
15562 79 3
15563 72 2
15564 72 1
15565 45 3
15566 47 2
15567 48 4
15568 70 3
15570 95 2
15572 47 2
15573 68 6
15574 24 6
15578 58 3
15579 101 3
15580 42 4
15581 48 4
15582 71 3
15583 35 6
15584 91 1
15587 48 0
15589 72 2
15590 62 0
15591 90 3
15592 69 4
15593 144 2
15594 48 6
15595 68 3
15596 95 1
15599 23 6
15600 86 2
15602 58 2
15603 29 6
15604 64 0
15605 48 2
15606 55 3
15607 48 1
15608 70 2
15609 71 3
15610 50 5
15611 72 3
15614 38 4
15616 23 6
15617 92 3
15622 45 1
15623 24 3
15627 77 4
15630 65 0
15631 63 3
15632 72 3
15634 95 2
15635 96 2
15637 122 1
15638 99 1
15639 48 2
15640 71 2
15641 48 2
15643 93 3
15645 83 2
15650 144 2
15651 119 2
15653 239 1
15654 89 3
15657 59 0
15659 50 4
15660 92 3
15662 95 4
15663 90 2
15664 96 4
15665 40 0
15666 59 3
15667 72 3
15668 25 3
15670 52 3
15672 86 2
15674 40 6
15675 131 1
15677 117 4
15678 72 0
15679 129 0
15680 89 2
15681 71 1
15684 48 4
15685 132 0
15688 57 1
15690 62 6
15693 72 1
15694 120 0
15695 72 1
15696 62 1
15697 48 1
15699 72 1
15701 48 1
15703 47 0
15704 72 2
15705 71 1
15706 36 3
15707 60 3
15708 48 0
15709 59 0
15711 90 1
15714 42 3
15715 59 0
15716 69 1
15717 49 3
15718 47 2
15719 71 3
15721 56 1
15724 71 2
15725 48 0
15727 72 3
15728 116 2
15729 102 3
15730 72 1
15731 48 0
15732 72 2
15734 92 3
15736 48 0
15737 72 2
15738 239 2
15739 71 0
15740 72 4
15741 47 3
15742 72 1
15743 50 3
15745 48 1
15746 41 2
15747 67 2
15748 120 1
15750 230 1
15751 47 2
15752 47 0
15755 79 4
15756 29 1
15757 81 2
15758 48 2
15759 216 2
15760 119 2
15761 63 4
15762 95 2
15764 71 2
15767 96 1
15770 48 2
15771 201 1
15773 57 4
15774 70 4
15778 101 2
15779 48 2
15781 205 3
15782 47 2
15783 40 1
15784 48 2
15785 70 0
15786 24 4
15787 96 2
15788 144 1
15790 113 0
15791 71 2
15792 48 0
15794 72 4
15795 34 0
15796 50 2
15797 48 3
15798 93 0
15800 50 2
15801 48 3
15802 50 1
15803 120 5
15804 67 4
15805 40 5
15806 36 1
15807 48 3
15809 72 0
15810 72 2
15811 48 3
15815 78 6
15816 119 2
15817 72 2
15818 83 0
15820 128 6
15821 50 0
15822 72 2
15823 125 2
15824 72 2
15825 68 4
15826 48 4
15827 120 1
15829 72 2
15832 38 1
15833 38 4
15834 50 2
15835 72 0
15838 99 2
15841 48 3
15842 95 1
15843 72 0
15846 120 2
15847 38 3
15848 41 0
15849 62 2
15851 100 1
15853 23 3
15854 50 2
15855 34 3
15856 47 3
15860 125 2
15861 215 2
15862 72 2
15863 143 0
15864 36 0
15865 143 0
15866 48 0
15869 72 3
15870 48 6
15871 47 2
15872 92 0
15873 96 3
15874 25 4
15875 72 1
15877 72 2
15879 48 4
15881 48 1
15883 71 2
15884 48 6
15885 47 0
15886 54 1
15887 48 4
15888 75 2
15889 144 1
15891 93 1
15892 38 3
15893 117 2
15895 47 0
15896 67 3
15898 48 2
15902 48 0
15903 68 0
15904 24 3
15906 66 4
15907 143 6
15909 34 2
15910 96 1
15912 47 6
15914 48 2
15915 70 0
15918 41 0
15919 49 3
15920 75 3
15921 63 4
15922 155 2
15924 47 4
15925 48 1
15927 83 0
15928 48 4
15932 50 5
15933 91 1
15934 48 6
15935 111 2
15939 67 2
15940 288 1
15941 57 4
15942 111 2
15945 55 0
15947 50 0
15948 24 3
15950 50 0
15954 116 6
15955 143 1
15958 74 4
15961 72 2
15962 64 6
15964 75 2
15965 48 4
15966 59 2
15967 165 4
15968 84 2
15969 52 0
15970 46 3
15972 72 2
15973 54 0
15976 51 6
15977 95 0
15978 47 1
15979 72 2
15980 49 3
15982 75 4
15983 144 1
15984 36 4
15986 78 0
15988 48 0
15989 70 2
15990 71 3
15992 78 0
15995 48 2
15996 31 6
15997 275 1
15998 126 2
15999 50 3
16000 80 4
16001 48 3
16002 72 4
16003 66 3
16004 64 4
16005 47 3
16007 72 2
16008 82 2
16009 96 4
16010 121 2
16011 48 2
16012 55 0
16013 48 0
16015 21 3
16016 47 0
16017 39 1
16021 49 3
16023 115 3
16024 117 2
16026 99 1
16027 68 6
16028 96 0
16029 96 0
16030 48 2
16031 170 3
16032 71 2
16033 48 1
16034 48 2
16035 48 0
16036 67 0
16037 48 4
16038 95 2
16040 144 1
16042 53 4
16043 46 2
16044 108 2
16046 57 4
16047 48 2
16048 48 3
16049 72 1
16051 120 2
16053 49 3
16054 72 2
16055 64 1
16057 95 0
16058 115 0
16059 144 1
16060 72 2
16061 66 1
16062 34 0
16063 69 3
16064 48 2
16065 108 2
16066 96 0
16067 67 0
16068 74 0
16069 62 1
16070 63 5
16073 57 2
16076 72 2
16077 70 4
16078 65 0
16079 72 0
16080 48 1
16082 66 0
16084 38 3
16085 47 2
16086 37 2
16087 48 0
16091 40 3
16092 53 4
16093 109 2
16095 120 2
16096 53 0
16097 167 2
16099 46 0
16100 72 1
16101 143 1
16102 48 0
16103 48 3
16104 48 0
16105 126 1
16106 155 3
16107 72 1
16108 39 6
16110 63 1
16111 96 1
16114 168 1
16115 55 1
16116 96 4
16117 165 3
16118 50 2
16119 49 3
16120 142 0
16121 81 2
16122 48 2
16125 48 6
16126 106 3
16127 168 0
16129 57 2
16130 72 2
16131 72 2
16133 335 2
16134 53 2
16136 85 3
16137 86 3
16139 48 0
16144 95 2
16145 48 0
16146 93 3
16147 102 3
16149 75 3
16150 120 0
16151 120 0
16153 70 6
16154 74 1
16155 48 3
16156 48 0
16158 53 3
16159 72 0
16160 96 3
16162 43 4
16164 71 2
16166 74 6
16167 48 0
16168 75 3
16169 36 3
16170 144 3
16171 237 1
16172 252 1
16174 50 6
16176 56 3
16177 48 4
16181 94 1
16182 174 1
16184 72 3
16186 62 3
16187 48 2
16188 100 3
16189 61 0
16192 59 5
16193 48 0
16196 96 0
16197 48 3
16198 96 1
16200 31 6
16202 65 0
16204 72 2
16208 24 4
16209 42 3
16210 48 2
16212 48 0
16213 189 3
16214 48 3
16215 48 1
16216 47 3
16217 47 1
16219 72 2
16220 38 3
16222 84 2
16223 50 1
16224 59 3
16225 100 3
16226 71 1
16228 61 0
16229 104 2
16234 42 0
16236 48 4
16237 31 6
16238 45 4
16239 71 2
16240 48 0
16242 48 3
16243 69 3
16244 168 0
16245 105 2
16246 71 2
16247 58 2
16248 48 2
16249 72 2
16250 72 2
16251 80 1
16253 60 6
16254 72 2
16255 127 1
16256 67 0
16257 48 2
16258 72 2
16259 48 3
16260 71 2
16261 29 6
16262 67 3
16263 25 4
16264 72 3
16265 95 1
16266 105 3
16267 72 3
16269 120 3
16270 48 3
16272 137 1
16273 48 2
16274 24 6
16275 95 3
16276 30 3
16279 72 2
16280 86 2
16281 61 1
16283 35 6
16286 67 2
16287 48 2
16288 81 1
16291 72 2
16292 174 2
16294 60 3
16295 48 1
16298 48 1
16299 55 5
16300 75 6
16302 96 0
16305 72 0
16306 45 0
16309 24 6
16310 42 6
16311 88 3
16314 117 3
16315 44 2
16316 53 4
16317 72 3
16320 48 0
16321 65 4
16322 72 4
16323 72 1
16324 51 2
16325 119 3
16328 46 6
16331 71 0
16333 81 1
16334 48 2
16335 48 3
16337 102 2
16338 118 1
16339 120 2
16342 59 6
16346 55 0
16347 95 1
16348 32 2
16353 39 4
16354 56 4
16355 96 2
16356 147 4
16357 83 0
16359 51 0
16360 47 0
16361 48 4
16362 81 1
16363 145 1
16364 99 6
16365 100 2
16366 72 4
16367 48 1
16368 71 3
16370 65 2
16371 48 0
16372 22 6
