00001 144 1
00002 70 2
00004 48 1
00006 48 3
00007 96 3
00008 48 1
00010 96 6
00011 24 4
00012 32 4
00013 48 2
00015 57 3
00016 104 6
00018 134 0
00019 50 4
00020 51 3
00021 48 0
00022 79 1
00024 93 1
00025 48 3
00026 54 3
00027 72 2
00029 46 0
00031 48 3
00032 48 6
00033 47 0
00034 48 0
00037 48 2
00043 62 4
00045 47 4
00046 36 5
00048 96 1
00049 48 1
00053 48 3
00054 72 0
00055 47 0
00056 47 6
00057 320 1
00059 192 3
00060 108 0
00061 90 4
00063 45 2
00064 43 3
00065 72 6
00070 75 2
00071 71 0
00072 29 2
00073 70 0
00074 168 2
00075 78 2
00077 48 4
00078 69 0
00079 59 1
00080 71 1
00082 47 0
00083 121 0
00084 39 6
00085 48 2
00087 48 2
00089 72 0
00091 104 1
00093 49 4
00094 24 1
00095 106 2
00097 45 3
00098 75 0
00099 48 6
00101 96 6
00103 48 1
00106 119 3
00107 192 1
00108 44 6
00109 44 3
00111 48 3
00112 61 2
00113 35 0
00116 96 3
00117 48 4
00119 72 0
00120 75 1
00122 76 1
00124 118 3
00126 93 2
00127 56 4
00128 191 0
00129 48 2
00130 143 3
00131 96 1
00133 66 4
00134 110 2
00135 42 1
00136 72 3
00138 61 3
00139 69 0
00140 48 3
00141 49 2
00142 60 6
00143 48 3
00145 48 4
00146 107 0
00147 265 0
00148 72 0
00149 96 1
00150 42 1
00151 42 4
00152 67 2
00154 51 2
00155 48 3
00157 72 3
00159 73 3
00160 72 2
00161 72 0
00162 120 2
00164 57 3
00165 53 6
00166 83 3
00167 96 2
00168 130 2
00169 48 0
00170 47 3
00172 121 3
00173 58 4
00174 96 6
00175 42 2
00177 113 1
00178 120 2
00179 142 0
00180 48 3
00183 54 6
00184 46 2
00185 60 0
00186 97 1
00187 100 3
00188 48 1
00190 120 0
00191 46 0
00194 60 3
00195 82 2
00197 83 3
00199 47 0
00200 44 2
00204 22 6
00205 84 4
00206 43 3
00207 127 1
00208 72 4
00211 50 2
00212 48 4
00214 72 2
00215 120 1
00216 71 0
00217 113 3
00218 61 2
00219 66 3
00220 192 2
00221 49 2
00222 47 3
00225 48 2
00226 96 0
00227 56 6
00228 79 0
00229 52 1
00231 48 2
00232 120 1
00233 38 6
00234 48 1
00236 72 2
00240 96 3
00242 50 0
00244 48 3
00246 216 2
00248 50 0
00249 72 2
00250 120 2
00251 96 3
00252 61 3
00253 54 3
00256 71 4
00259 120 2
00260 37 4
00261 96 2
00262 24 5
00263 41 4
00264 119 4
00267 151 6
00269 48 1
00270 118 0
00271 147 3
00272 69 2
00273 48 4
00276 42 3
00277 48 2
00278 24 6
00280 95 2
00282 74 2
00283 87 1
00284 35 0
00285 69 2
00287 90 2
00290 51 6
00293 119 0
00295 96 1
00296 75 2
00297 96 3
00300 48 1
00301 75 6
00305 107 0
00308 119 2
00309 48 4
00310 45 0
00311 72 3
00312 120 2
00315 73 0
00316 48 0
00317 96 3
00318 48 2
00319 24 2
00320 65 2
00321 261 1
00324 23 6
00326 120 2
00327 48 3
00329 105 1
00331 144 1
00332 48 4
00334 48 3
00338 71 1
00339 82 0
00340 58 3
00341 95 1
00342 72 0
00343 138 3
00344 69 2
00345 130 0
00346 45 3
00348 48 3
00349 102 2
00350 314 1
00351 60 3
00352 46 0
00354 47 4
00356 38 0
00357 25 3
00358 66 6
00360 61 3
00361 72 3
00362 72 1
00363 99 2
00365 65 1
00366 71 4
00367 34 0
00368 96 2
00369 40 6
00370 51 0
00372 149 1
00373 23 3
00374 144 2
00375 48 2
00377 143 4
00378 147 1
00379 37 1
00380 54 2
00383 96 3
00384 48 4
00386 71 0
00387 47 0
00393 48 3
00394 48 0
00396 51 3
00399 75 0
00400 48 1
00401 43 3
00403 72 4
00404 105 1
00405 106 0
00408 40 3
00410 42 2
00413 48 3
00414 96 0
00415 48 0
00416 72 2
00417 39 1
00418 86 2
00420 48 2
00421 55 0
00423 127 1
00424 26 3
00426 115 6
00430 180 2
00431 70 3
00432 170 2
00433 136 4
00435 121 3
00436 32 3
00437 48 2
00438 144 2
00442 54 5
00443 41 3
00444 96 0
00445 99 1
00446 29 6
00447 24 4
00448 58 3
00449 74 3
00452 75 2
00453 48 4
00456 96 2
00457 34 0
00458 56 0
00459 71 2
00460 36 2
00461 134 6
00463 33 0
00464 42 1
00465 71 3
00466 71 4
00467 129 2
00470 48 2
00471 47 4
00472 70 3
00473 72 3
00474 48 0
00475 42 4
00477 48 0
00478 60 0
00480 70 2
00482 120 1
00485 96 1
00486 67 1
00488 101 0
00489 93 2
00490 48 2
00491 72 0
00493 47 4
00496 96 1
00497 96 0
00498 45 1
00499 86 3
00500 73 0
00501 78 6
00503 48 2
00505 56 2
00506 48 0
00507 53 2
00508 94 0
00509 48 6
00510 48 1
00512 125 1
00515 84 2
00516 214 6
00518 73 6
00519 47 0
00520 76 0
00521 47 4
00522 48 3
00523 84 6
00524 72 1
00527 60 0
00528 72 0
00529 80 1
00530 36 6
00532 119 0
00534 35 4
00535 84 3
00536 48 3
00538 54 6
00539 144 3
00540 33 1
00541 142 2
00543 115 1
00544 100 1
00545 96 0
00546 48 1
00547 36 1
00548 35 1
00549 72 0
00551 145 1
00552 85 4
00553 72 3
00555 88 1
00556 46 1
00558 50 3
00560 48 3
00563 96 3
00564 41 3
00565 64 6
00566 62 3
00569 114 3
00570 37 3
00571 114 1
00572 168 2
00573 96 6
00574 69 6
00576 48 4
00581 119 1
00582 72 2
00583 59 1
00584 44 6
00586 120 1
00587 101 1
00588 37 4
00589 100 2
00591 44 4
00592 72 1
00593 120 1
00594 167 5
00595 62 0
00596 48 0
00597 59 3
00598 58 1
00600 51 5
00602 49 3
00603 42 0
00604 45 3
00605 48 2
00606 60 3
00607 99 3
00608 72 0
00610 71 3
00611 47 2
00612 118 2
00623 48 1
00625 72 1
00626 63 1
00627 71 0
00628 99 0
00629 191 1
00631 75 0
00632 96 6
00633 115 2
00634 96 0
00636 238 0
00637 82 1
00638 47 2
00639 68 3
00640 32 6
00641 214 3
00643 144 2
00644 46 6
00645 28 3
00646 47 6
00647 48 0
00648 72 2
00650 48 2
00653 48 2
00654 143 4
00655 99 5
00656 72 0
00657 48 6
00658 72 1
00659 72 1
00661 72 3
00662 72 3
00663 48 0
00664 92 3
00665 72 2
00666 96 3
00670 179 1
00671 60 0
00674 107 0
00676 48 3
00677 72 2
00678 46 6
00683 144 3
00684 115 4
00685 144 3
00686 45 0
00689 59 2
00690 96 2
00691 43 0
00693 28 3
00694 100 0
00695 72 4
00696 125 2
00699 175 1
00700 84 4
00701 71 2
00703 69 0
00704 86 3
00705 100 1
00706 19 4
00707 48 4
00708 71 1
00709 116 6
00711 105 0
00714 150 2
00715 48 0
00716 168 5
00718 47 1
00720 144 0
00721 96 4
00722 48 0
00725 51 0
00726 24 1
00727 72 3
00728 96 4
00731 47 3
00733 86 1
00734 57 6
00736 119 0
00739 28 6
00740 56 2
00741 48 2
00742 94 0
00743 72 0
00744 42 3
00746 144 2
00747 60 4
00749 75 0
00750 95 0
00751 72 6
00752 92 2
00755 95 0
00756 67 0
00757 48 0
00759 75 4
00760 94 3
00761 72 1
00764 37 6
00765 48 3
00767 24 3
00769 48 0
00770 32 6
00771 83 3
00772 143 3
00773 79 2
00774 75 2
00775 47 4
00776 93 0
00777 48 4
00778 72 4
00780 22 6
00781 133 1
00783 31 3
00784 38 3
00785 92 0
00787 59 3
00788 31 2
00789 88 5
00790 54 0
00791 191 3
00792 72 3
00793 69 4
00797 48 3
00799 83 0
00800 36 4
00801 71 0
00802 48 4
00803 53 6
00804 48 1
00805 75 0
00806 67 0
00808 233 1
00809 72 2
00810 93 1
00813 48 2
00814 48 3
00816 116 4
00817 223 2
00818 74 1
00819 120 2
00820 168 3
00821 48 2
00822 26 3
00825 48 0
00826 96 4
00827 96 3
00829 50 3
00830 72 2
00832 47 4
00833 280 0
00836 71 4
00837 53 4
00838 70 0
00841 72 2
00843 66 5
00844 119 3
00845 75 2
00847 67 0
00848 53 0
00849 61 6
00850 72 3
00851 48 4
00852 49 2
00853 48 0
00854 114 0
00856 61 4
00857 56 3
00859 71 2
00861 48 2
00862 47 3
00865 67 0
00866 76 4
00867 120 0
00868 210 1
00869 90 0
00871 191 1
00873 96 0
00875 160 1
00876 33 6
00878 48 2
00879 74 3
00880 34 3
00882 128 2
00885 38 1
00886 66 0
00887 72 3
00890 119 2
00893 50 6
00895 99 0
00896 65 4
00897 50 6
00898 37 0
00899 48 5
00900 190 2
00902 94 6
00903 150 1
00904 48 0
00905 86 1
00906 75 0
00907 48 2
00911 72 4
00912 50 2
00913 164 3
00914 39 2
00915 50 1
00916 48 1
00917 79 0
00919 95 1
00925 72 0
00926 120 2
00928 144 3
00929 30 3
00930 120 1
00931 32 2
00934 18 4
00935 48 4
00937 94 2
00938 106 0
00939 65 4
00940 96 1
00941 144 4
00942 59 2
00945 28 2
00947 40 2
00949 98 3
00950 51 3
00951 72 2
00955 47 0
00956 47 0
00957 64 3
00960 48 0
00961 72 6
00962 28 4
00963 38 2
00965 37 1
00966 53 3
00967 96 1
00972 48 3
00975 75 2
00977 48 4
00978 48 2
00979 55 0
00981 48 4
00982 48 1
00983 114 1
00984 132 0
00985 48 1
00986 59 6
00987 56 1
00988 74 1
00989 746 1
00991 96 4
00993 35 2
00994 30 3
00995 108 2
00996 48 1
00998 67 0
00999 78 2
01000 41 6
01001 73 3
01004 216 0
01005 45 6
01006 48 4
01007 48 0
01009 49 4
01011 25 6
01013 55 0
01014 72 1
01016 39 3
01017 192 2
01021 52 4
01023 48 3
01025 95 1
01026 69 1
01027 49 2
01028 65 1
01030 48 2
01031 59 4
01032 72 0
01034 25 6
01035 96 3
01036 40 3
01037 48 5
01038 72 1
01039 118 3
01040 192 1
01041 50 6
01042 61 3
01043 239 2
01044 34 4
01046 134 2
01047 48 3
01048 63 0
01049 96 2
01051 48 0
01052 24 1
01053 128 6
01054 43 3
01055 71 3
01057 73 1
01058 48 5
01059 100 1
01060 48 6
01063 96 3
01064 45 1
01065 48 4
01066 261 0
01068 122 0
01069 43 6
01071 142 1
01073 72 0
01074 54 0
01076 100 0
01077 36 6
01078 125 3
01079 72 6
01080 48 3
01081 142 1
01082 96 2
01084 96 0
01085 120 2
01087 71 2
01088 47 0
01089 57 4
01091 48 2
01092 72 3
01093 99 6
01094 47 2
01096 87 2
01097 80 3
01098 54 4
01101 52 2
01102 84 1
01103 179 0
01105 110 0
01106 120 1
01107 40 6
01108 46 4
01109 71 0
01110 48 3
01112 98 2
01114 48 2
01116 42 3
01118 118 3
01121 63 3
01122 53 0
01123 119 0
01124 36 1
01125 22 3
01126 59 1
01127 79 3
01128 80 2
01129 85 3
01130 184 3
01132 110 0
01134 48 3
01137 86 3
01140 48 0
01142 72 2
01143 88 3
01145 95 1
01146 48 3
01148 99 4
01149 52 0
01153 61 3
01154 92 2
01157 86 0
01160 64 0
01161 66 1
01162 96 3
01163 96 4
01164 96 1
01165 48 3
01166 96 0
01167 144 0
01168 60 3
01169 72 2
01171 25 3
01172 47 0
01174 191 3
01175 58 6
01176 95 6
01177 47 3
01179 48 2
01180 116 1
01181 164 6
01183 72 6
01184 60 6
01186 50 1
01187 88 4
01188 93 3
01189 78 1
01190 67 6
01192 49 2
01193 48 3
01194 48 1
01195 150 3
01196 299 1
01198 307 6
01201 72 2
01202 63 4
01205 72 4
01206 71 2
01207 69 1
01208 93 0
01209 48 4
01210 48 1
01213 96 1
01214 48 0
01215 114 4
01216 96 1
01217 61 1
01219 107 3
01220 71 0
01221 48 1
01223 66 3
01224 26 4
01225 72 6
01226 69 0
01227 96 1
01228 82 3
01229 45 0
01231 90 1
01232 48 6
01233 36 0
01234 48 0
01235 120 1
01238 76 0
01240 86 3
01242 48 0
01243 59 1
01244 107 3
01245 47 4
01247 37 1
01248 41 0
01249 41 6
01251 143 1
01252 125 1
01253 166 5
01254 12 3
01255 85 3
01256 83 1
01257 72 3
01259 99 0
01260 149 1
01262 53 2
01263 95 2
01264 72 6
01265 48 6
01266 56 6
01267 67 0
01268 42 1
01271 21 6
01274 118 2
01277 52 6
01278 128 5
01279 72 2
01280 62 0
01282 64 6
01283 65 1
01284 70 2
01285 120 2
01286 81 6
01287 138 4
01288 99 2
01289 143 3
01291 125 1
01293 65 3
01296 96 0
01297 48 0
01298 75 4
01300 48 2
01301 85 4
01302 48 4
01305 41 0
01307 119 1
01308 70 6
01311 93 3
01313 94 0
01315 63 0
01316 60 0
01317 65 0
01318 156 2
01320 58 2
01321 48 0
01322 362 1
01324 120 1
01325 119 3
01327 48 2
01328 72 0
01330 112 3
01332 83 2
01333 72 0
01335 48 1
01337 60 4
01342 133 1
01344 72 1
01345 40 4
01347 47 2
01350 60 3
01351 24 3
01352 72 0
01353 48 4
01355 78 3
01356 72 4
01357 48 4
01358 44 3
01360 23 3
01361 108 1
01362 105 0
01363 54 3
01364 99 1
01365 131 2
01366 47 3
01367 166 2
01368 48 0
01369 120 3
01370 44 0
01371 47 4
01372 92 2
01373 81 0
01374 25 4
01375 40 3
01378 33 4
01380 48 3
01381 103 6
01382 96 4
01383 120 0
01384 29 6
01386 72 0
01388 71 2
01389 35 3
01391 72 3
01392 72 0
01394 71 3
01395 72 1
01396 95 0
01397 140 0
01399 48 2
01400 168 2
01401 64 1
01402 120 4
01404 64 0
01407 239 6
01408 96 1
01410 48 4
01411 137 3
01413 48 2
01415 119 0
01416 72 4
01417 63 6
01419 37 4
01420 54 2
01424 48 2
01427 48 2
01428 68 0
01429 48 6
01430 168 0
01431 48 3
01432 52 3
01433 72 2
01434 48 1
01435 71 2
01436 188 2
01438 24 6
01439 64 3
01440 45 0
01441 149 0
01443 48 2
01444 95 3
01445 68 1
01446 71 0
01448 41 3
01449 48 0
01450 72 3
01451 48 1
01452 48 0
01456 48 0
01460 96 0
01461 71 2
01462 103 2
01464 69 4
01465 58 4
01466 36 3
01467 71 2
01468 197 1
01469 31 0
01470 62 3
01471 36 3
01472 46 1
01473 36 0
01474 23 3
01475 286 1
01476 119 1
01477 168 1
01478 120 2
01479 72 3
01481 56 0
01482 48 1
01483 57 1
01486 68 2
01487 100 3
01488 48 6
01489 77 4
01490 95 1
01491 56 1
01493 53 5
01494 48 3
01495 124 2
01496 73 3
01497 47 6
01498 74 3
01499 47 3
01500 120 3
01502 62 3
01503 29 6
01506 142 2
01507 61 6
01508 74 1
01509 60 0
01513 95 3
01514 48 2
01515 14 6
01516 48 2
01517 48 0
01519 48 0
01520 48 2
01521 43 0
01522 71 6
01524 95 2
01525 39 6
01529 153 1
01530 17 6
01532 72 3
01533 48 2
01534 83 0
01538 88 6
01540 48 2
01541 48 2
01542 50 6
01543 79 3
01544 48 2
01545 92 1
01546 37 6
01548 61 6
01549 53 4
01550 119 3
01551 62 0
01552 52 0
01553 48 5
01554 48 0
01555 106 1
01556 48 4
01557 71 0
01558 24 0
01559 59 6
01560 72 3
01561 72 4
01562 40 4
01563 128 2
01564 73 0
01565 47 2
01567 47 4
01570 48 2
01571 48 2
01573 64 0
01574 107 2
01575 55 6
01576 96 3
01577 71 2
01580 30 6
01581 60 0
01582 30 3
01583 99 2
01584 250 2
01587 108 3
01588 96 1
01589 95 0
01591 239 2
01592 47 2
01594 48 3
01595 72 2
01597 50 4
01598 34 3
01600 48 4
01601 48 3
01602 96 0
01603 48 0
01604 74 6
01605 119 2
01611 48 2
01612 166 2
01614 96 2
01616 71 4
01617 48 4
01618 239 1
01619 158 0
01620 48 1
01621 89 3
01623 59 2
01626 53 4
01627 47 4
01628 84 6
01629 71 3
01631 105 4
01632 71 0
01633 96 1
01634 83 3
01637 91 2
01639 94 0
01640 48 6
01641 48 3
01642 115 1
01643 90 0
01644 42 0
01645 63 2
01646 48 6
01648 50 6
01651 81 3
01652 48 2
01653 56 0
01655 36 0
01657 70 3
01659 95 4
01660 84 1
01663 48 4
01664 224 2
01666 135 0
01667 48 4
01668 144 2
01669 143 2
01670 81 6
01671 42 4
01673 56 0
01674 24 4
01675 163 1
01677 70 2
01678 48 2
01679 78 2
01680 28 6
01682 72 2
01683 48 1
01684 48 0
01685 49 6
01688 33 0
01689 69 0
01690 120 1
01691 240 3
01692 84 3
01694 142 1
01695 91 3
01696 47 6
01697 39 3
01699 118 2
01700 53 3
01701 72 0
01702 72 1
01705 15 6
01706 160 3
01707 51 2
01709 96 2
01710 48 0
01711 63 2
01715 100 2
01716 144 2
01717 62 3
01718 48 4
01719 78 3
01720 48 0
01721 48 6
01722 44 6
01724 48 3
01725 72 0
01726 48 0
01727 48 2
01728 96 3
01729 96 4
01731 66 6
01732 253 3
01733 51 6
01737 48 3
01738 48 6
01739 72 6
01740 50 3
01741 96 1
01742 67 6
01745 47 1
01746 75 0
01747 75 1
01748 132 3
01749 48 0
01750 48 0
01751 44 6
01752 72 2
01753 313 1
01754 96 1
01756 72 1
01758 191 3
01759 24 0
01761 72 0
01762 72 4
01763 72 2
01766 48 3
01767 96 2
01769 48 2
01774 116 1
01776 48 0
01779 78 1
01782 48 4
01785 48 3
01787 168 2
01788 96 2
01789 96 2
01790 88 3
01791 112 0
01792 24 6
01793 54 6
01795 43 6
01798 48 1
01799 59 0
01800 48 1
01801 72 3
01802 60 1
01806 115 2
01807 47 4
01808 72 2
01810 48 1
01812 119 2
01814 73 2
01815 66 6
01816 72 3
01818 143 1
01819 89 3
01820 75 2
01821 48 2
01822 25 4
01824 59 3
01825 48 2
01827 37 3
01830 47 1
01831 62 6
01832 48 4
01834 86 4
01835 50 2
01836 34 4
01840 48 2
01842 69 0
01843 47 2
01844 78 3
01845 48 2
01846 41 4
01847 47 6
01848 48 0
01851 72 2
01852 24 2
01854 96 1
01856 47 6
01857 239 1
01858 94 0
01859 90 0
01861 99 3
01863 48 3
01865 98 6
01866 24 0
01867 119 3
01868 72 1
01870 18 6
01873 48 3
01874 48 0
01878 125 2
01879 48 0
01880 45 3
01881 216 1
01882 93 1
01883 73 6
01885 90 6
01886 118 3
01887 63 2
01888 45 3
01891 144 1
01893 62 0
01894 48 2
01896 71 3
01897 64 4
01898 72 2
01899 72 3
01900 48 6
01901 108 2
01902 48 0
01904 37 1
01905 68 0
01906 456 1
01907 70 4
01908 74 4
01909 33 5
01911 48 3
01912 72 1
01913 168 0
01915 48 0
01916 48 0
01917 96 2
01919 95 2
01920 56 1
01924 59 4
01927 72 3
01928 119 1
01929 119 0
01931 73 0
01932 48 4
01933 74 2
01934 93 2
01936 64 4
01937 72 2
01939 73 1
01942 72 0
01943 47 0
01944 48 2
01945 54 4
01946 46 3
01947 120 0
01948 72 1
01949 48 3
01950 60 0
01951 112 1
01954 92 2
01956 105 6
01957 32 6
01959 95 3
01961 48 4
01963 48 1
01964 37 4
01965 72 1
01967 70 3
01968 96 0
01969 93 2
01970 358 1
01972 44 6
01974 56 1
01975 46 0
01978 88 3
01980 72 3
01982 46 3
01983 72 4
01984 48 0
01985 239 3
01986 72 5
01987 48 3
01988 42 0
01989 56 2
01990 115 4
01994 51 0
01996 49 0
01997 96 4
01999 48 2
02000 86 6
02002 72 3
02003 72 0
02004 72 2
02006 50 1
02007 89 2
02008 72 4
02009 48 3
02011 48 6
02013 48 1
02014 48 0
02015 72 2
02017 48 3
02018 152 6
02021 48 2
02023 70 3
02024 48 2
02025 158 0
02027 72 1
02029 96 1
02031 87 3
02033 72 3
02034 56 3
02036 71 2
02038 72 1
02039 120 1
02040 41 3
02042 69 2
02043 48 0
02044 95 1
02046 47 2
02048 47 2
02049 48 5
02051 46 6
02052 144 2
02053 95 0
02054 139 2
02055 107 3
02058 119 0
02060 48 0
02061 36 6
02062 96 0
02063 96 6
02064 48 1
02065 60 3
02066 95 0
02067 49 0
02068 71 1
02069 92 2
02071 96 0
02073 56 1
02074 57 3
02076 274 1
02079 66 3
02080 72 6
02084 75 0
02085 62 3
02086 119 0
02088 54 0
02092 96 6
02093 135 1
02094 48 2
02095 62 3
02096 48 2
02097 57 3
02098 48 2
02099 51 3
02100 43 0
02101 48 0
02102 72 1
02103 144 1
02105 67 2
02106 35 3
02107 48 0
02108 35 3
02110 39 3
02112 99 6
02113 34 3
02114 60 3
02115 123 2
02119 45 3
02120 55 2
02121 50 1
02123 24 4
02124 70 0
02127 71 3
02129 57 5
02131 74 1
02132 46 0
02133 23 3
02134 48 2
02135 48 4
02137 47 0
02139 75 2
02141 48 2
02144 48 0
02146 120 0
02147 66 3
02148 48 0
02149 48 2
02150 59 6
02151 72 5
02153 52 2
02154 64 0
02155 151 3
02156 88 0
02157 92 1
02159 65 0
02160 45 3
02161 144 2
02162 110 0
02163 144 0
02164 47 0
02165 64 4
02166 71 4
02168 49 0
02169 58 3
02170 60 2
02171 71 0
02172 285 2
02174 138 2
02176 96 2
02177 48 4
02178 128 1
02179 22 5
02181 88 3
02182 115 1
02185 46 2
02186 95 2
02187 38 5
02189 48 0
02190 24 4
02192 73 0
02193 48 0
02194 104 3
02196 72 2
02198 48 1
02199 96 1
02200 42 3
02202 43 3
02203 72 1
02204 125 1
02205 73 3
02206 72 4
02209 48 4
02210 61 6
02211 81 0
02212 120 1
02213 82 2
02214 51 1
02215 96 1
02216 71 0
02218 141 0
02219 72 3
02220 72 0
02221 71 6
02224 59 1
02225 24 6
02226 48 0
02228 48 3
02229 48 2
02230 142 4
02232 47 2
02233 48 6
02234 47 2
02235 102 0
02237 71 2
02238 144 2
02239 75 3
02240 49 0
02242 48 6
02243 48 1
02244 62 5
02245 48 0
02246 94 3
02247 67 0
02248 42 1
02251 96 0
02252 120 1
02254 117 4
02255 54 2
02256 43 0
02257 72 3
02258 59 4
02259 67 0
02261 48 2
02262 55 4
02264 72 0
02265 141 4
02267 96 6
02268 75 6
02269 142 3
02270 82 2
02271 72 3
02272 65 3
02274 120 2
02275 48 3
02277 96 0
02280 216 4
02281 36 5
02283 144 2
02284 185 1
02285 60 3
02286 56 2
02287 48 1
02288 55 6
02289 48 6
02292 120 3
02293 97 6
02295 95 2
02296 75 1
02298 40 0
02301 109 6
02303 50 3
02304 63 3
02305 50 1
02306 42 0
02307 144 4
02309 47 0
02310 60 3
02311 48 2
02312 48 2
02313 72 0
02318 48 2
02319 96 0
02320 119 2
02321 96 2
02323 107 1
02324 48 2
02325 71 0
02328 48 3
02329 168 1
02330 86 3
02332 42 6
02333 78 0
02334 96 6
02335 169 2
02339 72 0
02340 62 1
02341 339 1
02343 71 3
02344 191 1
02345 56 2
02347 41 3
02348 48 2
02350 46 3
02351 44 6
02353 91 6
02354 48 6
02355 72 2
02356 68 0
02359 106 0
02360 51 2
02362 100 2
02364 307 3
02365 101 2
02366 24 5
02367 45 2
02368 71 2
02370 62 2
02373 48 0
02374 75 2
02376 167 0
02378 96 2
02379 47 3
02381 41 0
02382 84 1
02383 48 6
02384 72 2
02386 47 0
02387 95 1
02388 44 3
02389 48 3
02393 48 2
02394 48 6
02395 60 3
02396 72 3
02397 60 4
02398 48 0
02399 48 3
02400 62 1
02401 48 4
02402 94 6
02403 96 0
02404 108 3
02406 89 6
02407 63 1
02408 47 0
02409 113 4
02410 60 1
02412 34 3
02413 48 0
02414 97 2
02415 216 2
02416 48 3
02417 182 0
02419 49 4
02422 119 2
02423 116 3
02426 96 0
02427 219 0
02428 64 3
02430 84 2
02432 48 0
02434 48 6
02435 55 2
02436 69 0
02437 72 4
02438 48 2
02439 48 4
02442 72 1
02443 71 1
02444 96 1
02445 102 6
02446 59 6
02447 96 0
02448 99 0
02449 39 3
02450 75 0
02451 72 4
02453 42 4
02454 57 3
02455 24 3
02456 23 6
02458 57 0
02459 91 2
02462 48 0
02465 125 3
02467 96 5
02468 24 4
02469 78 3
02470 55 2
02471 48 3
02472 72 2
02473 72 2
02474 48 0
02475 49 0
02476 39 4
02479 48 4
02481 61 5
02482 107 1
02483 47 3
02484 187 1
02487 48 2
02489 95 6
02490 91 3
02491 100 1
02492 128 2
02495 50 4
02496 25 6
02497 46 0
02498 69 2
02499 47 2
02500 96 6
02502 72 1
02503 50 0
02504 168 3
02505 72 1
02506 47 3
02509 46 5
02511 93 1
02512 66 4
02513 48 1
02514 72 2
02515 60 2
02516 72 0
02519 48 2
02520 62 0
02522 66 5
02523 48 0
02525 94 4
02526 92 1
02528 63 2
02529 48 0
02532 48 2
02534 119 2
02535 40 2
02536 65 5
02537 39 3
02539 150 2
02540 96 3
02543 90 4
02544 37 0
02545 48 2
02546 247 1
02547 48 2
02548 37 6
02550 144 1
02551 72 0
02552 76 0
02553 120 2
02554 74 3
02555 48 1
02557 72 1
02558 48 2
02559 48 2
02560 40 1
02561 59 4
02562 95 0
02563 38 3
02564 47 3
02565 90 0
02566 43 6
02567 72 0
02569 41 1
02570 120 3
02571 124 1
02572 72 2
02577 150 0
02578 51 6
02580 47 0
02581 27 5
02582 64 0
02583 48 2
02584 48 3
02588 48 6
02589 48 0
02590 61 1
02591 53 4
02592 185 1
02593 98 3
02595 60 5
02596 92 1
02597 42 4
02599 63 3
02600 48 2
02602 29 4
02603 48 0
02605 66 1
02606 81 0
02607 72 2
02608 48 0
02609 48 0
02610 42 3
02612 86 2
02614 48 2
02615 70 2
02616 119 3
02617 120 2
02618 47 1
02619 143 0
02620 20 3
02622 121 2
02623 48 0
02625 48 0
02626 110 2
02629 58 3
02630 71 6
02632 118 2
02633 72 4
02634 75 2
02635 143 1
02636 91 6
02637 71 1
02638 35 6
02639 48 0
02640 47 2
02641 84 1
02642 334 1
02645 20 0
02647 48 0
02649 88 2
02650 46 3
02651 48 1
02654 72 1
02655 142 2
02656 37 3
02657 48 0
02658 96 2
02659 41 4
02661 97 6
02662 90 4
02663 72 2
02664 70 1
02667 72 2
02669 72 2
02670 120 0
02671 49 2
02672 96 1
02673 152 1
02675 72 6
02676 52 3
02677 55 6
02678 84 3
02679 32 3
02680 59 4
02681 48 5
02683 72 1
02684 48 2
02686 48 1
02687 16 4
02688 166 0
02689 96 3
02690 48 0
02691 28 2
02693 54 0
02695 48 2
02696 47 2
02697 70 0
02699 95 1
02700 175 2
02701 72 1
02702 106 6
02705 100 1
02706 64 2
02707 150 2
02708 46 2
02709 46 0
02710 48 0
02711 55 2
02712 61 2
02714 42 2
02716 127 2
02717 50 0
02719 85 3
02722 100 0
02723 48 0
02724 47 6
02727 109 3
02728 71 0
02729 89 2
02730 83 2
02731 129 1
02732 253 1
02735 96 0
02736 48 0
02737 48 1
02738 50 3
02739 72 2
02745 48 3
02746 32 3
02749 72 2
02752 136 2
02754 68 0
02755 87 3
02756 48 0
02757 164 3
02758 48 3
02759 72 2
02761 111 0
02762 72 3
02765 48 3
02767 72 2
02768 67 2
02769 72 0
02771 67 6
02772 53 6
02774 24 2
02775 45 3
02776 95 1
02777 60 0
02778 124 2
02779 36 6
02780 48 2
02783 166 2
02784 59 4
02785 118 2
02786 93 0
02787 72 0
02790 78 0
02791 68 3
02792 47 0
02793 82 3
02796 57 3
02797 48 2
02798 72 2
02800 55 2
02802 120 3
02803 50 3
02805 96 1
02806 40 3
02807 78 0
02811 48 0
02812 72 2
02814 52 0
02815 231 3
02816 175 3
02817 49 0
02818 170 6
02819 168 2
02820 71 2
02821 72 4
02822 48 2
02824 96 2
02826 79 3
02827 46 2
02828 48 3
02829 147 3
02830 48 2
02831 43 3
02832 48 2
02834 45 2
02838 131 1
02839 36 2
02842 62 0
02843 66 3
02844 48 1
02845 47 0
02846 96 0
02849 36 3
02850 64 0
02852 46 4
02853 71 2
02854 72 5
02855 48 4
02856 45 0
02857 118 1
02859 72 2
02860 72 6
02862 38 2
02863 71 3
02865 72 0
02866 96 2
02868 64 1
02869 82 1
02870 72 1
02871 56 0
02872 96 0
02874 69 0
02875 91 0
02876 72 0
02877 72 2
02878 287 2
02879 85 0
02881 48 2
02882 96 1
02885 96 0
02886 96 2
02887 120 3
02889 49 3
02892 48 1
02893 116 1
02894 71 2
02895 104 6
02897 95 1
02898 120 1
02899 120 1
02900 112 6
02901 54 1
02903 143 1
02905 62 6
02906 93 3
02907 96 2
02908 150 2
02909 48 0
02910 107 3
02911 55 0
02912 48 2
02913 36 0
02914 53 2
02916 48 3
02917 107 1
02918 93 0
02919 48 4
02921 96 2
02922 477 1
02923 48 0
02925 39 6
02929 48 1
02930 137 2
02931 72 2
02932 66 2
02933 48 0
02935 46 3
02936 33 4
02937 72 2
02938 66 1
02939 76 3
02940 104 1
02942 48 3
02943 48 0
02945 85 2
02946 30 4
02950 37 6
02951 219 1
02952 48 1
02955 75 2
02956 24 0
02958 46 3
02959 24 0
02960 43 3
02961 50 2
02966 49 2
02967 69 0
02968 48 1
02970 52 2
02971 100 1
02972 119 2
02974 63 0
02975 70 3
02976 144 3
02977 48 4
02978 58 0
02979 72 1
02980 143 0
02981 96 3
02984 72 1
02985 72 2
02986 83 3
02987 44 1
02988 74 1
02989 30 3
02990 45 3
02991 56 0
02992 96 2
02994 48 1
02996 79 4
02998 98 1
03000 36 2
03001 144 3
03002 72 0
03003 48 4
03004 72 4
03006 29 3
03007 94 4
03008 72 3
03009 70 3
03011 105 2
03012 88 3
03015 88 1
03019 48 0
03020 159 0
03022 48 0
03024 88 2
03026 56 3
03028 72 0
03029 96 2
03030 35 5
03032 96 2
03033 48 1
03034 244 1
03035 99 3
03036 119 0
03038 35 4
03041 72 2
03042 72 0
03043 66 0
03045 51 4
03051 72 3
03052 144 1
03053 70 2
03054 48 2
03055 71 2
03056 71 2
03057 96 0
03059 71 2
03060 167 6
03061 120 4
03062 72 3
03063 43 0
03064 96 3
03065 72 2
03066 59 0
03067 96 0
03068 146 2
03069 105 1
03070 37 3
03072 48 4
03073 97 0
03075 72 2
03077 44 3
03078 48 2
03079 48 1
03080 48 3
03082 71 3
03083 68 2
03085 43 2
03087 144 1
03088 41 3
03090 71 0
03091 110 0
03092 50 2
03093 94 6
03096 52 6
03097 104 0
03098 48 2
03099 73 6
03101 48 2
03102 40 0
03103 48 1
03106 239 1
03107 24 2
03108 48 0
03110 48 2
03111 48 0
03113 48 0
03114 25 4
03115 47 0
03116 47 0
03117 93 1
03118 48 3
03119 72 2
03120 72 2
03122 60 2
03124 48 1
03127 75 3
03128 72 2
03129 56 0
03130 56 1
03131 51 0
03132 48 3
03134 67 0
03135 96 6
03136 144 1
03137 63 0
03138 143 3
03139 72 2
03140 43 2
03141 50 4
03143 48 2
03144 24 0
03145 56 3
03149 24 4
03151 96 2
03152 49 2
03154 34 2
03155 48 2
03157 89 0
03158 143 0
03159 95 1
03161 106 1
03162 55 2
03164 48 6
03165 119 2
03166 143 0
03167 72 2
03168 120 2
03170 41 1
03171 190 1
03172 68 0
03175 48 2
03177 48 2
03178 168 3
03180 96 2
03181 96 1
03183 96 0
03184 59 1
03185 48 0
03186 125 0
03187 96 3
03188 37 6
03189 37 1
03191 52 6
03192 48 6
03193 54 2
03194 63 3
03195 143 1
03196 96 1
03199 48 0
03200 46 0
03202 81 6
03204 50 3
03209 40 4
03212 72 0
03213 65 6
03214 72 1
03215 144 1
03216 51 2
03218 48 0
03219 45 0
03220 37 4
03223 119 0
03225 79 2
03228 96 1
03230 30 6
03232 72 0
03233 174 3
03234 48 3
03235 38 3
03238 65 3
03239 45 0
03240 36 2
03241 72 3
03242 26 2
03243 72 0
03244 76 2
03245 114 1
03246 48 0
03247 47 0
03248 48 0
03249 96 2
03250 47 3
03251 143 0
03252 95 0
03257 48 6
03258 71 0
03259 106 5
03262 75 0
03264 48 2
03265 203 2
03266 73 0
03267 54 3
03268 119 4
03269 48 0
03270 48 2
03271 96 0
03272 69 4
03273 48 1
03274 58 4
03275 96 1
03276 48 1
03278 46 4
03279 96 3
03281 72 0
03282 136 6
03283 48 4
03284 37 0
03285 89 5
03287 44 6
03289 72 1
03291 45 2
03292 185 3
03295 120 6
03297 215 5
03298 75 3
03299 138 1
03300 46 0
03301 43 1
03303 52 2
03304 36 0
03306 78 4
03307 48 2
03308 72 6
03310 50 0
03311 48 1
03312 191 0
03315 124 6
03316 72 0
03317 47 3
03318 59 1
03319 48 2
03320 91 1
03322 35 0
03324 48 2
03325 37 6
03327 81 2
03328 138 1
03330 240 0
03331 60 0
03332 62 0
03334 65 1
03338 48 3
03339 70 2
03340 48 4
03341 36 0
03342 80 2
03343 108 1
03344 69 3
03346 26 2
03347 79 3
03349 14 5
03351 42 6
03352 96 1
03353 48 6
03354 72 3
03357 120 1
03358 77 2
03359 71 1
03361 43 6
03363 51 4
03365 45 4
03366 48 1
03367 96 1
03368 24 4
03370 168 2
03371 90 1
03372 111 0
03373 96 1
03374 93 6
03375 42 6
03376 148 1
03377 48 6
03379 96 3
03381 85 5
03383 60 3
03384 88 1
03385 42 0
03386 24 1
03387 126 6
03388 75 6
03391 70 0
03392 24 3
03393 47 3
03394 144 1
03395 74 1
03396 71 0
03397 107 1
03398 72 0
03399 71 2
03400 52 2
03401 72 0
03403 207 1
03404 118 2
03405 85 1
03406 72 2
03410 47 6
03411 47 4
03414 71 2
03415 97 0
03419 48 3
03420 48 2
03421 72 2
03422 92 0
03423 72 3
03424 120 3
03425 48 6
03426 111 0
03428 75 0
03429 111 1
03430 120 2
03432 96 0
03433 71 2
03434 48 0
03438 94 1
03439 50 1
03441 248 1
03443 72 0
03444 79 1
03445 68 1
03446 47 2
03447 48 3
03448 72 0
03450 82 1
03452 68 3
03455 48 0
03460 72 2
03462 48 3
03465 38 3
03466 56 3
03467 76 3
03468 78 2
03469 72 6
03471 72 6
03472 95 1
03474 52 6
03476 72 2
03477 131 1
03478 96 3
03479 72 0
03481 74 1
03482 39 6
03483 89 0
03484 139 3
03485 96 0
03486 48 6
03487 96 0
03490 64 3
03493 66 4
03494 41 4
03496 123 2
03497 24 0
03498 78 0
03499 119 1
03501 76 1
03502 47 2
03504 48 0
03507 48 3
03509 72 2
03510 48 1
03511 64 0
03512 48 2
03514 46 1
03516 77 3
03517 60 0
03518 48 1
03519 72 4
03520 58 3
03522 96 2
03523 139 1
03524 71 4
03525 48 4
03526 71 2
03527 48 2
03528 48 3
03529 70 0
03530 48 0
03531 70 4
03533 50 4
03536 114 6
03537 88 1
03538 48 3
03539 48 0
03540 71 0
03541 48 1
03542 116 0
03543 48 0
03545 48 4
03546 82 3
03547 48 4
03548 94 1
03549 96 4
03550 72 3
03551 47 3
03552 30 3
03553 48 2
03555 61 2
03556 154 1
03557 56 6
03559 60 3
03560 84 3
03561 100 0
03563 186 0
03564 72 1
03565 71 4
03566 48 0
03567 96 0
03569 24 3
03570 37 2
03571 120 1
03572 72 1
03573 111 3
03575 93 4
03578 94 2
03579 24 4
03580 36 6
03581 40 3
03584 72 4
03586 96 2
03587 48 4
03588 86 0
03589 133 3
03590 48 2
03591 143 0
03592 72 2
03593 72 1
03594 72 2
03595 96 4
03597 96 0
03598 96 0
03602 29 3
03603 120 0
03604 48 6
03605 25 2
03606 95 3
03608 67 4
03609 47 0
03610 72 2
03612 96 4
03613 105 2
03614 48 0
03615 96 1
03616 78 1
03617 24 1
03618 34 2
03620 48 0
03622 48 0
03623 71 6
03625 35 6
03626 144 1
03628 62 1
03629 96 2
03632 36 0
03633 146 6
03635 90 1
03636 377 3
03637 60 2
03638 124 6
03639 120 0
03641 62 1
03642 96 3
03643 48 4
03644 119 2
03646 59 0
03648 47 2
03650 82 0
03652 75 3
03654 84 4
03655 209 1
03658 48 2
03659 61 3
03661 62 2
03663 48 6
03664 70 0
03665 119 1
03666 23 2
03667 45 3
03668 72 4
03669 102 1
03670 48 1
03671 51 6
03672 48 1
03673 48 2
03674 117 1
03675 26 6
03677 103 1
03678 24 0
03679 25 6
03683 48 1
03684 95 1
03685 24 6
03686 24 3
03689 64 4
03692 243 3
03693 119 1
03694 72 3
03696 64 6
03697 144 1
03699 76 1
03700 48 1
03701 48 4
03703 72 0
03704 59 2
03705 26 6
03706 72 1
03708 41 4
03710 48 2
03711 47 3
03712 96 2
03715 72 3
03717 60 0
03718 36 3
03719 72 3
03723 66 2
03727 168 0
03730 45 0
03731 176 2
03732 70 1
03733 71 0
03734 96 3
03735 44 0
03736 65 3
03737 96 1
03739 59 1
03740 47 2
03741 65 6
03742 48 2
03743 52 0
03745 88 3
03749 48 2
03750 75 6
03751 53 4
03753 48 1
03756 72 0
03758 46 3
03760 48 0
03761 68 0
03763 120 1
03764 70 3
03767 153 0
03768 72 2
03769 96 2
03771 43 4
03772 95 3
03773 120 1
03774 83 4
03775 86 3
03776 51 1
03777 41 3
03778 215 6
03779 60 6
03780 47 3
03781 47 2
03782 72 2
03784 72 1
03785 67 1
03786 58 1
03787 48 1
03788 120 1
03789 63 0
03793 59 3
03794 26 3
03797 48 6
03798 72 0
03799 169 6
03800 48 0
03801 241 2
03803 48 0
03804 66 1
03807 48 2
03808 96 4
03810 119 0
03811 71 2
03812 92 1
03814 72 4
03815 56 6
03816 96 3
03817 109 6
03818 61 1
03819 110 0
03820 46 0
03821 71 3
03822 72 3
03823 68 4
03824 80 3
03826 47 0
03828 50 1
03829 118 4
03830 52 2
03832 47 2
03833 58 6
03835 96 0
03836 72 3
03837 111 1
03840 71 0
03841 48 1
03842 48 3
03843 48 0
03845 45 0
03846 36 6
03848 96 0
03849 72 1
03850 29 4
03851 48 4
03852 95 4
03853 68 2
03854 48 1
03855 112 3
03856 62 4
03857 46 2
03858 85 0
03859 48 2
03860 161 3
03861 49 2
03862 83 2
03863 147 2
03864 189 2
03865 90 1
03867 60 0
03868 48 2
03869 48 2
03870 46 1
03872 35 2
03873 71 2
03876 48 3
03878 96 2
03880 96 2
03882 200 2
03883 35 5
03885 55 4
03888 143 2
03891 48 4
03893 68 2
03894 48 3
03895 59 4
03896 67 3
03897 48 0
03898 95 4
03900 36 2
03901 42 1
03902 50 1
03903 73 2
03904 83 0
03905 103 3
03906 40 3
03907 49 3
03909 47 2
03910 46 1
03911 88 1
03914 87 4
03915 119 4
03917 48 0
03919 168 2
03920 48 2
03922 72 0
03925 75 2
03926 96 3
03927 48 1
03928 72 3
03931 31 4
03932 116 0
03936 75 6
03939 93 4
03940 55 0
03941 96 2
03942 48 0
03943 48 3
03945 20 6
03946 50 4
03947 50 0
03949 64 3
03950 48 4
03951 120 2
03954 103 2
03955 144 0
03956 48 0
03960 120 1
03961 48 2
03963 48 4
03964 36 3
03966 58 3
03967 48 4
03968 88 1
03970 48 2
03971 46 6
03972 143 1
03973 72 2
03974 173 1
03976 82 2
03977 72 2
03979 32 6
03980 72 4
03981 71 0
03983 48 1
03984 36 6
03985 96 2
03987 216 1
03988 59 2
03989 176 0
03990 147 1
03991 119 1
03992 50 1
03993 62 0
03995 60 2
03996 47 0
03997 48 1
03998 48 2
03999 64 3
04000 35 2
04001 110 4
04002 66 6
04004 120 0
04007 119 1
04008 96 2
04009 74 0
04010 71 0
04011 71 2
04014 50 6
04016 73 2
04021 83 2
04022 119 0
04023 96 2
04024 98 3
04025 72 1
04026 56 0
04028 42 0
04029 72 2
04030 72 2
04031 96 4
04032 50 0
04033 74 1
04034 38 4
04037 168 2
04039 48 4
04040 63 1
04041 48 6
04043 72 3
04046 120 3
04047 48 1
04048 52 6
04049 180 3
04050 48 4
04052 52 1
04053 47 4
04055 48 2
04056 50 0
04057 47 3
04059 48 6
04060 96 2
04063 96 1
04064 60 0
04065 60 0
04067 72 1
04068 91 3
04069 24 1
04070 96 2
04071 120 2
04072 48 6
04074 94 3
04075 83 1
04077 74 2
04078 48 3
04079 119 2
04080 48 2
04082 46 6
04083 140 2
04084 119 0
04085 96 2
04088 69 1
04089 217 1
04090 61 1
04091 144 3
04097 48 0
04098 53 0
04099 72 4
04100 47 3
04102 49 0
04103 48 6
04104 40 6
04105 56 0
04106 46 0
04107 110 1
04108 96 0
04109 35 0
04110 72 3
04113 33 3
04114 59 3
04116 49 6
04119 115 1
04120 119 0
04121 60 6
04122 144 6
04124 65 2
04125 104 2
04126 47 2
04127 24 0
04129 24 3
04130 96 2
04131 23 3
04132 144 3
04134 72 2
04135 311 0
04137 72 2
04139 58 6
04140 96 1
04141 60 4
04144 69 0
04145 48 3
04147 48 0
04149 48 3
04150 259 6
04151 58 3
04153 48 0
04154 66 0
04155 48 0
04156 39 6
04157 44 6
04158 74 3
04159 71 3
04160 69 6
04161 48 2
04162 72 2
04163 72 1
04164 47 2
04165 48 1
04166 33 1
04168 91 0
04169 68 2
04171 48 2
04173 73 3
04174 95 1
04175 149 0
04176 89 1
04180 48 0
04182 72 1
04185 144 2
04189 48 0
04191 56 1
04192 47 6
04193 48 3
04194 38 6
04196 48 0
04198 17 6
04199 61 6
04202 72 6
04204 83 0
04205 66 6
04207 47 6
04208 24 1
04209 120 2
04211 48 6
04212 45 6
04216 60 1
04218 144 2
04219 71 2
04221 47 2
04223 74 2
04224 71 3
04232 143 4
04233 72 4
04234 96 1
04235 61 0
04237 94 0
04238 78 6
04239 48 2
04240 130 1
04241 140 3
04244 72 6
04245 34 1
04246 71 2
04247 48 4
04248 71 0
04249 80 4
04251 72 0
04253 60 0
04255 144 1
04257 78 3
04258 103 4
04259 48 0
04261 210 2
04263 82 3
04267 122 2
04268 106 1
04270 24 4
04274 63 1
04278 130 2
04279 94 2
04280 191 2
04282 79 1
04283 62 0
04285 89 4
04287 72 4
04289 24 3
04293 72 6
04294 46 0
04295 48 2
04297 58 2
04298 49 4
04299 78 3
04300 72 2
04301 144 2
04303 95 1
04305 100 3
04307 47 3
04308 24 4
04309 77 2
04310 70 0
04312 48 4
04314 71 0
04315 95 1
04316 69 2
04317 94 1
04318 54 0
04319 50 3
04320 60 3
04322 72 0
04325 32 0
04326 52 3
04328 121 0
04330 120 1
04331 237 1
04332 72 1
04334 69 0
04335 38 3
04336 48 1
04337 60 0
04338 72 1
04339 47 4
04340 96 0
04341 59 0
04342 48 4
04343 96 3
04344 48 2
04345 135 0
04348 70 2
04350 48 2
04352 93 0
04353 168 3
04356 96 3
04357 58 4
04358 144 2
04359 90 1
04360 136 1
04362 96 0
04364 86 4
04365 73 2
04367 168 3
04369 72 2
04370 60 4
04372 117 2
04376 68 4
04377 71 0
04378 89 0
04380 47 2
04381 64 0
04382 64 2
04384 72 3
04385 95 1
04387 79 0
04388 47 2
04389 121 2
04391 72 3
04392 72 6
04395 48 2
04398 48 3
04399 72 4
04400 75 1
04401 76 0
04402 48 3
04403 47 2
04404 70 3
04405 142 4
04406 95 1
04407 100 4
04408 36 3
04409 48 0
04410 126 1
04411 48 3
04412 47 2
04413 47 0
04414 96 0
04415 72 0
04417 95 4
04418 96 0
04420 48 2
04421 89 1
04423 86 3
04424 36 1
04425 48 3
04427 153 6
04429 18 3
04436 48 0
04437 125 1
04438 47 0
04439 57 0
04440 120 0
04447 106 3
04448 119 3
04449 44 3
04450 59 0
04451 144 4
04452 82 0
04453 83 3
04454 68 2
04455 144 1
04456 195 1
04457 70 6
04458 72 0
04459 178 1
04460 72 0
04461 48 3
04462 48 4
04464 64 2
04468 144 1
04469 47 0
04470 19 3
04471 213 1
04473 48 2
04474 72 1
04475 48 1
04476 44 3
04477 48 2
04478 48 0
04480 106 3
04481 24 6
04482 60 2
04483 34 0
04486 105 4
04487 55 3
04488 86 2
04491 50 3
04492 48 2
04493 82 0
04494 76 0
04495 192 2
04497 92 2
04498 72 2
04499 135 1
04500 72 2
04501 46 4
04502 71 6
04503 70 3
04504 47 1
04505 65 0
04507 17 3
04508 72 4
04510 47 0
04511 48 4
04512 64 3
04513 71 1
04516 53 1
04517 216 1
04518 72 1
04519 84 2
04521 87 4
04522 47 2
04524 48 4
04525 95 2
04526 51 4
04527 72 3
04528 144 6
04533 216 1
04535 48 4
04536 66 1
04537 41 2
04540 48 1
04541 114 0
04542 72 0
04543 48 0
04544 72 2
04546 48 3
04547 47 1
04548 96 1
04549 48 1
04550 48 1
04552 55 3
04554 96 3
04555 18 1
04556 48 2
04557 96 2
04558 48 3
04559 119 5
04560 72 3
04561 11 0
04562 71 2
04563 149 3
04564 101 2
04566 47 2
04567 59 0
04569 71 0
04570 99 2
04571 94 4
04572 87 4
04573 96 0
04574 48 0
04575 72 2
04576 48 6
04577 77 0
04578 98 2
04580 29 2
04581 64 0
04584 68 3
04585 50 3
04586 48 6
04587 66 3
04588 48 1
04589 120 2
04590 86 2
04592 105 4
04593 48 2
04595 72 3
04597 35 1
04598 73 2
04599 87 1
04600 56 2
04601 96 3
04602 56 2
04605 190 1
04606 81 3
04607 48 3
04610 46 3
04611 38 2
04612 48 0
04615 49 3
04616 95 1
04617 96 3
04618 48 3
04619 144 2
04620 108 2
04621 48 0
04623 79 0
04624 75 0
04625 161 2
04626 64 0
04627 85 4
04628 48 3
04629 85 0
04630 129 1
04632 50 0
04633 175 1
04634 70 1
04635 46 6
04636 124 4
04642 48 0
04644 162 1
04646 32 4
04647 121 3
04649 84 3
04650 51 6
04651 58 4
04652 100 0
04654 110 0
04656 85 2
04657 72 4
04658 67 2
04659 72 2
04660 96 1
04661 86 3
04662 51 4
04664 72 3
04665 73 0
04666 48 2
04667 100 3
04668 145 0
04669 141 3
04670 24 4
04671 95 4
04672 96 3
04673 50 0
04674 69 0
04678 50 2
04679 124 0
04680 63 1
04681 46 0
04684 72 0
04685 72 3
04686 46 3
04687 43 6
04688 64 0
04692 72 1
04693 96 6
04694 48 0
04695 46 2
04699 47 4
04701 47 1
04702 72 0
04704 48 0
04705 43 0
04706 47 2
04708 72 2
04709 72 4
04710 48 2
04713 71 0
04719 48 1
04720 61 0
04721 48 2
04722 47 3
04723 96 0
04724 72 2
04725 48 2
04727 52 3
04728 39 3
04729 72 0
04730 72 4
04732 72 2
04733 45 6
04734 70 1
04737 87 2
04738 72 1
04739 47 4
04743 98 0
04744 71 6
04745 91 2
04746 60 3
04748 40 6
04749 72 1
04750 96 2
04753 48 4
04754 53 3
04755 37 0
04756 93 0
04757 143 0
04759 80 3
04760 82 0
04761 233 0
04762 120 2
04763 48 2
04764 47 3
04768 55 1
04769 119 0
04771 38 1
04772 96 3
04773 48 2
04776 167 2
04777 23 1
04778 95 2
04779 42 4
04781 200 0
04784 48 0
04786 75 6
04787 168 2
04789 84 2
04790 40 0
04791 47 3
04792 82 0
04795 119 1
04796 72 2
04797 48 5
04798 225 0
04799 200 2
04800 48 3
04801 59 6
04802 50 0
04803 55 6
04804 120 2
04805 77 2
04806 48 4
04807 48 6
04808 75 1
04809 168 0
04810 113 6
04811 96 0
04812 47 1
04813 56 2
04815 59 3
04817 57 6
04818 67 1
04819 61 0
04822 191 1
04824 104 3
04825 69 6
04827 82 1
04829 72 4
04830 72 6
04832 48 2
04833 95 0
04835 94 3
04836 72 2
04837 71 1
04839 129 1
04841 70 1
04843 24 3
04844 71 3
04845 95 3
04846 72 1
04849 120 3
04850 38 0
04851 48 4
04853 48 3
04855 146 2
04858 48 0
04859 48 4
04860 73 2
04861 30 6
04863 53 0
04864 74 2
04866 24 3
04867 24 2
04868 72 4
04872 48 0
04873 90 0
04874 94 0
04875 70 0
04876 119 6
04877 84 2
04878 72 0
04879 84 6
04882 40 2
04883 39 3
04884 96 3
04885 144 2
04888 48 3
04889 45 0
04890 48 0
04891 142 2
04892 45 4
04893 96 3
04894 72 0
04896 94 3
04897 96 0
04898 48 2
04899 94 0
04900 84 1
04901 72 0
04903 167 2
04904 71 2
04905 192 1
04906 72 4
04909 43 2
04910 48 0
04912 38 4
04915 192 0
04916 72 2
04917 72 2
04918 78 4
04919 45 4
04920 72 1
04922 72 4
04923 57 0
04924 46 4
04925 96 2
04927 40 6
04928 47 4
04930 72 3
04931 234 3
04933 48 2
04934 48 0
04935 72 1
04936 48 0
04937 74 3
04938 95 2
04939 129 6
04940 96 4
04941 23 6
04942 72 2
04943 48 2
04944 78 6
04945 77 3
04947 48 0
04948 47 2
04949 201 1
04950 74 3
04951 48 4
04952 100 0
04953 24 4
04954 131 1
04956 69 0
04957 81 3
04958 96 4
04959 71 0
04960 48 3
04961 72 0
04962 96 2
04966 54 6
04967 167 1
04969 44 0
04971 19 5
04972 48 0
04974 81 3
04975 43 4
04978 95 2
04980 28 6
04981 23 5
04982 159 3
04983 48 2
04984 39 6
04985 47 0
04986 96 1
04989 69 3
04991 168 0
04992 58 6
04993 73 2
04995 118 3
04996 119 2
04997 48 2
04998 50 6
04999 40 1
05000 96 0
05001 48 4
05002 71 0
05006 47 2
05007 96 3
05008 34 3
05010 72 2
05013 120 1
05014 96 4
05016 47 0
05017 51 2
05022 168 2
05023 70 0
05024 28 6
05025 48 0
05028 216 0
05029 48 0
05033 30 6
05035 100 3
05036 96 0
05037 144 1
05038 92 4
05042 96 3
05044 48 3
05046 96 0
05047 93 2
05049 72 1
05050 72 3
05051 59 3
05054 72 0
05055 94 3
05057 43 4
05060 52 0
05061 48 0
05063 47 1
05064 33 3
05065 120 1
05066 72 1
05067 96 0
05068 48 4
05069 84 3
05070 192 0
05072 48 3
05073 69 1
05074 168 0
05077 63 4
05078 74 3
05079 46 2
05080 47 3
05082 262 1
05083 84 3
05084 58 6
05085 96 6
05087 146 2
05088 81 6
05089 48 4
05090 71 0
05091 71 1
05092 144 2
05094 77 3
05095 72 1
05096 44 1
05097 55 6
05098 58 0
05099 68 4
05101 126 2
05103 48 3
05104 71 3
05105 100 2
05107 48 2
05108 48 2
05109 48 4
05110 70 3
05111 166 0
05112 72 2
05113 46 4
05114 30 6
05115 48 3
05118 96 3
05120 67 3
05121 51 3
05122 72 3
05123 48 2
05125 45 6
05126 48 0
05128 191 1
05129 48 3
05130 196 1
05131 95 3
05132 48 0
05133 100 0
05134 71 4
05137 83 1
05139 194 0
05141 62 6
05142 72 1
05143 40 1
05144 41 0
05147 66 0
05148 77 6
05149 68 0
05150 78 4
05151 120 3
05152 84 4
05154 69 1
05155 48 3
05156 108 1
05157 498 0
05158 75 4
05161 48 1
05162 56 4
05164 48 2
05166 54 0
05168 95 0
05170 72 0
05171 216 3
05172 72 0
05173 114 2
05175 50 6
05176 50 6
05180 65 0
05181 168 2
05182 69 3
05183 135 3
05184 48 0
05185 285 1
05186 48 3
05187 38 6
05188 48 6
05189 75 3
05190 48 2
05191 24 4
05192 60 2
05193 62 1
05194 24 1
05196 42 0
05197 83 0
05199 47 4
05201 167 0
05202 47 2
05204 61 4
05206 50 0
05207 48 4
05209 35 6
05210 21 4
05211 48 4
05213 75 3
05214 96 0
05216 56 5
05217 61 3
05218 81 3
05219 110 2
05220 168 2
05221 71 1
05222 96 1
05223 39 3
05224 90 2
05226 72 2
05227 407 1
05228 46 0
05229 83 2
05230 148 1
05232 51 0
05233 48 1
05234 72 0
05235 69 4
05236 62 6
05237 48 1
05238 66 1
05239 80 5
05241 80 4
05242 47 2
05243 95 4
05244 46 4
05245 75 2
05246 48 3
05247 69 6
05248 75 3
05249 71 2
05250 67 6
05251 48 2
05253 66 3
05254 48 2
05255 86 1
05256 93 3
05259 120 4
05261 90 2
05263 72 6
05264 94 2
05265 96 6
05268 46 1
05270 48 4
05272 264 1
05273 48 2
05274 97 3
05275 48 4
05278 144 1
05279 66 1
05280 118 1
05281 71 2
05282 48 3
05283 63 1
05284 48 3
05285 72 0
05286 22 6
05288 100 4
05290 23 4
05291 27 2
05292 39 3
05294 72 1
05297 48 6
05299 76 3
05300 42 0
05301 48 1
05303 27 4
05304 53 6
05306 97 1
05307 115 0
05308 57 0
05310 59 3
05311 48 0
05312 75 4
05313 50 3
05315 48 2
05316 47 4
05318 148 4
05319 72 1
05320 96 0
05321 47 4
05322 39 6
05323 50 1
05324 114 3
05325 59 3
05326 48 5
05327 93 6
05328 46 1
05329 48 0
05331 48 1
05332 144 1
05334 75 2
05335 62 4
05336 141 3
05337 55 4
05339 125 2
05340 72 2
05341 35 6
05342 190 4
05344 72 0
05345 48 0
05346 71 2
05349 24 6
05350 106 1
05354 34 4
05355 53 6
05356 168 2
05357 25 0
05358 72 4
05360 72 3
05362 100 3
05363 54 3
05364 47 4
05366 96 2
05369 42 4
05370 144 1
05371 40 0
05372 31 1
05373 59 1
05374 65 2
05375 95 1
05376 54 1
05378 24 4
05379 167 2
05380 72 1
05381 62 2
05383 47 4
05385 48 1
05386 66 3
05389 80 2
05390 24 4
05392 72 3
05393 144 3
05395 48 3
05396 149 0
05400 97 1
05402 51 0
05403 117 3
05404 104 4
05405 83 0
05406 96 0
05407 69 0
05408 120 2
05411 72 3
05414 71 6
05416 72 0
05417 89 3
05418 134 1
05419 81 1
05421 72 0
05422 71 4
05423 75 0
05425 72 2
05426 48 4
05427 98 1
05428 144 3
05429 168 1
05430 48 3
05431 96 1
05432 72 2
05433 96 0
05434 60 0
05435 47 3
05436 48 2
05437 120 4
05438 48 4
05439 46 0
05440 95 0
05441 70 4
05442 47 3
05443 48 1
05444 48 3
05445 72 3
05448 33 4
05449 94 2
05450 88 0
05452 80 0
05453 72 2
05454 108 1
05455 23 0
05456 33 4
05457 72 2
05459 71 4
05460 87 0
05461 26 3
05462 48 3
05463 41 2
05464 120 6
05465 60 5
05466 34 0
05467 48 3
05468 89 1
05469 96 1
05471 73 2
05472 96 3
05473 143 2
05475 47 4
05477 102 0
05478 103 1
05480 170 2
05482 199 6
05486 70 2
05487 47 4
05488 72 0
05490 60 4
05491 42 0
05494 24 6
05495 66 2
05497 104 3
05499 72 2
05500 126 2
05501 207 1
05503 95 1
05505 48 2
05507 46 3
05508 48 4
05509 78 3
05510 48 3
05511 72 4
05513 192 2
05514 29 2
05516 62 0
05517 110 1
05518 147 2
05519 42 3
05520 73 0
05521 46 1
05522 96 0
05523 123 3
05526 128 3
05527 47 2
05529 71 3
05530 120 3
05531 60 6
05532 71 1
05533 68 2
05534 48 4
05535 96 2
05536 52 0
05537 71 4
05539 48 2
05540 48 2
05541 96 0
05542 24 3
05543 97 1
05544 137 4
05545 48 3
05546 64 2
05547 119 0
05548 51 3
05549 58 0
05550 100 4
05551 72 0
05552 146 5
05553 48 4
05554 25 0
05555 48 0
05556 117 5
05557 96 0
05559 48 4
05561 57 3
05563 83 0
05564 56 2
05565 71 3
05566 173 6
05567 127 1
05568 59 6
05571 71 2
05572 59 0
05574 62 0
05575 76 6
05576 168 3
05577 48 2
05578 47 3
05579 455 1
05581 144 0
05582 47 3
05583 48 4
05584 44 2
05585 110 3
05587 72 1
05588 94 2
05591 120 2
05592 48 3
05594 88 1
05595 72 1
05596 25 4
05598 50 3
05599 118 4
05600 96 2
05601 120 3
05602 48 0
05603 72 0
05605 48 0
05606 96 2
05608 48 3
05609 51 0
05610 46 1
05611 54 4
05612 72 2
05613 80 0
05614 70 0
05615 66 4
05616 55 0
05617 48 1
05619 72 2
05621 144 0
05622 119 0
05623 50 4
05624 125 3
05628 60 2
05631 97 0
05632 48 1
05636 119 1
05638 167 2
05639 117 0
05640 120 2
05641 48 0
05642 50 3
05643 72 4
05644 71 0
05645 72 3
05647 95 0
05648 116 3
05649 24 4
05650 67 4
05651 57 6
05653 48 2
05654 72 0
05656 40 6
05657 72 2
05660 32 6
05661 118 2
05662 48 2
05663 48 1
05664 171 1
05665 134 3
05667 76 3
05668 39 4
05669 48 6
05670 48 4
05671 28 0
05673 50 2
05674 165 3
05675 119 2
05676 71 2
05678 48 0
05680 52 4
05681 120 1
05682 72 0
05683 98 6
05685 114 6
05688 51 0
05689 95 4
05690 63 2
05691 96 2
05692 48 4
05693 74 4
05694 48 2
05695 91 3
05696 120 0
05697 152 1
05698 48 3
05699 17 3
05702 50 4
05704 48 2
05705 63 4
05706 45 3
05708 96 1
05709 44 2
05710 48 3
05711 125 1
05712 40 3
05713 120 6
05714 48 4
05715 71 4
05717 62 6
05718 47 4
05719 168 3
05721 32 3
05723 67 0
05724 75 2
05725 54 3
05726 120 1
05727 62 4
05728 48 3
05729 72 1
05730 71 2
05732 115 0
05733 143 1
05734 48 0
05735 46 1
05736 54 0
05737 51 4
05738 89 4
05739 72 2
05741 133 1
05742 81 6
05743 88 0
05746 100 2
05747 24 6
05748 192 0
05749 95 0
05753 48 6
05754 56 3
05755 168 2
05756 119 3
05757 43 0
05760 175 3
05761 39 0
05763 72 3
05764 65 4
05765 40 1
05766 72 3
05767 159 6
05769 58 2
05770 120 0
05772 71 2
05774 96 2
05775 48 0
05778 71 3
05779 51 3
05780 57 0
05781 48 1
05782 87 5
05785 71 3
05786 72 3
05788 72 0
05789 65 6
05790 33 5
05791 45 3
05792 48 0
05793 65 1
05795 47 2
05796 101 4
05797 72 0
05798 94 4
05799 24 1
05800 75 0
05801 48 2
05803 45 0
05804 24 6
05805 72 2
05806 71 1
05808 72 2
05810 74 6
05812 72 2
05813 64 3
05816 71 0
05817 72 0
05819 152 6
05820 41 6
05822 143 1
05823 33 3
05828 83 1
05829 60 4
05831 96 1
05832 47 2
05833 71 2
05834 72 2
05835 25 3
05836 86 2
05837 96 1
05838 35 0
05841 48 2
05843 47 2
05844 48 2
05845 48 6
05846 59 0
05847 118 1
05848 55 4
05850 64 0
05851 48 6
05853 48 0
05854 48 1
05855 44 0
05856 87 0
05858 77 1
05859 72 2
05861 76 5
05862 41 3
05863 48 2
05865 72 1
05867 48 2
05868 35 4
05869 107 0
05870 238 3
05871 50 1
05873 65 2
05874 48 1
05875 115 3
05877 120 3
05878 75 4
05879 48 6
05880 72 2
05881 48 4
05882 45 6
05885 100 2
05886 93 3
05887 48 4
05888 47 2
05889 42 5
05890 72 3
05891 72 0
05892 48 0
05893 169 0
05894 75 2
05896 147 1
05898 72 3
05899 48 2
05900 119 2
05901 168 2
05902 152 2
05903 93 0
05904 60 6
05905 31 1
05906 60 1
05907 48 0
05908 48 3
05909 48 0
05910 87 1
05912 50 2
05913 86 0
05914 119 2
05915 48 0
05916 53 0
05917 70 3
05919 79 6
05920 51 2
05921 48 3
05922 110 3
05923 38 3
05925 96 0
05927 96 3
05929 83 3
05930 48 0
05931 140 1
05932 72 0
05934 109 4
05935 41 2
05936 72 1
05937 48 2
05938 43 6
05940 145 3
05942 74 3
05944 36 6
05945 72 3
05946 48 1
05948 69 1
05952 145 3
05953 48 4
05954 35 4
05955 96 2
05958 43 3
05960 122 2
05961 48 0
05963 72 3
05964 73 6
05966 47 0
05967 72 4
05968 73 2
05969 93 2
05970 72 0
05972 80 2
05973 72 0
05974 120 0
05976 66 0
05977 103 3
05978 86 6
05980 119 1
05981 48 3
05984 48 0
05985 48 2
05986 42 3
05987 72 3
05988 36 6
05989 96 2
05991 51 6
05992 71 6
05994 48 2
05995 24 4
05997 60 0
05998 48 2
05999 48 0
06001 44 3
06002 96 1
06003 23 2
06004 131 2
06006 35 4
06008 131 3
06009 72 3
06011 43 6
06012 48 4
06013 37 3
06014 96 0
06015 60 2
06016 326 2
06017 65 0
06018 96 0
06019 29 3
06022 48 0
06023 112 3
06025 72 0
06026 48 0
06028 47 0
06029 43 3
06030 60 0
06031 72 2
06032 64 2
06033 72 0
06035 50 2
06036 71 3
06037 63 4
06039 119 2
06040 60 1
06041 66 3
06042 74 2
06043 72 1
06044 48 2
06045 72 0
06046 75 4
06048 48 2
06049 72 0
06051 166 2
06052 50 0
06053 24 6
06054 239 0
06055 96 1
06057 98 3
06058 119 3
06060 72 0
06062 96 3
06064 61 3
06065 72 2
06069 91 1
06071 104 0
06072 192 2
06074 120 3
06075 72 3
06076 47 4
06077 72 0
06078 160 3
06079 112 3
06081 48 6
06082 48 3
06083 97 1
06084 52 1
06085 72 3
06087 48 0
06088 116 1
06089 33 1
06090 40 1
06091 99 1
06094 76 0
06095 84 2
06096 48 3
06097 67 4
06098 48 2
06099 52 2
06100 24 2
06101 120 1
06102 68 3
06103 75 2
06104 60 0
06105 96 1
06106 70 3
06107 144 4
06108 87 4
06109 60 2
06110 46 3
06111 55 0
06113 57 3
06114 72 1
06115 47 3
06116 52 4
06117 75 4
06118 96 2
06119 72 3
06120 48 5
06121 72 6
06122 48 1
06123 96 6
06124 46 2
06125 49 0
06126 49 6
06127 74 6
06128 42 0
06130 68 6
06131 96 0
06132 96 0
06133 72 3
06134 48 2
06137 153 1
06139 96 0
06140 48 4
06142 72 0
06143 95 1
06144 39 4
06146 167 3
06147 62 2
06148 72 3
06149 47 2
06151 161 3
06152 42 3
06153 94 2
06155 307 0
06156 59 4
06157 40 6
06158 84 2
06159 53 0
06160 144 1
06161 48 2
06162 44 0
06163 93 1
06165 28 3
06166 39 4
06168 134 1
06169 68 1
06170 60 5
06171 48 0
06173 50 3
06174 39 4
06176 166 0
06177 50 3
06178 96 2
06180 42 6
06182 96 3
06183 144 1
06184 107 6
06185 102 1
06186 72 3
06187 27 6
06188 96 2
06189 133 1
06190 90 0
06191 46 0
06192 137 0
06193 30 5
06195 72 3
06196 146 1
06198 70 1
06200 48 5
06201 48 6
06202 46 3
06203 71 3
06204 32 6
06206 72 0
06207 167 3
06208 44 6
06209 143 1
06210 75 2
06211 59 0
06212 61 3
06213 186 1
06214 25 6
06215 58 3
06216 76 4
06217 57 0
06218 54 0
06220 90 0
06221 95 2
06222 96 1
06223 125 1
06224 50 1
06226 71 1
06227 71 0
06230 24 3
06231 83 3
06232 125 1
06233 29 3
06235 98 3
06236 76 6
06238 24 6
06239 95 1
06240 36 0
06241 47 2
06242 126 3
06243 137 1
06244 47 3
06246 694 0
06247 120 0
06248 71 6
06249 178 3
06250 71 2
06251 111 1
06252 119 1
06253 80 3
06254 60 4
06255 72 3
06256 25 2
06257 96 3
06258 79 3
06259 61 4
06260 48 1
06263 59 2
06264 48 5
06265 84 4
06267 47 0
06268 72 0
06269 48 1
06270 94 3
06271 94 4
06273 48 0
06274 72 0
06275 87 4
06276 48 0
06277 75 3
06278 50 1
06279 142 2
06280 72 2
06281 70 0
06282 55 1
06283 137 1
06284 170 3
06286 49 4
06287 50 3
06288 85 3
06289 79 6
06290 45 4
06291 48 3
06292 96 4
06293 48 2
06295 81 6
06296 97 2
06297 120 3
06298 61 0
06299 34 6
06300 143 4
06301 106 4
06302 47 2
06303 71 1
06305 58 1
06307 71 2
06308 72 4
06309 96 1
06310 119 2
06311 98 6
06313 100 1
06314 68 0
06315 71 3
06316 70 6
06317 150 3
06318 24 2
06319 48 1
06320 96 2
06321 78 1
06322 120 2
06323 143 2
06324 94 2
06325 62 1
06326 168 1
06328 30 4
06329 74 2
06331 73 2
06332 84 1
06335 89 4
06336 120 2
06337 35 0
06338 53 0
06340 162 3
06341 24 2
06343 58 0
06344 124 3
06345 102 2
06346 39 4
06347 48 6
06349 92 2
06351 72 4
06352 86 3
06353 46 6
06354 92 3
06355 65 2
06356 43 0
06357 43 4
06358 58 6
06359 48 1
06360 96 4
06361 72 2
06362 72 3
06363 144 0
06364 55 3
06365 40 0
06366 48 1
06367 71 3
06368 72 2
06370 45 3
06372 71 0
06373 126 3
06375 275 0
06377 27 6
06378 91 1
06380 48 0
06381 48 6
06382 143 4
06383 47 2
06385 166 1
06387 68 0
06389 47 4
06391 72 1
06392 119 4
06394 48 2
06396 72 2
06397 111 0
06399 57 6
06400 50 3
06402 48 2
06403 187 2
06404 56 2
06405 48 2
06406 48 0
06409 188 1
06410 70 3
06411 144 2
06412 72 2
06413 96 4
06414 185 1
06415 41 6
06416 48 2
06417 48 5
06418 96 1
06419 88 1
06420 72 6
06421 72 1
06423 47 4
06424 95 6
06425 72 2
06426 95 3
06427 120 3
06428 120 0
06429 173 2
06430 86 2
06433 40 0
06434 70 1
06435 263 1
06436 187 1
06441 71 0
06442 48 3
06443 60 0
06445 43 3
06446 62 6
06447 89 0
06448 113 3
06450 100 4
06451 168 3
06452 48 2
06454 120 2
06456 189 1
06457 48 3
06458 72 2
06459 93 1
06460 71 0
06462 72 2
06463 261 4
06464 48 2
06465 77 4
06467 124 3
06470 96 1
06471 72 4
06472 95 0
06474 47 3
06475 111 0
06476 47 5
06478 40 4
06479 58 3
06480 87 1
06481 48 0
06482 47 0
06483 39 2
06484 70 1
06486 45 2
06488 48 4
06489 48 5
06490 704 1
06491 80 6
06492 163 1
06493 47 1
06494 84 1
06496 48 2
06497 61 3
06498 72 2
06499 96 6
06500 82 1
06501 87 1
06502 45 4
06503 63 1
06504 72 2
06505 68 0
06506 239 2
06507 96 2
06508 149 3
06509 47 2
06510 82 3
06511 72 5
06512 48 3
06513 48 2
06514 72 0
06515 48 3
06516 96 0
06517 48 0
06518 285 3
06519 96 6
06520 120 2
06521 72 0
06522 48 2
06523 118 3
06524 72 1
06525 48 6
06526 36 6
06527 48 0
06528 48 3
06530 96 2
06531 119 0
06533 48 4
06535 29 3
06537 72 2
06538 47 3
06541 48 4
06542 49 3
06544 72 0
06545 48 3
06546 71 2
06548 99 1
06549 82 3
06550 48 0
06553 62 3
06554 43 0
06555 48 0
06556 50 2
06558 100 1
06559 49 5
06560 122 6
06561 92 4
06564 37 6
06565 34 0
06566 55 1
06567 56 4
06568 48 0
06569 86 1
06570 120 2
06571 94 2
06572 82 2
06573 84 6
06574 61 2
06577 71 0
06578 96 2
06580 64 3
06581 32 3
06582 60 0
06583 48 3
06585 46 2
06586 72 3
06587 65 0
06588 108 0
06589 85 3
06590 49 0
06591 309 4
06592 41 4
06593 51 0
06594 48 4
06595 93 6
06596 57 2
06597 67 6
06600 35 2
06603 81 0
06604 60 3
06605 65 3
06607 128 2
06608 120 4
06609 140 1
06610 155 0
06611 72 3
06612 71 0
06614 72 2
06615 71 2
06616 48 0
06617 65 2
06618 48 6
06619 94 3
06620 48 2
06621 72 3
06622 119 2
06624 59 4
06625 72 3
06626 52 1
06627 48 2
06628 63 0
06631 68 3
06632 51 3
06633 30 3
06634 48 1
06635 89 3
06636 48 2
06637 72 3
06638 33 1
06639 69 1
06640 48 0
06642 72 0
06643 36 5
06644 120 1
06645 48 0
06646 51 0
06648 48 2
06649 96 3
06650 46 3
06651 24 2
06652 72 2
06653 36 2
06654 48 3
06656 62 0
06658 48 2
06659 47 2
06660 100 0
06661 53 6
06662 72 2
06664 47 2
06667 24 3
06668 75 6
06669 48 0
06671 60 3
06672 72 2
06673 38 0
06674 96 1
06675 48 3
06677 74 1
06678 43 0
06680 100 1
06681 48 1
06682 119 1
06683 48 3
06684 36 3
06685 59 0
06687 96 4
06690 70 2
06692 72 0
06694 75 3
06695 72 6
06696 63 1
06697 57 3
06699 48 2
06700 48 2
06701 50 3
06706 58 0
06707 44 3
06708 39 2
06711 91 6
06712 62 2
06715 262 1
06716 80 2
06717 235 1
06718 96 0
06719 48 1
06721 48 4
06722 71 1
06723 59 2
06725 48 2
06728 34 4
06729 45 6
06730 70 2
06731 71 1
06733 26 4
06736 142 2
06737 14 2
06738 148 3
06741 58 1
06742 50 0
06743 46 3
06744 71 3
06746 72 2
06747 48 3
06749 72 3
06750 141 2
06751 71 0
06752 48 3
06754 71 2
06755 47 0
06756 95 2
06757 61 1
06758 75 0
06760 48 2
06761 144 0
06762 166 0
06763 108 6
06765 62 0
06766 24 6
06769 71 0
06770 72 3
06772 81 3
06773 47 0
06774 48 2
06775 107 4
06776 111 4
06777 92 1
06778 47 0
06779 71 4
06780 96 2
06781 56 2
06782 53 0
06783 119 2
06785 91 0
06786 96 1
06787 60 3
06788 48 0
06789 92 0
06790 48 2
06791 36 3
06792 29 4
06793 103 0
06797 96 2
06798 86 1
06799 72 2
06800 76 5
06801 43 2
06802 48 0
06803 48 0
06805 120 1
06806 35 3
06810 53 1
06811 127 2
06815 48 3
06817 144 1
06818 62 0
06820 60 3
06822 68 2
06824 337 1
06825 47 2
06827 48 2
06829 130 0
06831 58 3
06832 71 0
06833 48 2
06835 69 0
06836 61 3
06837 71 0
06838 48 1
06840 67 2
06843 91 3
06844 48 3
06846 41 3
06847 48 2
06848 53 0
06849 72 2
06850 90 4
06851 72 0
06853 72 0
06854 74 6
06855 72 3
06856 145 1
06857 124 3
06858 150 1
06859 49 6
06860 48 2
06861 41 3
06862 48 0
06863 65 3
06864 67 0
06865 67 0
06866 72 0
06868 96 4
06870 48 2
06873 120 0
06874 60 3
06875 96 0
06879 263 2
06880 118 1
06881 95 3
06882 36 4
06883 44 3
06884 297 1
06885 121 2
06886 72 1
06887 43 1
06888 47 2
06891 26 4
06892 191 2
06893 74 1
06894 24 6
06895 48 1
06897 120 3
06898 72 4
06899 48 3
06900 144 4
06902 48 2
06903 111 3
06904 171 1
06905 48 0
06906 100 1
06907 142 0
06910 24 4
06911 84 0
06912 38 1
06914 46 3
06916 72 2
06917 48 2
06918 91 2
06919 24 4
06921 70 0
06923 270 0
06924 96 2
06926 48 4
06927 48 0
06928 166 2
06930 45 4
06932 75 2
06933 61 1
06934 72 3
06935 48 1
06936 72 2
06937 48 3
06938 101 0
06940 60 0
06941 45 3
06943 47 2
06944 70 2
06945 71 0
06946 120 4
06947 24 1
06948 142 4
06949 41 2
06950 71 0
06951 46 2
06952 47 4
06953 96 0
06954 29 2
06955 72 1
06958 132 6
06960 47 2
06961 107 0
06963 98 0
06966 120 2
06969 144 0
06970 46 1
06971 24 3
06972 64 0
06975 24 2
06976 26 4
06977 64 3
06979 125 3
06980 100 0
06982 38 1
06984 48 1
06987 47 4
06989 58 2
06990 130 3
06991 119 1
06992 24 2
06994 91 3
06995 116 2
06996 36 0
06997 48 2
06998 60 3
06999 48 0
07000 48 4
07002 24 4
07004 61 3
07005 132 1
07006 36 2
07007 53 6
07009 67 0
07010 96 0
07011 46 4
07013 37 2
07014 76 6
07015 93 4
07016 72 3
07018 72 2
07019 70 2
07020 118 4
07021 25 3
07022 41 6
07023 96 1
07024 76 3
07025 49 0
07026 135 1
07027 60 5
07029 56 4
07031 224 2
07033 62 6
07034 119 2
07035 100 4
07036 31 3
07037 48 2
07039 39 2
07040 24 4
07041 60 0
07042 67 3
07045 120 2
07046 48 6
07048 63 1
07049 69 2
07050 53 2
07053 60 3
07055 46 0
07056 48 0
07057 96 1
07058 96 2
07059 72 3
07060 78 6
07061 23 3
07063 72 2
07064 58 2
07065 46 6
07067 72 2
07068 79 4
07069 72 2
07071 48 2
07073 60 4
07074 24 5
07075 52 3
07077 96 0
07079 68 0
07081 47 6
07085 120 4
07086 49 3
07087 75 3
07088 115 3
07089 88 3
07090 66 0
07091 115 1
07092 116 0
07093 168 2
07095 158 3
07097 96 2
07100 82 6
07102 48 4
07103 49 4
07104 32 5
07105 144 0
07106 24 4
07107 96 1
07108 60 1
07109 144 2
07111 66 0
07112 33 0
07113 70 4
07114 68 3
07115 120 0
07118 96 1
07120 46 1
07121 66 5
07122 158 3
07124 112 0
07125 48 4
07127 95 1
07128 64 3
07129 96 2
07130 50 3
07132 57 0
07133 107 4
07134 97 0
07136 72 1
07139 48 3
07140 74 3
07141 80 3
07142 96 3
07143 68 2
07144 36 0
07145 72 0
07147 96 2
07148 124 1
07150 52 2
07151 48 0
07152 48 2
07153 72 1
07154 70 2
07155 71 0
07156 32 0
07157 95 2
07159 134 3
07161 47 4
07163 96 1
07164 95 1
07166 60 4
07167 72 2
07169 48 3
07170 105 4
07171 81 2
07172 81 1
07173 90 0
07174 95 3
07175 48 4
07176 47 2
07177 48 1
07178 37 2
07179 24 4
07180 96 2
07181 50 3
07182 89 1
07183 75 3
07185 47 4
07186 72 2
07187 166 3
07188 119 2
07189 48 2
07190 23 3
07192 72 2
07193 350 3
07194 115 6
07195 50 4
07196 48 2
07197 72 3
07199 120 2
07200 90 1
07202 48 0
07203 95 1
07205 85 2
07206 48 6
07207 48 2
07208 96 2
07209 109 3
07210 36 6
07211 28 5
07213 72 0
07214 48 3
07216 99 6
07217 48 3
07219 48 0
07220 145 2
07222 72 6
07223 48 4
07224 72 2
07226 85 2
07227 72 2
07228 48 3
07230 38 3
07231 48 3
07232 51 2
07233 72 2
07236 66 3
07237 48 3
07239 48 2
07240 66 1
07241 60 4
07242 84 6
07243 64 3
07244 72 3
07245 71 2
07246 72 4
07247 72 3
07249 72 2
07250 50 2
07252 48 4
07254 57 2
07255 27 6
07256 45 0
07257 96 6
07259 59 4
07260 48 1
07261 60 0
07263 89 3
07264 46 2
07266 61 1
07267 24 6
07269 72 4
07270 92 3
07272 30 4
07273 96 2
07275 43 4
07276 239 1
07277 48 6
07280 36 6
07281 49 4
07282 169 0
07283 66 0
07284 53 2
07285 201 1
07286 48 2
07287 80 0
07288 95 0
07290 48 0
07293 72 2
07295 85 1
07298 46 0
07299 74 0
07300 36 2
07301 48 3
07302 45 2
07303 48 4
07305 153 3
07306 96 0
07309 51 2
07311 62 3
07312 120 1
07313 89 2
07315 48 3
07316 96 2
07317 48 2
07319 72 2
07320 29 0
07321 72 3
07322 72 0
07323 85 1
07324 160 0
07326 120 2
07327 185 3
07328 84 3
07329 47 6
07330 331 4
07331 32 2
07332 96 0
07333 37 2
07334 53 0
07335 71 3
07336 72 0
07337 48 4
07338 71 0
07339 43 3
07341 36 5
07342 72 4
07343 48 4
07344 24 3
07345 24 4
07348 69 2
07349 45 0
07350 50 3
07351 94 2
07352 47 2
07353 154 0
07354 60 1
07355 96 3
07356 191 1
07357 192 2
07358 72 4
07359 67 4
07361 130 3
07362 65 0
07364 72 0
07365 58 6
07366 27 3
07368 120 0
07369 38 4
07370 77 0
07374 95 2
07376 34 4
07377 93 4
07378 65 3
07379 119 2
07380 49 0
07383 48 0
07384 68 0
07385 48 3
07386 71 0
07387 175 1
07388 53 3
07390 48 2
07393 108 0
07394 96 3
07395 61 0
07396 24 4
07397 72 1
07399 72 6
07400 70 0
07401 48 0
07402 71 2
07404 89 0
07405 72 4
07407 39 6
07408 120 3
07409 120 1
07410 48 1
07411 72 2
07412 86 3
07413 264 3
07414 72 2
07415 80 2
07417 63 4
07418 39 1
07419 96 2
07420 96 1
07421 48 1
07423 47 2
07424 83 1
07425 31 3
07426 48 3
07427 76 4
07428 70 6
07429 238 3
07430 42 3
07431 168 2
07432 46 1
07433 48 3
07434 77 6
07436 119 2
07438 95 0
07439 42 2
07440 48 4
07442 95 4
07443 95 2
07447 71 0
07449 113 3
07450 48 0
07451 104 3
07452 47 4
07457 197 0
07458 47 2
07459 96 4
07460 48 1
07461 50 0
07462 71 2
07465 72 2
07466 119 2
07468 88 1
07469 49 6
07470 109 6
07472 72 4
07473 72 4
07475 119 1
07476 82 3
07477 72 2
07478 112 1
07480 72 2
07481 56 4
07482 167 1
07483 134 3
07484 48 6
07485 47 1
07486 143 1
07487 46 2
07488 90 2
07489 48 1
07492 87 2
07497 48 2
07498 36 3
07499 120 0
07500 97 2
07501 106 3
07502 24 6
07503 48 3
07504 48 0
07505 95 2
07506 90 2
07507 95 0
07508 77 3
07510 72 0
07511 34 3
07512 51 2
07514 48 0
07515 142 2
07517 39 3
07518 72 1
07520 124 1
07522 120 2
07526 61 2
07529 40 4
07530 70 0
07532 56 0
07533 48 3
07534 95 2
07535 65 1
07536 46 5
07539 191 1
07540 240 4
07541 74 4
07542 72 0
07543 48 0
07544 48 0
07547 70 1
07549 72 2
07550 49 5
07551 95 2
07552 96 0
07553 43 4
07554 106 4
07555 48 3
07557 62 3
07558 73 4
07559 48 2
07560 72 2
07561 47 0
07562 90 3
07563 134 3
07564 88 0
07566 95 4
07567 24 3
07568 75 2
07569 72 2
07572 52 2
07573 53 4
07574 93 2
07575 24 1
07576 119 1
07577 48 1
07578 48 0
07579 24 3
07581 72 0
07582 111 0
07583 38 6
07584 143 2
07586 69 4
07587 68 1
07590 72 4
07591 44 5
07593 47 0
07594 72 0
07595 49 0
07596 39 3
07597 155 3
07598 87 2
07599 110 0
07600 73 2
07601 71 0
07604 136 0
07605 41 2
07606 115 2
07608 72 1
07609 48 2
07610 48 6
07611 48 0
07612 71 3
07615 48 0
07616 123 2
07617 60 6
07619 46 2
07620 20 6
07621 24 4
07622 72 2
07623 40 1
07624 48 2
07625 25 6
07627 96 2
07628 49 2
07629 48 0
07630 171 1
07631 99 2
07632 48 0
07634 144 1
07636 47 0
07637 96 1
07640 69 2
07641 48 4
07643 48 2
07644 72 2
07645 51 0
07646 72 4
07647 65 6
07648 39 0
07650 114 2
07651 46 0
07652 74 3
07658 24 1
07662 85 4
07664 67 1
07665 72 0
07666 48 3
07667 71 0
07668 48 0
07669 41 6
07670 54 0
07671 114 1
07673 74 0
07674 46 1
07675 59 0
07677 48 4
07678 72 0
07679 66 0
07680 111 6
07681 96 0
07684 72 0
07685 94 3
07686 44 2
07687 69 0
07688 71 3
07690 94 0
07691 96 6
07692 168 2
07694 83 3
07696 144 3
07697 239 1
07698 172 1
07699 72 1
07700 96 0
07702 120 2
07705 100 2
07706 120 2
07708 24 4
07709 50 3
07710 48 2
07711 69 3
07712 72 2
07713 72 2
07716 66 0
07717 50 3
07719 38 4
07720 53 3
07721 47 0
07722 80 3
07725 66 3
07726 189 4
07727 119 0
07729 95 2
07730 24 3
07731 48 4
07735 101 3
07736 52 6
07737 106 0
07738 32 3
07743 36 3
07744 107 4
07745 84 0
07747 48 2
07749 72 3
07750 100 6
07751 48 4
07752 141 3
07753 48 6
07754 90 1
07755 58 1
07756 72 2
07758 170 1
07759 48 0
07761 96 2
07762 72 3
07763 24 4
07764 95 1
07765 39 4
07766 168 1
07767 86 3
07768 59 4
07769 95 2
07770 62 0
07771 24 6
07772 57 4
07774 103 1
07777 72 0
07778 130 2
07779 72 3
07780 68 0
07783 90 3
07787 91 4
07788 48 2
07789 106 0
07790 100 2
07791 42 3
07792 51 2
07793 42 4
07795 96 2
07796 380 0
07797 48 4
07798 47 4
07801 131 2
07802 20 1
07804 19 3
07805 68 3
07807 215 2
07808 60 6
07810 120 0
07811 72 0
07812 175 2
07814 144 0
07815 78 1
07816 28 1
07817 30 4
07818 71 5
07819 110 6
07821 72 3
07822 36 3
07823 71 4
07824 47 4
07825 68 6
07827 64 4
07830 168 2
07832 96 1
07834 48 0
07838 27 2
07839 261 4
07840 64 0
07841 49 0
07842 125 2
07843 53 3
07844 35 6
07845 48 6
07848 75 3
07849 48 2
07850 47 2
07851 71 6
07852 72 4
07853 94 5
07854 100 4
07855 117 3
07856 95 4
07857 48 4
07858 190 2
07859 52 1
07862 72 3
07864 81 0
07865 71 2
07866 45 0
07867 57 5
07868 72 2
07869 96 0
07870 120 6
07872 37 0
07873 95 2
07876 57 2
07877 128 3
07878 53 4
07879 54 0
07880 96 2
07882 30 4
07883 47 2
07884 48 2
07885 48 2
07887 48 0
07888 70 2
07890 48 0
07891 142 2
07892 54 1
07893 31 1
07894 101 3
07895 48 4
07896 55 2
07897 31 4
07898 107 1
07899 100 1
07900 141 4
07901 67 1
07905 48 0
07906 58 0
07907 71 2
07908 79 6
07909 84 0
07910 95 0
07911 48 3
07912 48 6
07913 72 0
07914 48 0
07917 72 4
07918 68 0
07920 47 2
07921 56 2
07923 21 1
07924 38 2
07926 47 3
07927 48 0
07928 95 6
07929 48 2
07930 373 1
07931 90 0
07932 47 3
07933 19 3
07934 60 2
07935 24 6
07936 63 1
07937 48 1
07938 49 1
07939 175 1
07940 50 2
07943 96 1
07944 32 3
07945 119 2
07946 44 1
07947 48 4
07948 71 2
07949 51 4
07950 96 6
07951 46 6
07952 71 2
07955 101 2
07956 96 2
07961 96 0
07963 27 0
07965 51 6
07966 71 1
07968 115 1
07969 71 3
07970 107 0
07972 96 2
07973 94 1
07974 48 4
07975 75 4
07976 72 2
07977 86 1
07978 75 4
07979 42 3
07980 47 3
07982 50 1
07983 67 1
07984 96 2
07985 72 1
07986 41 1
07987 95 3
07989 168 0
07991 94 0
07993 113 0
07996 216 1
07997 26 4
07998 48 0
08000 72 2
08002 72 0
08005 72 3
08007 81 6
08008 80 4
08010 48 2
08012 48 1
08015 71 0
08016 119 0
08017 83 4
08018 72 0
08019 75 1
08021 48 2
08022 66 0
08023 147 1
08024 46 3
08025 72 4
08026 68 0
08027 24 6
08028 98 2
08030 46 0
08031 69 3
08032 75 1
08033 29 6
08034 125 2
08035 47 3
08038 12 4
08040 53 0
08042 94 0
08043 94 4
08045 48 1
08047 60 3
08048 72 0
08049 66 4
08050 89 0
08051 71 0
08052 70 0
08053 32 4
08055 48 2
08056 31 3
08057 48 3
08059 87 0
08060 101 2
08061 89 2
08062 65 2
08064 48 1
08065 53 2
08066 72 3
08069 143 3
08071 84 3
08072 40 6
08074 48 2
08076 48 2
08077 30 3
08078 94 3
08079 96 3
08082 48 4
08084 111 4
08085 144 4
08086 64 6
08087 167 1
08088 264 0
08089 72 0
08090 24 0
08091 94 0
08092 71 3
08093 41 0
08094 48 0
08095 95 1
08096 48 1
08097 96 6
08098 48 4
08099 109 2
08100 119 0
08101 174 0
08104 73 3
08105 42 5
08106 72 3
08107 72 2
08108 55 6
08109 67 3
08113 39 3
08116 79 0
08117 61 0
08118 87 4
08120 56 3
08121 69 4
08122 69 4
08123 48 0
08125 100 2
08128 48 0
08129 144 1
08132 47 3
08133 48 0
08134 48 0
08135 48 0
08136 240 1
08137 48 1
08138 63 4
08139 39 3
08140 68 3
08141 37 4
08142 67 3
08144 72 6
08146 86 3
08147 125 0
08148 72 0
08151 72 3
08152 84 1
08155 174 2
08156 76 3
08157 116 1
08158 51 4
08160 72 2
08161 191 3
08162 83 3
08163 25 4
08166 35 4
08167 72 0
08168 169 2
08169 47 2
08170 77 0
08171 95 2
08174 99 1
08175 75 2
08176 62 3
08177 72 2
08178 168 1
08179 79 3
08180 71 0
08181 95 2
08185 48 2
08186 105 4
08187 48 2
08188 108 1
08190 100 3
08191 24 3
08192 36 4
08194 50 0
08195 71 2
08197 96 3
08199 143 6
08200 48 0
08203 48 1
08204 65 0
08205 48 4
08208 45 2
08209 92 2
08210 94 0
08213 96 1
08214 186 3
08215 43 2
08216 95 2
08217 95 1
08218 48 4
08219 24 4
08220 48 0
08221 95 1
08222 118 0
08223 120 0
08224 158 1
08225 46 2
08226 72 2
08228 80 4
08229 48 1
08231 69 0
08232 119 6
08233 95 2
08234 70 0
08235 120 4
08236 60 0
08238 47 4
08239 52 1
08240 59 4
08241 67 2
08242 86 3
08243 108 4
08245 96 1
08247 29 3
08250 91 0
08252 90 2
08253 110 0
08254 48 2
08255 73 1
08256 72 5
08258 54 3
08259 71 4
08260 71 1
08261 70 3
08263 43 0
08264 72 1
08265 63 2
08266 119 2
08269 60 3
08270 48 1
08272 72 2
08275 48 0
08276 67 1
08277 72 0
08278 72 0
08279 146 0
08282 63 4
08284 71 3
08285 87 6
08286 24 4
08289 40 6
08290 39 4
08291 143 2
08292 48 2
08293 28 4
08294 78 0
08297 48 1
08298 41 0
08299 48 1
08301 72 1
08303 48 0
08304 72 6
08305 72 2
08306 91 6
08307 70 3
08309 48 0
08310 59 0
08311 48 0
08312 80 3
08313 45 0
08316 96 2
08317 72 2
08319 86 3
08320 196 3
08321 48 1
08323 55 6
08325 47 3
08327 48 1
08328 78 3
08330 159 0
08331 24 1
08332 48 3
08334 72 2
08336 72 4
08337 60 4
08339 28 3
08340 48 1
08342 48 0
08343 47 2
08345 72 1
08346 190 1
08347 48 0
08348 55 0
08351 92 1
08352 225 3
08353 32 2
08355 72 0
08356 85 3
08357 98 2
08358 48 0
08359 117 2
08360 72 2
08361 76 3
08362 125 0
08363 54 6
08365 48 0
08367 141 2
08368 95 3
08371 48 2
08372 15 6
08373 55 3
08375 96 0
08376 60 6
08377 137 0
08378 75 0
08379 56 4
08381 65 2
08382 120 0
08383 71 3
08384 120 3
08386 72 3
08388 36 4
08389 75 1
08391 67 2
08392 47 0
08394 45 2
08395 96 1
08398 72 3
08399 95 1
08401 48 0
08403 86 2
08404 52 0
08406 86 6
08408 144 2
08409 48 2
08410 76 2
08412 65 3
08413 48 0
08414 38 1
08415 50 3
08416 56 2
08417 47 5
08418 125 2
08419 48 2
08420 31 6
08422 85 3
08423 35 3
08424 48 4
08425 47 2
08427 53 1
08428 48 4
08432 34 0
08434 58 6
08437 71 0
08438 72 1
08439 212 0
08442 48 0
08443 62 0
08444 121 4
08446 287 1
08447 48 4
08449 45 3
08452 90 2
08454 23 0
08455 73 2
08456 93 2
08459 119 1
08460 60 3
08461 47 6
08462 120 3
08463 162 1
08464 48 2
08465 100 6
08467 56 4
08468 48 4
08469 47 2
08470 125 1
08471 96 0
08473 55 3
08475 28 3
08476 96 2
08477 48 3
08478 118 1
08480 72 3
08481 72 1
08483 167 1
08484 95 2
08486 106 3
08487 143 2
08489 47 0
08491 38 2
08493 48 4
08494 27 1
08495 47 6
08496 78 2
08498 48 2
08499 160 3
08500 55 3
08501 48 0
08503 145 1
08505 69 3
08507 123 1
08508 48 1
08510 76 1
08512 48 6
08514 27 2
08515 37 3
08517 72 4
08518 120 0
08519 68 0
08521 110 0
08523 167 1
08524 48 2
08526 48 0
08531 48 0
08532 72 0
08533 72 2
08534 71 0
08537 89 1
08539 51 6
08540 150 1
08542 66 2
08543 72 4
08544 155 3
08545 48 6
08546 118 1
08547 72 1
08548 47 2
08549 132 1
08550 96 2
08551 96 2
08552 48 3
08553 55 2
08554 78 1
08558 83 0
08559 45 2
08560 55 4
08561 94 1
08563 27 4
08564 51 3
08565 96 2
08566 52 6
08567 108 6
08568 48 3
08569 70 4
08570 48 0
08574 26 1
08575 35 1
08576 69 4
08577 70 3
08578 58 4
08580 110 2
08581 56 2
08582 119 3
08583 50 3
08584 73 2
08585 48 2
08588 48 0
08589 91 4
08592 191 4
08593 48 0
08594 72 1
08596 168 3
08598 29 0
08600 59 4
08605 86 2
08606 96 1
08607 133 3
08608 27 1
08610 36 4
08611 68 3
08612 48 1
08613 60 3
08614 75 6
08618 38 4
08620 48 0
08621 72 0
08622 48 0
08623 60 1
08625 123 0
08626 89 4
08627 71 1
08628 77 6
08631 47 1
08632 124 2
08634 80 1
08635 97 0
08636 100 4
08637 32 4
08638 75 3
08639 98 0
08640 48 0
08641 120 0
08643 25 3
08644 48 2
08645 75 0
08647 119 2
08649 145 1
08650 70 0
08651 49 1
08652 60 3
08653 95 2
08654 48 0
08656 48 3
08657 200 2
08658 48 6
08660 48 1
08662 84 2
08663 24 4
08665 72 2
08669 120 4
08670 50 3
08671 303 1
08672 96 2
08673 48 6
08677 36 4
08678 46 6
08679 72 2
08680 48 4
08681 49 0
08682 111 4
08683 190 2
08684 69 5
08685 47 6
08686 115 5
08687 47 4
08688 47 3
08689 45 2
08690 72 4
08692 44 0
08697 53 0
08698 98 3
08699 145 2
08701 71 3
08702 119 2
08703 71 6
08704 48 2
08706 32 4
08707 43 4
08708 47 3
08709 95 0
08710 257 3
08711 48 3
08713 110 4
08714 119 2
08715 96 2
08717 70 1
08718 41 0
08719 36 4
08720 74 0
08721 66 3
08723 72 2
08724 48 3
08726 140 6
08727 48 4
08728 146 1
08729 71 3
08730 53 6
08731 48 2
08732 144 2
08733 72 2
08734 44 2
08735 48 1
08738 48 2
08739 72 2
08741 72 0
08742 72 4
08746 72 0
08747 36 2
08748 34 1
08749 72 3
08750 48 2
08752 47 2
08755 72 3
08758 71 1
08759 72 0
08760 141 1
08761 47 5
08762 72 0
08763 59 2
08765 48 0
08766 38 4
08767 95 1
08768 96 2
08769 122 1
08770 32 3
08773 168 0
08774 72 0
08779 74 0
08780 48 2
08782 166 1
08783 100 0
08784 62 1
08785 54 4
08786 23 3
08788 48 0
08789 70 1
08790 81 2
08791 84 0
08794 47 0
08795 49 6
08796 24 3
08797 77 1
08799 32 4
08800 129 2
08801 47 4
08802 96 1
08803 113 3
08804 52 4
08805 71 2
08806 47 4
08807 72 2
08809 45 6
08810 72 2
08812 98 2
08813 54 2
08814 36 6
08816 68 3
08817 96 0
08818 25 4
08819 62 6
08821 55 4
08822 85 3
08823 72 1
08824 48 0
08825 144 2
08826 48 2
08827 95 2
08828 96 1
08829 63 6
08830 48 4
08832 72 0
08833 71 3
08834 120 2
08835 54 4
08837 96 3
08838 96 1
08839 24 4
08840 48 0
08841 48 3
08842 177 1
08843 103 2
08844 126 2
08845 48 0
08846 107 0
08847 95 2
08848 52 3
08850 71 2
08851 72 0
08852 72 3
08853 46 2
08854 118 2
08856 75 3
08858 72 0
08860 71 2
08861 68 4
08862 48 2
08863 49 2
08866 125 1
08867 32 1
08868 24 4
08869 72 1
08870 172 2
08871 50 0
08872 143 2
08874 98 2
08875 48 6
08876 72 3
08877 72 2
08880 71 1
08881 91 0
08882 135 3
08883 48 2
08885 48 2
08886 72 2
08887 149 3
08888 53 2
08889 48 4
08891 35 3
08892 144 2
08894 72 1
08896 96 1
08897 36 6
08899 48 0
08901 120 1
08902 72 1
08904 48 1
08905 65 4
08906 145 6
08907 60 0
08908 48 0
08912 72 2
08916 72 2
08919 24 2
08920 48 2
08921 71 2
08922 48 2
08924 48 2
08925 143 0
08926 144 2
08929 74 1
08930 144 0
08931 95 0
08932 72 2
08933 55 2
08934 143 2
08937 95 2
08938 144 1
08940 30 2
08942 28 6
08944 133 1
08946 48 2
08947 47 1
08948 17 4
08949 69 3
08951 72 0
08952 47 4
08958 101 0
08959 144 1
08960 47 1
08961 48 1
08962 119 3
08964 60 0
08965 60 2
08967 46 4
08968 80 1
08969 57 4
08970 71 0
08971 112 1
08972 114 2
08974 36 6
08976 48 2
08982 90 3
08984 81 2
08985 107 4
08986 48 1
08987 48 3
08989 143 2
08990 198 4
08991 24 0
08992 72 2
08994 47 0
08996 48 2
08998 274 1
09000 71 1
09001 199 1
09003 24 4
09005 46 3
09006 120 0
09007 24 4
09008 191 0
09009 54 2
09010 97 6
09011 95 0
09012 60 0
09013 57 4
09015 96 1
09017 47 3
09020 41 3
09021 120 3
09023 48 0
09024 82 0
09025 59 1
09026 23 2
09028 64 3
09030 52 3
09033 59 2
09034 47 1
09037 96 3
09038 238 2
09039 72 3
09040 94 1
09041 47 3
09042 72 4
09043 191 2
09044 48 0
09045 72 2
09046 72 3
09047 48 2
09049 47 4
09050 200 1
09052 72 0
09053 90 3
09054 96 2
09055 46 3
09056 48 1
09057 44 3
09058 96 2
09059 71 2
09061 72 4
09062 104 0
09063 54 3
09065 96 3
09066 60 0
09068 110 2
09069 89 2
09070 95 2
09071 74 3
09072 144 3
09073 72 3
09074 48 3
09075 73 3
09076 48 3
09077 71 0
09079 48 0
09082 73 0
09084 47 0
09086 62 0
09087 68 6
09088 95 2
09089 48 0
09090 36 2
09091 215 2
09092 40 1
09095 53 3
09097 48 4
09098 109 1
09099 46 3
09100 65 0
09103 48 2
09104 194 5
09105 103 3
09106 72 3
09107 134 4
09110 96 1
09111 82 3
09112 120 4
09113 72 1
09115 47 2
09116 74 0
09117 83 0
09118 167 2
09119 47 4
09120 100 4
09121 96 0
09122 70 1
09123 78 3
09124 48 0
09125 47 2
09126 55 1
09127 85 0
09129 228 1
09130 48 3
09131 95 2
09133 35 3
09135 52 0
09136 43 6
09137 35 0
09138 48 1
09141 120 1
09142 96 3
09144 191 2
09145 50 1
09146 96 2
09153 45 3
09155 73 6
09156 47 0
09157 49 4
09158 70 0
09159 48 0
09162 126 1
09163 91 0
09164 39 4
09166 72 4
09167 72 4
09168 52 0
09169 41 0
09170 48 2
09173 48 2
09174 72 2
09175 70 2
09176 88 3
09179 109 0
09180 152 1
09182 70 2
09184 162 1
09185 72 0
09186 50 1
09187 105 0
09188 69 1
09189 75 2
09190 69 4
09192 52 4
09193 75 3
09194 53 1
09195 64 0
09196 48 0
09197 50 4
09199 84 4
09202 72 4
09203 48 0
09204 96 2
09205 144 2
09206 48 4
09207 56 3
09209 43 1
09210 39 0
09211 72 2
09212 94 1
09216 47 1
09217 24 0
09220 72 5
09221 192 1
09222 38 3
09223 69 6
09224 28 3
09225 56 4
09228 72 1
09229 48 0
09230 49 2
09231 74 4
09232 47 2
09233 59 0
09236 99 4
09237 116 1
09242 109 3
09244 72 1
09245 72 2
09247 113 1
09250 47 1
09251 48 4
09252 75 1
09255 37 3
09256 120 0
09258 64 0
09259 48 2
09260 71 0
09261 65 6
09262 68 4
09263 31 2
09265 48 6
09266 95 2
09268 48 4
09269 143 0
09271 59 1
09272 72 2
09274 187 4
09275 90 0
09277 47 0
09278 119 1
09280 96 2
09281 48 1
09283 54 2
09284 32 4
09285 69 3
09286 72 0
09287 120 4
09289 48 1
09291 587 3
09292 26 2
09293 96 0
09294 100 4
09295 61 1
09297 58 4
09298 60 3
09299 59 2
09300 167 1
09301 48 1
09302 138 6
09303 72 0
09304 48 2
09305 47 6
09306 229 1
09307 100 0
09308 40 2
09309 33 0
09310 36 3
09311 48 1
09312 30 1
09313 32 0
09314 48 3
09315 57 3
09318 72 1
09320 47 5
09321 71 3
09323 48 1
09324 36 4
09325 58 4
09326 32 3
09327 71 0
09329 48 1
09330 72 2
09331 66 1
09332 25 3
09333 106 1
09334 48 3
09340 45 6
09342 48 4
09343 24 0
09344 48 2
09345 116 2
09346 71 2
09347 96 1
09348 72 2
09349 48 2
09352 62 3
09353 47 1
09354 72 0
09355 77 4
09356 47 4
09357 124 4
09360 72 0
09362 72 2
09363 96 4
09364 95 2
09365 118 0
09366 62 0
09367 75 0
09368 60 3
09369 20 1
09370 72 1
09371 140 3
09372 138 2
09373 61 3
09374 71 2
09376 63 2
09377 50 2
09378 175 1
09379 72 1
09380 47 2
09381 84 4
09383 70 4
09384 48 3
09385 72 2
09386 71 0
09387 48 2
09388 63 0
09389 44 3
09390 72 2
09391 144 3
09392 48 6
09393 91 2
09394 48 2
09395 45 4
09396 51 0
09397 75 2
09399 48 0
09400 63 2
09401 71 3
09402 48 0
09403 96 2
09404 35 0
09405 48 2
09406 71 2
09407 95 3
09408 68 4
09409 48 0
09411 160 2
09413 72 1
09418 95 0
09419 96 2
09420 50 6
09422 48 0
09423 20 3
09424 40 3
09425 48 0
09426 62 2
09427 71 2
09430 80 2
09433 48 3
09434 70 2
09436 61 4
09438 61 3
09439 48 2
09440 26 6
09441 49 1
09443 48 2
09444 80 0
09446 37 0
09448 48 3
09450 72 1
09451 48 3
09454 47 2
09455 152 1
09456 126 1
09457 50 6
09458 48 1
09459 71 2
09462 48 0
09463 72 2
09465 79 2
09466 72 6
09467 139 1
09469 72 0
09470 48 0
09471 96 2
09472 46 0
09473 60 6
09474 117 2
09475 48 4
09476 95 4
09477 72 2
09478 85 0
09480 144 4
09482 48 2
09484 214 2
09485 48 4
09487 89 4
09488 72 3
09489 144 2
09490 48 2
09491 72 2
09492 56 3
09493 119 2
09494 153 6
09495 72 2
09496 110 4
09499 72 2
09501 75 1
09503 161 2
09504 166 0
09505 96 0
09506 60 4
09507 168 2
09508 160 3
09509 72 2
09510 102 3
09511 72 0
09512 41 4
09513 71 2
09516 168 4
09517 96 2
09518 62 0
09519 48 0
09520 72 1
09521 47 0
09522 41 6
09523 67 4
09524 72 1
09526 140 2
09531 48 2
09533 50 2
09534 144 3
09536 46 2
09539 76 4
09541 71 2
09542 99 0
09543 78 3
09544 144 4
09545 66 1
09546 48 2
09547 90 1
09548 119 0
09549 51 6
09550 141 2
09551 120 2
09552 72 2
09553 96 3
09554 47 0
09558 53 4
09559 159 2
09562 116 3
09563 79 0
09565 90 1
09567 70 0
09568 75 2
09569 48 0
09571 60 6
09572 24 4
09573 101 3
09574 120 1
09575 94 2
09576 48 3
09577 72 4
09578 52 2
09580 72 4
09583 87 1
09584 50 3
09585 79 2
09590 55 6
09591 24 5
09594 79 3
09595 140 0
09596 47 3
09597 92 6
09598 64 3
09599 166 4
09600 48 4
09601 65 0
09602 96 0
09603 167 3
09604 84 0
09605 48 4
09606 120 0
09608 194 2
09609 137 1
09610 23 1
09613 75 2
09614 146 2
09618 100 3
09619 95 0
09621 56 2
09622 96 0
09623 72 2
09624 72 0
09625 86 4
09626 85 1
09629 55 4
09630 100 3
09632 187 3
09633 96 2
09634 108 3
09636 48 0
09639 95 0
09640 59 0
09641 49 0
09642 66 2
09643 72 3
09644 47 6
09645 70 6
09646 92 2
09648 48 0
09649 45 0
09651 58 2
09652 72 1
09653 71 1
09654 48 3
09655 96 0
09656 32 6
09660 72 0
09661 69 2
09662 48 0
09664 60 0
09665 119 3
09667 191 4
09669 86 3
09670 23 2
09671 46 4
09672 48 2
09674 106 4
09676 48 4
09678 48 4
09681 44 1
09682 155 1
09683 48 1
09684 72 2
09685 81 2
09686 66 0
09687 40 4
09688 108 2
09689 48 2
09690 96 3
09691 25 2
09693 48 2
09696 119 2
09697 72 3
09699 72 0
09700 211 1
09701 75 2
09702 150 0
09703 123 3
09705 48 4
09706 96 3
09707 119 1
09708 37 6
09712 143 3
09713 120 2
09714 48 3
09715 47 2
09716 26 4
09717 64 6
09718 83 0
09719 72 1
09720 48 2
09721 117 3
09722 95 0
09725 72 3
09726 142 0
09727 143 0
09728 96 6
09729 43 3
09730 72 2
09733 86 2
09735 19 4
09736 51 3
09737 61 4
09739 310 0
09741 72 0
09742 86 1
09744 56 0
09745 29 3
09746 47 5
09747 48 0
09749 40 3
09750 72 2
09751 71 2
09752 47 0
09753 133 1
09754 72 0
09755 119 3
09756 48 4
09757 24 3
09759 120 1
09761 72 2
09762 72 2
09763 101 0
09765 57 0
09767 97 1
09768 94 3
09769 48 2
09770 48 4
09771 158 0
09776 72 0
09778 43 0
09779 48 3
09780 67 0
09781 24 2
09782 59 2
09783 47 0
09785 57 4
09786 72 2
09787 24 3
09788 54 3
09791 48 2
09794 48 2
09795 47 6
09796 44 2
09798 24 0
09799 121 6
09800 24 3
09801 96 3
09802 47 2
09803 72 2
09804 119 1
09807 72 4
09808 48 4
09809 65 2
09811 45 3
09812 29 4
09813 63 3
09814 84 2
09816 48 0
09817 72 3
09819 144 3
09820 143 1
09821 118 3
09822 200 0
09823 83 3
09826 119 0
09827 61 4
09828 48 0
09830 119 6
09831 109 0
09832 48 2
09833 167 2
09834 48 4
09835 45 6
09836 43 6
09838 96 3
09839 50 0
09841 53 0
09842 38 1
09843 51 1
09847 89 2
09848 56 3
09849 39 3
09850 135 0
09851 50 4
09854 132 2
09855 70 2
09857 48 3
09858 48 3
09859 96 2
09862 120 2
09863 122 3
09864 48 2
09866 73 0
09867 127 1
09868 68 3
09869 52 2
09870 82 3
09873 48 3
09877 71 2
09878 96 2
09880 120 2
09881 48 1
09882 120 2
09883 48 2
09884 72 0
09885 94 2
09888 96 0
09889 63 6
09890 72 2
09892 253 1
09893 79 1
09894 41 6
09896 163 2
09900 81 4
09902 94 4
09903 63 3
09904 47 3
09905 48 4
09906 96 1
09907 68 0
09908 48 0
09909 23 5
09910 106 2
09911 108 3
09912 72 0
09914 66 0
09915 72 0
09916 56 2
09917 71 0
09918 99 1
09920 48 0
09921 104 2
09922 66 2
09923 84 2
09924 44 0
09925 96 0
09926 48 6
09927 96 2
09929 48 2
09930 50 4
09932 95 3
09933 52 3
09934 73 4
09935 48 0
09936 48 2
09937 40 6
09938 33 3
09939 124 3
09940 72 2
09941 96 3
09942 48 0
09943 57 0
09945 52 4
09946 48 2
09947 48 0
09951 43 0
09952 68 2
09953 72 2
09954 60 2
09955 79 0
09957 96 4
09958 44 6
09959 48 3
09962 86 6
09964 119 2
09965 27 3
09967 72 3
09970 111 0
09971 50 0
09972 48 2
09973 46 1
09974 84 1
09975 108 0
09976 48 2
09977 70 1
09979 52 4
09982 46 2
09985 48 0
09987 48 1
09988 65 2
09990 76 3
09992 107 6
09993 38 1
09995 48 0
09996 72 6
09997 88 1
09998 40 1
09999 79 6
10001 120 2
10002 71 0
10003 136 2
10005 47 3
10006 95 2
10007 48 0
10008 70 3
10010 78 4
10011 47 1
10012 71 2
10014 48 3
10016 67 4
10017 48 2
10018 71 3
10020 48 4
10022 129 0
10024 38 2
10025 77 2
10026 48 0
10027 62 3
10028 65 2
10029 95 0
10030 83 2
10031 67 2
10032 60 3
10033 47 1
10034 72 3
10035 75 3
10036 48 3
10038 79 3
10039 180 2
10040 71 0
10041 71 0
10042 263 1
10043 48 4
10044 85 6
10045 24 4
10046 48 3
10047 87 2
10048 40 3
10049 60 0
10051 72 0
10054 64 6
10056 35 0
10057 52 3
10058 96 3
10060 54 1
10062 95 2
10063 48 3
10064 96 3
10065 48 3
10066 66 1
10068 71 0
10069 61 3
10071 47 1
10072 24 6
10073 120 3
10074 58 1
10075 83 0
10076 65 2
10078 48 1
10080 50 3
10081 50 3
10082 197 3
10083 120 2
10084 48 0
10085 78 2
10086 24 2
10087 72 0
10088 77 1
10089 75 1
10091 62 0
10092 72 3
10093 46 4
10095 90 0
10096 59 1
10098 119 0
10099 46 2
10100 96 2
10101 72 0
10102 24 2
10103 52 2
10105 71 0
10106 48 2
10107 135 0
10110 80 1
10111 48 3
10113 48 2
10114 72 2
10115 192 2
10116 48 4
10117 55 2
10119 79 2
10120 72 1
10122 215 3
10123 95 0
10125 96 1
10126 72 1
10127 120 0
10132 72 2
10135 41 0
10136 86 3
10140 41 0
10141 76 3
10142 153 1
10143 94 1
10144 39 0
10146 48 6
10148 101 4
10149 38 3
10150 111 2
10151 90 0
10152 72 2
10153 46 1
10155 169 1
10156 96 0
10157 94 4
10159 143 1
10160 56 3
10161 43 4
10162 64 2
10163 168 2
10164 32 6
10166 67 0
10167 72 3
10168 24 2
10169 68 0
10170 48 3
10171 48 0
10173 137 0
10174 96 3
10176 67 0
10177 66 2
10179 38 0
10180 68 3
10181 33 0
10182 219 3
10184 72 3
10185 48 6
10186 43 5
10187 578 2
10189 48 4
10190 51 4
10191 120 0
10192 70 2
10193 58 3
10194 48 2
10195 70 0
10196 63 2
10198 72 3
10199 92 4
10200 35 6
10201 48 4
10202 48 4
10203 47 3
10204 84 2
10205 48 0
10207 37 3
10209 36 5
10211 48 3
10212 84 2
10213 120 4
10215 48 2
10216 42 2
10217 108 2
10218 72 2
10220 287 1
10222 96 0
10223 117 2
10224 72 1
10225 39 3
10226 49 4
10228 49 6
10229 45 0
10230 129 2
10232 72 2
10233 72 2
10234 50 1
10235 44 3
10236 50 2
10237 96 2
10240 48 4
10241 72 2
10243 41 0
10244 48 0
10245 47 4
10247 75 3
10248 191 3
10249 36 2
10251 48 2
10252 96 6
10254 60 4
10255 47 3
10256 120 2
10257 64 3
10258 62 1
10262 30 2
10263 71 2
10264 120 2
10265 61 4
10267 48 2
10268 71 3
10273 72 3
10274 48 1
10276 60 4
10277 86 1
10279 82 4
10280 39 4
10282 37 0
10284 36 6
10285 43 2
10287 75 4
10288 48 4
10290 77 3
10292 72 3
10294 318 1
10296 46 2
10297 321 1
10298 48 2
10299 72 1
10300 47 3
10303 127 0
10304 71 0
10307 79 0
10308 37 0
10309 193 0
10310 63 3
10311 72 0
10312 26 6
10313 90 1
10314 72 0
10317 847 1
10318 69 2
10319 62 3
10320 95 1
10321 48 2
10324 38 0
10325 96 2
10327 72 1
10328 60 2
10330 57 2
10331 96 4
10332 70 3
10333 90 0
10334 100 4
10336 106 4
10337 48 3
10340 58 1
10341 70 1
10343 120 2
10344 175 4
10345 72 4
10346 26 0
10347 48 0
10349 74 3
10350 96 3
10351 95 4
10352 120 2
10353 132 4
10354 83 1
10355 40 0
10356 112 3
10357 48 3
10358 48 1
10359 93 2
10361 72 1
10362 48 0
10365 48 0
10366 24 4
10367 36 2
10368 48 3
10369 95 2
10372 48 1
10374 96 2
10378 96 3
10380 165 2
10381 48 0
10382 48 4
10383 104 0
10384 48 0
10387 72 3
10388 103 0
10389 38 4
10390 64 6
10391 120 0
10392 24 4
10393 68 2
10394 140 0
10395 172 1
10397 50 3
10398 72 4
10399 19 3
10401 48 0
10402 179 1
10403 71 4
10404 75 1
10405 134 1
10406 375 0
10407 48 3
10408 68 2
10409 57 0
10410 72 3
10411 70 2
10412 50 4
10414 47 2
10415 71 4
10416 96 2
10417 67 2
10418 112 0
10420 90 2
10421 71 1
10422 50 4
10424 120 0
10425 72 2
10426 96 0
10427 72 3
10428 504 3
10429 48 1
10431 50 2
10432 167 0
10434 42 2
10435 47 0
10437 150 2
10438 47 2
10440 119 3
10442 42 1
10444 94 3
10445 144 4
10446 48 3
10447 48 3
10449 72 2
10450 71 2
10451 35 2
10452 48 1
10453 48 2
10454 72 2
10456 48 4
10457 150 6
10458 120 2
10459 47 6
10461 65 6
10462 126 2
10463 119 2
10464 119 2
10465 71 2
10467 130 2
10468 48 0
10469 108 0
10471 63 0
10472 89 0
10474 73 6
10475 141 3
10476 30 5
10477 118 2
10479 48 3
10480 97 4
10482 47 4
10483 48 0
10484 48 1
10486 55 1
10487 263 2
10488 72 3
10489 48 0
10490 107 2
10491 41 0
10492 95 1
10494 124 3
10495 250 0
10496 71 2
10497 48 2
10499 121 3
10501 72 2
10502 95 1
10503 48 4
10504 72 1
10505 59 0
10506 79 3
10508 64 6
10509 57 4
10510 78 4
10511 167 1
10512 72 0
10513 72 0
10515 61 4
10516 47 0
10517 47 6
10518 72 0
10519 72 1
10520 88 1
10521 72 0
10522 86 1
10525 250 2
10526 47 1
10528 120 1
10530 96 1
10531 50 2
10532 111 4
10534 40 2
10535 24 2
10537 72 2
10538 49 3
10539 84 1
10540 96 3
10541 318 4
10542 72 2
10545 72 2
10546 24 3
10547 108 3
10548 71 2
10549 44 3
10550 72 6
10551 35 3
10552 60 0
10553 53 0
10554 48 0
10555 95 0
10556 60 4
10557 72 2
10558 96 2
10559 71 1
10561 120 4
10562 50 1
10564 31 0
10565 47 6
10566 44 3
10567 71 6
10569 41 0
10570 35 3
10572 48 2
10573 96 3
10574 69 0
10575 87 6
10576 30 6
10578 48 0
10579 48 4
10580 96 0
10581 24 3
10582 47 4
10583 92 1
10584 124 6
10585 48 2
10586 139 1
10587 45 0
10588 24 6
10589 50 0
10591 120 0
10592 46 2
10594 25 3
10595 71 6
10596 25 0
10597 72 3
10598 239 0
10599 48 6
10601 48 3
10602 198 2
10603 58 2
10604 38 4
10606 44 4
10607 43 2
10608 101 1
10613 71 3
10615 48 0
10616 82 2
10620 96 4
10621 48 2
10622 57 2
10623 73 3
10625 76 3
10626 72 6
10627 31 6
10628 83 1
10629 55 4
10632 63 4
10633 48 2
10634 96 2
10635 48 0
10636 72 3
10637 72 2
10638 93 0
10639 62 3
10640 174 0
10642 71 2
10643 60 4
10644 49 1
10645 119 1
10646 551 1
10647 96 2
10648 24 3
10650 75 1
10651 48 4
10652 75 0
10653 96 2
10654 89 1
10655 32 1
10658 47 2
10659 232 1
10661 72 0
10662 95 3
10664 72 3
10665 88 2
10666 96 2
10668 71 4
10669 70 4
10670 72 4
10671 191 2
10672 48 0
10673 45 5
10674 48 3
10677 39 0
10678 48 1
10680 56 3
10681 96 2
10683 96 2
10685 72 2
10686 74 6
10688 48 3
10693 53 4
10694 48 1
10696 26 0
10697 95 1
10698 34 3
10699 120 2
10700 78 3
10701 47 4
10704 24 4
10705 47 2
10707 35 1
10708 29 1
10709 77 4
10710 41 4
10712 44 0
10713 71 1
10715 58 3
10716 90 2
10717 24 3
10718 72 4
10719 47 2
10722 95 6
10723 40 2
10724 167 0
10726 91 2
10728 48 1
10729 40 4
10730 37 2
10732 71 2
10734 48 2
10736 48 4
10737 70 1
10739 38 1
10741 48 2
10742 190 1
10743 70 0
10745 48 3
10746 48 2
10747 45 0
10748 134 2
10749 71 3
10750 73 6
10751 63 2
10753 49 2
10755 115 2
10756 56 3
10757 130 3
10758 48 2
10759 63 3
10760 96 2
10762 72 2
10763 48 0
10764 271 3
10766 92 3
10767 48 1
10768 192 2
10769 214 2
10770 99 4
10771 98 3
10772 44 6
10773 47 1
10775 57 0
10778 48 3
10779 158 1
10780 95 1
10784 72 0
10785 51 1
10786 72 3
10787 50 3
10788 128 1
10789 119 1
10791 117 0
10793 99 1
10794 72 0
10795 70 1
10796 29 2
10797 51 3
10798 131 6
10799 61 0
10800 47 4
10802 68 2
10804 110 2
10805 89 3
10806 143 4
10808 216 6
10809 64 3
10810 50 4
10811 61 3
10813 48 0
10814 61 2
10815 141 6
10816 47 0
10817 47 2
10818 48 1
10820 95 1
10821 94 1
10825 71 2
10826 48 1
10828 75 1
10829 71 0
10831 52 3
10832 120 4
10833 48 4
10834 71 2
10835 95 2
10836 120 2
10837 41 1
10838 48 0
10839 48 0
10841 75 0
10842 15 6
10843 47 4
10844 72 3
10845 72 2
10847 118 0
10848 96 6
10849 96 2
10850 78 2
10852 44 0
10855 14 6
10856 43 4
10857 48 3
10858 121 1
10859 95 0
10860 44 6
10862 72 1
10863 130 1
10865 49 4
10866 24 3
10867 144 1
10869 48 0
10870 46 0
10871 84 3
10872 56 6
10873 96 2
10875 96 2
10876 96 2
10877 84 2
10880 191 2
10881 48 2
10882 47 3
10883 113 4
10884 48 0
10885 96 3
10888 72 1
10889 143 2
10890 72 4
10892 73 1
10893 96 2
10895 50 6
10896 48 2
10897 50 6
10898 95 4
10900 207 1
10901 143 1
10902 71 4
10905 95 3
10906 91 5
10907 35 2
10908 146 5
10909 61 0
10910 144 2
10911 35 0
10913 64 1
10915 38 3
10917 72 3
10918 48 0
10921 94 6
10922 114 2
10923 97 2
10924 39 3
10925 48 0
10927 69 2
10928 25 6
10929 48 4
10930 31 4
10931 24 4
10932 123 1
10933 95 1
10934 90 2
10936 38 2
10937 96 1
10938 67 3
10939 72 2
10940 90 0
10941 56 2
10942 71 0
10943 111 2
10946 47 4
10947 123 5
10949 43 0
10950 48 3
10951 48 2
10955 83 3
10956 96 2
10958 48 2
10959 96 2
10961 48 4
10962 48 1
10963 72 3
10964 46 6
10965 131 3
10968 92 3
10969 54 0
10970 50 0
10971 48 6
10973 72 0
10974 72 4
10976 29 2
10978 72 2
10980 48 2
10981 51 4
10983 144 2
10984 96 2
10985 37 0
10986 86 1
10987 72 0
10988 48 4
10989 36 3
10990 125 2
10991 62 0
10992 72 3
10994 178 0
10995 56 0
10997 178 0
10999 48 6
11000 48 3
11002 143 3
11003 48 4
11004 200 2
11005 72 4
11006 48 0
11007 46 0
11009 44 3
11010 48 2
11011 45 3
11012 25 3
11013 48 4
11014 32 0
11015 71 0
11016 46 4
11017 34 1
11020 48 2
11021 51 2
11022 46 0
11024 61 1
11025 55 3
11026 408 1
11027 81 4
11028 48 2
11030 48 4
11033 48 0
11034 84 0
11035 84 3
11037 100 1
11039 48 0
11040 166 2
11041 127 1
11043 72 2
11044 162 4
11045 50 6
11046 62 4
11047 134 3
11048 43 2
11049 156 4
11050 96 0
11051 50 6
11055 24 3
11058 109 1
11059 65 0
11060 48 2
11061 118 0
11062 144 2
11063 215 2
11064 50 0
11065 78 2
11068 142 2
11069 86 3
11072 60 4
11073 143 2
11075 58 6
11076 75 0
11077 100 1
11078 70 2
11079 120 3
11080 59 0
11081 48 2
11082 48 5
11084 119 2
11085 65 3
11086 48 0
11087 75 6
11089 72 3
11090 69 1
11094 48 1
11095 72 2
11096 100 2
11097 76 0
11099 96 4
11100 68 1
11102 47 0
11103 48 2
11104 96 1
11107 72 3
11108 72 1
11111 48 1
11113 67 0
11116 17 4
11117 58 4
11118 34 4
11119 48 2
11120 72 1
11121 60 2
11122 48 2
11123 48 2
11126 59 3
11127 84 1
11128 95 1
11129 48 4
11130 18 6
11131 46 3
11132 168 1
11134 72 0
11138 189 2
11139 93 0
11141 72 4
11142 105 2
11143 120 2
11145 54 0
11147 155 0
11148 72 1
11151 144 3
11152 70 0
11155 47 1
11156 48 2
11158 32 3
11159 70 0
11160 23 4
11161 60 2
11162 96 0
11164 48 1
11165 48 1
11166 121 2
11167 112 2
11169 95 1
11172 69 0
11173 80 0
11174 72 6
11175 50 4
11176 82 2
11177 107 0
11179 47 0
11180 48 0
11181 24 3
11185 50 4
11186 72 2
11187 39 0
11188 50 3
11191 66 3
11192 100 2
11193 77 3
11195 96 0
11197 48 4
11198 48 0
11199 48 2
11202 77 1
11203 49 4
11204 95 6
11206 24 0
11207 48 0
11208 64 2
11211 48 2
11212 24 0
11213 72 0
11214 36 2
11216 72 0
11217 56 2
11218 82 1
11220 56 3
11221 93 6
11223 95 1
11224 96 3
11225 95 0
11226 49 0
11229 167 1
11230 105 3
11231 62 0
11232 99 4
11233 60 1
11234 70 3
11236 168 4
11237 48 2
11238 72 1
11239 192 6
11241 67 3
11242 75 3
11243 36 6
11244 59 4
11246 48 2
11248 44 4
11250 48 2
11251 69 2
11252 23 4
11253 47 4
11254 119 2
11255 72 2
11256 95 4
11257 72 2
11258 264 0
11259 48 1
11260 48 1
11261 88 1
11262 85 1
11263 48 1
11264 32 3
11265 142 0
11266 48 2
11267 39 4
11268 77 0
11269 72 2
11270 72 1
11271 69 2
11272 68 0
11273 48 0
11274 120 0
11276 96 4
11277 55 2
11279 36 6
11280 48 2
11281 50 4
11282 59 3
11283 71 2
11285 46 0
11287 192 2
11288 62 2
11289 48 3
11290 108 2
11292 42 3
11293 48 2
11295 84 2
11296 47 0
11297 64 0
11299 80 1
11300 48 2
11301 165 1
11302 48 6
11303 47 6
11306 48 3
11307 63 1
11308 52 0
11309 46 4
11312 72 1
11315 142 2
11317 48 0
11318 48 3
11319 59 2
11321 96 3
11322 144 3
11324 84 2
11325 48 2
11326 73 2
11327 50 4
11331 28 1
11333 167 1
11336 72 6
11339 475 0
11340 46 3
11341 84 4
11342 119 2
11344 120 1
11345 48 1
11347 72 4
11348 168 1
11349 175 2
11350 48 4
11351 72 6
11353 108 4
11354 45 4
11356 113 0
11357 95 2
11358 60 0
11359 48 3
11363 50 0
11364 94 1
11365 115 4
11366 30 0
11367 32 4
11368 96 3
11369 96 2
11370 299 4
11371 37 3
11372 40 2
11373 24 4
11374 48 0
11376 48 2
11377 67 1
11378 72 1
11379 125 2
11383 60 0
11384 96 0
11385 57 6
11386 38 0
11387 48 4
11389 72 1
11390 40 2
11395 47 3
11396 24 2
11400 27 4
11401 29 4
11402 72 1
11404 67 4
11405 59 4
11406 150 2
11407 72 3
11408 15 4
11409 74 0
11410 72 0
11411 63 2
11412 48 0
11413 95 1
11414 51 2
11415 119 0
11418 47 2
11419 48 3
11421 37 2
11422 72 0
11423 96 2
11424 41 4
11425 72 2
11426 87 6
11428 190 1
11429 95 3
11430 135 1
11432 86 1
11434 37 0
11435 48 2
11436 72 2
11437 82 3
11438 133 0
11439 72 2
11441 71 0
11444 78 1
11445 72 3
11447 118 1
11450 94 1
11451 68 0
11452 36 2
11453 47 1
11454 182 2
11455 41 1
11456 71 0
11457 48 2
11458 62 3
11459 126 3
11460 84 1
11461 94 0
11464 43 0
11465 48 2
11466 50 1
11467 60 0
11468 138 1
11469 48 2
11472 48 1
11473 71 0
11474 24 2
11475 72 0
11476 54 4
11477 41 2
11478 99 3
11479 33 4
11481 47 2
11482 168 2
11483 52 3
11484 65 2
11485 123 1
11487 96 3
11489 72 3
11490 71 3
11491 25 2
11492 95 1
11494 124 0
11495 64 6
11496 84 4
11497 75 1
11499 119 1
11500 48 0
11501 100 1
11503 48 2
11504 70 2
11506 79 2
11507 48 0
11508 72 1
11509 96 0
11510 34 6
11512 69 6
11517 172 1
11520 50 3
11521 340 1
11522 72 4
11523 72 2
11525 72 1
11526 48 2
11528 72 1
11529 95 2
11530 42 3
11533 56 3
11535 72 3
11537 173 0
11538 120 0
11539 69 2
11540 72 2
11541 96 3
11543 72 4
11544 47 1
11545 57 4
11546 48 4
11547 49 0
11548 79 2
11549 48 1
11550 94 2
11551 48 0
11552 58 3
11553 88 6
11554 38 0
11555 165 1
11556 72 3
11557 35 3
11558 48 2
11559 44 6
11560 58 4
11563 133 6
11564 95 0
11565 48 3
11566 96 4
11567 144 2
11568 96 0
11569 96 0
11570 103 1
11571 100 0
11575 109 6
11576 48 2
11578 82 1
11579 26 4
11580 95 3
11581 57 2
11582 96 3
11583 50 0
11584 62 1
11585 38 4
11586 215 1
11588 48 1
11589 72 1
11590 133 3
11591 88 1
11592 48 4
11593 33 1
11594 48 3
11596 72 3
11599 122 6
11601 25 4
11604 48 0
11607 120 0
11608 47 3
11609 71 0
11610 48 3
11611 69 0
11613 120 1
11614 71 2
11615 53 0
11616 40 4
11617 72 2
11619 48 3
11620 47 4
11621 78 1
11622 48 3
11623 39 3
11626 50 4
11627 51 1
11629 72 2
11631 72 1
11632 47 4
11634 35 0
11636 48 1
11637 142 3
11638 72 1
11639 72 0
11640 72 0
11641 72 4
11642 72 3
11643 52 6
11645 104 0
11647 48 3
11648 47 2
11649 40 4
11650 47 3
11652 72 2
11654 71 3
11655 47 2
11656 24 4
11657 161 1
11658 80 0
11659 95 3
11660 144 0
11661 48 4
11663 134 1
11666 48 2
11667 72 0
11670 67 0
11671 48 2
11672 107 2
11673 38 6
11675 96 3
11676 48 1
11677 72 0
11678 84 3
11680 239 1
11682 48 2
11683 24 4
11684 96 0
11685 21 3
11686 48 0
11687 72 3
11689 54 0
11691 96 3
11692 143 3
11693 96 0
11694 85 2
11696 48 4
11697 49 3
11699 72 0
11701 47 3
11704 24 6
11705 98 1
11706 47 1
11707 46 3
11708 47 0
11710 50 4
11711 72 2
11712 54 1
11713 37 4
11714 41 3
11716 48 2
11718 48 1
11720 48 0
11721 48 6
11722 72 0
11724 48 2
11725 79 4
11727 49 3
11728 48 1
11729 96 2
11731 60 4
11733 445 2
11734 83 1
11735 192 1
11736 111 0
11738 143 3
11739 54 4
11740 68 4
11741 106 1
11742 96 0
11743 48 4
11745 36 3
11747 72 6
11748 96 2
11749 36 4
11751 46 3
11752 95 2
11753 68 4
11755 72 1
11756 88 0
11757 96 4
11758 80 2
11760 71 3
11761 215 3
11762 50 4
11765 63 4
11766 67 3
11767 144 2
11769 48 4
11770 102 1
11771 34 4
11772 59 6
11773 64 4
11774 38 3
11775 48 2
11776 48 3
11777 48 2
11779 53 0
11781 60 2
11782 71 0
11783 85 6
11784 48 3
11785 93 2
11786 99 1
11787 77 3
11789 48 1
11790 47 4
11791 72 4
11792 96 3
11796 48 2
11797 117 1
11798 48 0
11800 72 0
11801 72 2
11803 98 3
11804 72 2
11805 36 6
11806 24 4
11807 239 2
11808 72 1
11809 225 1
11810 119 1
11813 41 0
11814 24 0
11815 72 1
11816 76 3
11817 48 4
11818 152 3
11820 67 0
11821 142 3
11822 117 0
11823 86 1
11824 47 3
11825 102 3
11826 41 6
11827 120 3
11828 43 6
11830 96 2
11831 72 2
11832 75 0
11833 70 2
11834 72 1
11835 48 0
11838 83 0
11839 48 3
11840 47 2
11841 96 2
11842 72 2
11844 94 4
11845 46 0
11846 62 3
11848 71 2
11849 48 2
11853 118 0
11854 42 3
11855 117 1
11856 90 0
11857 33 1
11858 113 5
11859 100 2
11861 70 2
11862 75 1
11863 48 0
11865 36 4
11866 50 0
11867 72 2
11868 30 3
11869 52 3
11872 59 0
11873 96 3
11874 63 4
11875 71 3
11876 109 1
11877 239 1
11878 66 1
11879 95 0
11880 96 4
11882 223 1
11883 72 1
11888 42 0
11890 96 4
11891 24 0
11892 72 4
11893 72 0
11894 72 1
11895 29 4
11896 46 4
11897 48 2
11898 87 6
11900 47 2
11901 120 0
11902 79 0
11903 120 3
11905 78 6
11906 37 4
11908 120 3
11911 30 6
11912 77 4
11914 60 2
11916 99 4
11917 108 2
11918 36 3
11920 48 3
11921 81 4
11923 48 2
11924 64 1
11925 72 1
11929 48 0
11931 48 4
11932 20 4
11933 25 3
11934 68 1
11936 68 3
11940 48 1
11942 65 3
11945 96 0
11946 72 2
11947 48 2
11948 29 4
11950 48 0
11951 50 3
11954 29 2
11956 71 0
11957 48 4
11958 72 1
11959 382 2
11961 96 4
11962 104 1
11964 145 1
11966 72 2
11967 186 2
11968 119 4
11971 136 1
11973 57 3
11974 215 0
11975 47 0
11976 48 2
11977 94 1
11978 96 3
11980 71 2
11981 155 3
11982 52 6
11984 37 0
11985 141 0
11986 229 2
11988 62 0
11989 51 4
11991 46 4
11992 96 1
11993 70 3
11995 48 1
11997 65 6
11999 100 3
12001 95 2
12004 48 2
12005 95 3
12006 72 6
12007 52 3
12009 33 2
12012 72 4
12013 71 3
12014 31 4
12015 125 0
12017 48 2
12019 72 2
12020 24 4
12021 109 6
12022 96 2
12023 48 0
12025 48 4
12026 82 0
12028 48 0
12029 167 0
12032 41 4
12033 48 3
12034 72 1
12036 40 2
12038 96 0
12039 72 1
12040 96 4
12041 142 0
12042 60 6
12043 328 1
12044 120 0
12045 48 4
12047 57 1
12048 72 4
12049 46 2
12051 72 6
12053 48 2
12055 135 1
12057 68 0
12058 83 4
12059 48 6
12060 69 2
12062 47 2
12063 71 4
12066 96 1
12067 119 2
12068 73 0
12069 118 4
12071 86 1
12072 48 0
12074 48 1
12075 72 4
12077 95 6
12078 98 1
12079 68 3
12080 47 3
12081 51 3
12083 132 1
12084 120 3
12085 66 0
12086 72 1
12087 72 4
12088 48 0
12089 72 6
12090 84 2
12091 39 0
12092 47 4
12093 55 6
12094 72 0
12095 72 3
12096 72 3
12097 47 0
12098 57 2
12099 32 3
12101 105 0
12102 72 1
12103 157 1
12104 69 1
12105 48 0
12107 60 6
12108 116 1
12109 48 0
12111 105 0
12113 48 1
12114 48 0
12115 95 6
12117 55 4
12118 56 2
12119 108 1
12120 63 1
12121 72 1
12122 96 0
12125 56 6
12127 46 4
12129 56 6
12131 48 0
12132 59 3
12136 119 2
12138 141 2
12139 72 1
12141 74 6
12142 48 2
12143 48 0
12144 96 4
12145 120 4
12146 53 2
12147 35 3
12148 50 3
12149 48 4
12150 47 6
12151 81 1
12152 70 2
12153 155 0
12156 48 0
12157 72 2
12158 48 2
12159 66 4
12160 80 0
12161 72 0
12162 55 3
12166 101 4
12168 76 1
12169 110 1
12170 69 6
12173 62 0
12174 48 5
12175 50 3
12176 60 6
12177 96 0
12178 37 2
12179 103 2
12180 69 0
12182 48 0
12183 62 0
12185 120 1
12186 48 3
12187 36 1
12189 82 3
12191 118 3
12192 72 2
12193 48 6
12195 143 2
12196 96 3
12199 168 0
12200 72 2
12201 220 1
12203 47 4
12204 48 0
12205 143 2
12206 42 5
12207 72 1
12208 48 3
12209 120 2
12210 100 6
12212 74 4
12213 48 3
12214 44 1
12215 143 2
12217 91 0
12218 191 1
12220 96 2
12221 48 0
12222 50 3
12223 96 4
12224 475 0
12226 150 0
12228 59 2
12229 48 1
12230 65 3
12231 96 1
12232 156 1
12234 71 4
12236 59 0
12237 110 6
12239 40 1
12240 91 1
12241 95 0
12242 48 0
12243 239 3
12244 165 3
12245 48 0
12246 72 0
12247 33 4
12248 102 3
12249 72 5
12250 44 3
12251 110 0
12252 48 3
12253 48 2
12254 48 4
12255 96 2
12256 111 0
12258 96 2
12259 48 6
12260 96 2
12261 75 6
12262 48 0
12263 64 0
12264 40 0
12265 215 1
12266 86 2
12268 83 3
12271 120 2
12272 82 1
12273 144 0
12275 85 3
12276 72 1
12277 72 3
12279 77 1
12280 72 2
12281 72 6
12283 48 4
12285 48 0
12286 59 0
12288 48 1
12290 48 4
12291 48 3
12293 48 3
12294 191 2
12296 43 3
12297 96 0
12299 23 3
12300 48 0
12301 48 0
12302 72 0
12303 113 1
12305 72 0
12306 119 0
12307 96 2
12308 78 0
12310 64 3
12311 80 4
12312 118 1
12313 74 3
12314 76 2
12315 50 3
12316 79 4
12317 120 0
12318 47 6
12319 286 0
12320 48 6
12321 72 1
12322 65 1
12324 143 2
12325 95 0
12326 171 0
12327 72 1
12328 40 0
12329 72 1
12331 72 3
12333 48 4
12335 23 3
12337 84 2
12338 48 1
12339 62 0
12340 65 2
12341 96 1
12342 48 3
12343 24 4
12345 73 0
12346 74 1
12347 48 2
12348 50 1
12349 72 4
12350 55 2
12352 39 3
12353 72 6
12354 40 2
12355 48 2
12356 139 1
12359 56 1
12360 119 3
12363 51 1
12364 75 1
12365 120 1
12366 38 0
12368 43 6
12369 277 1
12371 119 3
12373 69 4
12375 45 0
12376 72 3
12378 100 1
12379 96 2
12381 47 0
12382 48 4
12383 24 0
12384 96 4
12385 44 3
12387 79 4
12388 71 0
12389 137 3
12390 44 1
12391 81 2
12392 83 4
12393 196 1
12394 74 5
12395 70 4
12396 48 2
12397 144 1
12398 74 4
12399 96 2
12401 144 1
12402 79 0
12403 100 1
12404 36 4
12406 48 0
12408 69 3
12409 72 0
12410 72 4
12413 81 1
12414 48 0
12415 182 3
12416 54 2
12417 90 1
12418 102 3
12419 133 1
12420 71 4
12422 122 1
12423 89 0
12424 96 2
12425 72 0
12426 92 0
12427 120 6
12428 98 4
12429 46 2
12430 96 2
12431 76 0
12432 120 3
12434 48 4
12435 199 0
12436 48 3
12437 239 2
12438 31 2
12439 150 0
12442 48 3
12443 63 2
12445 85 0
12446 192 0
12447 48 3
12448 96 2
12450 132 0
12451 226 1
12453 24 6
12454 75 1
12455 119 1
12456 37 1
12457 46 3
12459 72 3
12460 48 1
12461 56 4
12463 31 2
12464 48 3
12467 96 1
12468 38 4
12469 48 1
12470 120 0
12471 86 3
12472 53 3
12473 72 2
12474 72 1
12475 63 6
12476 98 0
12477 167 2
12478 24 1
12479 72 0
12480 166 2
12481 48 3
12482 48 1
12484 67 3
12485 45 3
12487 22 6
12488 65 5
12489 74 4
12490 72 2
12491 85 2
12492 72 0
12494 72 1
12495 75 2
12496 48 0
12498 100 0
12499 48 1
12501 76 2
12502 72 4
12503 72 0
12505 89 1
12506 143 4
12507 25 1
12508 85 3
12510 43 0
12511 44 2
12513 36 6
12516 65 0
12517 71 1
12518 72 3
12519 96 4
12520 175 0
12521 41 4
12522 49 0
12523 48 4
12525 34 6
12526 72 1
12527 70 2
12529 120 2
12530 96 6
12531 85 0
12532 86 4
12533 42 3
12535 72 2
12536 96 0
12537 55 2
12538 48 2
12539 188 1
12540 48 3
12541 96 1
12543 172 3
12547 48 6
12549 48 0
12550 71 6
12551 48 2
12553 72 0
12554 48 2
12555 44 0
12557 71 1
12558 52 4
12559 52 2
12562 48 3
12564 175 1
12565 71 0
12567 48 6
12570 75 4
12571 26 4
12573 90 2
12574 45 1
12575 74 1
12576 120 2
12577 96 0
12579 74 3
12581 70 0
12582 72 0
12586 47 4
12588 106 1
12590 48 4
12591 53 5
12593 17 3
12594 28 1
12597 42 2
12598 48 2
12600 48 4
12601 31 2
12602 46 4
12603 24 2
12604 73 3
12605 40 3
12608 94 2
12609 58 1
12610 78 1
12612 87 3
12613 47 3
12614 48 0
12617 31 1
12618 71 0
12619 107 1
12621 96 4
12623 48 1
12625 24 2
12626 39 3
12627 65 2
12628 72 0
12629 48 3
12631 115 3
12632 240 4
12635 120 4
12636 48 4
12638 48 4
12639 72 1
12642 95 0
12643 46 0
12646 191 1
12647 71 2
12649 48 1
12650 136 3
12651 12 3
12655 69 4
12659 48 3
12662 48 3
12664 48 0
12665 51 3
12667 96 4
12671 192 1
12672 120 2
12673 120 0
12675 48 4
12676 71 3
12678 75 3
12679 140 3
12681 65 1
12682 90 2
12683 38 3
12684 141 0
12685 72 2
12687 48 0
12688 107 0
12691 48 1
12693 44 1
12696 35 2
12698 74 3
12699 47 2
12701 47 4
12703 66 0
12704 48 1
12705 166 0
12706 108 3
12708 119 1
12709 49 4
12710 72 0
12713 66 0
12714 48 2
12715 80 3
12717 115 4
12719 46 4
12721 71 2
12722 48 3
12723 50 0
12725 119 3
12726 70 4
12727 58 0
12729 48 0
12730 48 0
12731 48 0
12732 72 0
12733 40 0
12734 48 2
12736 47 4
12738 48 3
12740 94 3
12741 72 2
12742 134 3
12744 53 0
12745 72 1
12746 43 4
12747 61 3
12748 119 1
12751 24 1
12752 114 1
12753 48 2
12754 96 1
12755 96 2
12756 72 2
12757 47 0
12758 63 4
12760 48 1
12761 60 3
12762 72 4
12765 48 2
12766 171 2
12767 47 2
12768 48 2
12769 71 2
12771 167 1
12772 95 0
12774 52 0
12775 37 4
12776 72 2
12777 48 4
12778 70 1
12779 48 4
12780 78 0
12781 94 1
12783 59 4
12784 68 0
12786 46 4
12787 72 1
12788 96 1
12790 49 3
12792 137 2
12793 96 0
12794 74 1
12795 72 4
12796 47 4
12797 31 4
12798 454 1
12799 47 3
12800 81 3
12801 72 0
12803 36 1
12804 84 1
12805 129 1
12806 71 4
12807 72 2
12808 48 1
12809 144 4
12810 48 5
12812 94 0
12813 38 1
12814 48 4
12815 50 1
12816 120 1
12817 48 0
12821 50 2
12822 71 4
12823 91 2
12824 70 2
12825 48 3
12826 119 0
12827 48 2
12828 72 3
12829 32 5
12830 72 2
12831 489 1
12832 191 1
12834 47 4
12835 96 2
12836 47 2
12837 49 4
12838 89 2
12841 36 1
12842 50 4
12843 179 3
12846 48 4
12848 72 0
12849 71 2
12851 45 2
12853 72 2
12854 72 3
12855 48 2
12856 60 0
12859 74 5
12860 48 4
12862 63 0
12863 80 4
12864 96 3
12865 205 2
12866 49 0
12867 28 0
12870 108 0
12873 47 2
12875 48 4
12877 47 2
12879 48 2
12882 71 2
12886 72 3
12887 58 4
12889 62 3
12890 90 5
12891 72 0
12893 120 3
12898 141 2
12899 48 0
12900 72 4
12904 48 0
12908 48 3
12910 72 2
12911 48 2
12913 68 0
12915 66 4
12916 81 4
12917 71 2
12918 55 4
12919 72 3
12922 48 4
12924 47 3
12925 86 2
12926 70 4
12931 72 0
12932 83 0
12933 85 0
12934 48 0
12936 48 2
12937 48 0
12939 100 2
12940 82 0
12942 64 3
12944 48 4
12947 82 4
12957 62 2
12961 72 4
12964 72 2
12965 58 3
12967 48 4
12968 82 4
12970 167 4
12971 48 4
12974 96 3
12977 72 3
12978 143 2
12980 71 4
12984 96 2
12988 32 4
13003 75 4
13005 160 2
13006 74 5
13008 61 4
13009 47 2
13011 63 4
13013 64 4
13015 72 3
13016 96 4
13019 85 2
13025 58 4
13026 126 4
13030 46 3
13031 70 3
13033 81 2
13034 98 2
13039 96 4
13042 48 2
13044 47 4
13045 72 2
13047 38 4
13055 48 2
13058 59 2
13061 101 2
13063 48 3
13066 72 2
13069 164 4
13070 72 2
13072 48 2
13073 48 2
13074 65 2
13077 75 4
13078 24 2
13081 46 2
13083 90 4
13085 52 4
13093 60 2
13095 72 2
13096 49 4
13101 72 4
13104 119 5
13107 87 2
13109 48 2
13110 98 4
13115 72 2
13116 20 4
13118 92 2
13121 60 4
13125 95 2
13128 57 4
13134 71 4
13135 71 4
13139 69 2
13140 48 2
13143 119 2
13148 175 2
13155 51 5
13158 120 4
13163 62 2
13165 63 2
13171 31 2
13172 66 2
13176 80 2
13178 119 4
13183 45 4
13190 58 2
13191 143 2
13192 62 2
13195 29 4
13196 154 2
13197 38 4
13199 48 4
13201 55 2
13205 82 2
13212 132 2
13213 48 4
13215 48 2
13220 48 4
13221 48 4
13222 47 4
13230 47 2
13235 118 4
13243 48 2
13249 48 4
13286 48 4
13291 32 4
13351 120 4
13358 72 4
13359 96 4
13368 95 5
13528 62 5
